sample_id,video,label,split
train-00001,A/train-00001.mp4,2/0/2/3/高/考/时间/到/。,train
train-00002,A/train-00002.mp4,小时/时间/我/意思/她/明白/。,train
train-00003,A/train-00003.mp4,小/生命/到/家/大/快乐/给/可以/。,train
train-00004,A/train-00004.mp4,美/女/一/。,train
train-00005,A/train-00005.mp4,困难/挑战/忽视/不行/。,train
train-00006,A/train-00006.mp4,学生/这/贫困/学校/退1/。,train
train-00007,A/train-00007.mp4,这/方面/帮助/给/。,train
train-00008,A/train-00008.mp4,一会儿/去/可以/。,train
train-00009,A/train-00009.mp4,开始/一直/要/。,train
train-00010,A/train-00010.mp4,分钟/后2/去/上班2/要/。,train
train-00011,A/train-00011.mp4,都/辛苦/价值/。,train
train-00012,A/train-00012.mp4,都/经过/会/。,train
train-00013,A/train-00013.mp4,都/好/方向/发展/会/。,train
train-00014,A/train-00014.mp4,都/计划/按照/发展/是/。,train
train-00015,A/train-00015.mp4,都/心/顺利/好/。,train
train-00016,A/train-00016.mp4,表情/无力/。,train
train-00017,A/train-00017.mp4,香烟/价格/部分/三/。,train
train-00018,A/train-00018.mp4,大/茂盛/法国/花/名字/吊兰/。,train
train-00019,A/train-00019.mp4,一定1/做/到/可以/。,train
train-00020,A/train-00020.mp4,一定1/分钟/三/刷/要/。,train
train-00021,A/train-00021.mp4,一定1/身体/保养/好/要/。,train
train-00022,A/train-00022.mp4,一年/内/用/可以/。,train
train-00023,A/train-00023.mp4,行李/找/有/快/我/饭店/给/。,train
train-00024,A/train-00024.mp4,书/哪里/开始/都/吸引/会/。,train
train-00025,A/train-00025.mp4,地震/让/城市/都/塌陷/。,train
train-00026,A/train-00026.mp4,声音/都/没有/。,train
train-00027,A/train-00027.mp4,属于1/时间/没有/。,train
train-00028,A/train-00028.mp4,上/火/不/。,train
train-00029,A/train-00029.mp4,一直/说话/没有/。,train
train-00030,A/train-00030.mp4,一般/打折/票/用/商品/价格/打折/票/多少/扣除/。,train
train-00031,A/train-00031.mp4,一般/飞机/书包/最2/大/二/公斤/。,train
train-00032,A/train-00032.mp4,和/去/吃/好不好/？,train
train-00033,A/train-00033.mp4,出事/严重/？,train
train-00034,A/train-00034.mp4,和/照相/。,train
train-00035,A/train-00035.mp4,和/秋千/好不好/？,train
train-00036,A/train-00036.mp4,一路/辛苦/是/。,train
train-00037,A/train-00037.mp4,这里/手机/不一样/。,train
train-00038,A/train-00038.mp4,像/鄙视/笑/声音/。,train
train-00039,A/train-00039.mp4,七月/八月/左右/盐/湖/颜色/美/。,train
train-00040,A/train-00040.mp4,雨/我们/怎么/？,train
train-00041,A/train-00041.mp4,袋子/三/手提箱/提/二/。,train
train-00042,A/train-00042.mp4,分钟/三/到/？,train
train-00043,A/train-00043.mp4,三/夏天/丰收/时间/。,train
train-00044,A/train-00044.mp4,三/大/股票/今天/都/涨/有/。,train
train-00045,A/train-00045.mp4,三层/图书馆/。,train
train-00046,A/train-00046.mp4,上午/温度/三十/五/左右/。,train
train-00047,A/train-00047.mp4,上/一周/我/这里/订/沙发/一/。,train
train-00048,A/train-00048.mp4,上/学/迟到/要/。,train
train-00049,A/train-00049.mp4,上海/今天/天气/阴/改变/小/雨/。,train
train-00050,A/train-00050.mp4,上海/站/到/。,train
train-00051,A/train-00051.mp4,上课/时间/到/？,train
train-00052,A/train-00052.mp4,下/广场/开始/时间/多少/？,train
train-00053,A/train-00053.mp4,下/汽车2/四分钟/到/。,train
train-00054,A/train-00054.mp4,下/月/我/年龄/10/8/。,train
train-00055,A/train-00055.mp4,下/月/我/乘船/美国/去/要/。,train
train-00056,A/train-00056.mp4,雨/大/。,train
train-00057,A/train-00057.mp4,下午/我们/图书馆/去/要/。,train
train-00058,A/train-00058.mp4,下/一周/我们/宿营/去/。,train
train-00059,A/train-00059.mp4,下/次/一定/幸运/会/。,train
train-00060,A/train-00060.mp4,下/次/你/想/去/哪里/？,train
train-00061,A/train-00061.mp4,下/次/迟到/不/。,train
train-00062,A/train-00062.mp4,下/次/再/约会/可以/？,train
train-00063,A/train-00063.mp4,下/次/办/生日/谁/。,train
train-00064,A/train-00064.mp4,下/次/运气/更2/好/。,train
train-00065,A/train-00065.mp4,下/水/管道/堵/。,train
train-00066,A/train-00066.mp4,下班1/和/去/吃/。,train
train-00067,A/train-00067.mp4,下班1/前2/应该/雨/不/。,train
train-00068,A/train-00068.mp4,下班1/陪/你/去/看1/。,train
train-00069,A/train-00069.mp4,上班1/不/？,train
train-00070,A/train-00070.mp4,不/那/时间/。,train
train-00071,A/train-00071.mp4,热/不/？,train
train-00072,A/train-00072.mp4,大/问题/没有/。,train
train-00073,A/train-00073.mp4,你/没关系1/。,train
train-00074,A/train-00074.mp4,义务/推/不行2/。,train
train-00075,A/train-00075.mp4,吃/够/。,train
train-00076,A/train-00076.mp4,香烟/商品/牌子/种类/不一样/纳税/标准/不一样/。,train
train-00077,A/train-00077.mp4,国家/不一样/教育/体系/文化2/背景/不一样/。,train
train-00078,A/train-00078.mp4,不喜欢/。,train
train-00079,A/train-00079.mp4,坏/。,train
train-00080,A/train-00080.mp4,不好意思/。,train
train-00081,A/train-00081.mp4,质量/问题/没有/。,train
train-00082,A/train-00082.mp4,放弃/挑选/不行/。,train
train-00083,A/train-00083.mp4,多/事2/我们/深/思考/要/。,train
train-00084,A/train-00084.mp4,开心/不/没关系2/。,train
train-00085,A/train-00085.mp4,那里/事/忧愁/不/。,train
train-00086,A/train-00086.mp4,担心/不/我们/解决/可以/。,train
train-00087,A/train-00087.mp4,打扰/你/不愿意/。,train
train-00088,A/train-00088.mp4,一直/这里/样子/不/。,train
train-00089,A/train-00089.mp4,咖啡/晚上/睡觉/影响/不愿意/。,train
train-00090,A/train-00090.mp4,不明白/。,train
train-00091,A/train-00091.mp4,都/事/这里/样子/做/可以/不是/。,train
train-00092,A/train-00092.mp4,问题/不是/。,train
train-00093,A/train-00093.mp4,最近/生活/怎么/？,train
train-00094,A/train-00094.mp4,期望/没有/相遇/最/好/。,train
train-00095,A/train-00095.mp4,不/。,train
train-00096,A/train-00096.mp4,谢谢/不/。,train
train-00097,A/train-00097.mp4,突然/忘记/。,train
train-00098,A/train-00098.mp4,感谢/怎么/不知道/。,train
train-00099,A/train-00099.mp4,说/什么/感谢/你/不知道/。,train
train-00100,A/train-00100.mp4,星期/五/前/完成/可以/不行2/不知道/。,train
train-00101,A/train-00101.mp4,说/什么/不知道/。,train
train-00102,A/train-00102.mp4,一直/时间/多少/不知道/。,train
train-00103,A/train-00103.mp4,样子/不管/谢谢/你/要/。,train
train-00104,A/train-00104.mp4,根据/封面/判断/不行2/。,train
train-00105,A/train-00105.mp4,这里/样子/不行/。,train
train-00106,A/train-00106.mp4,他们/丢/不行/。,train
train-00107,A/train-00107.mp4,台2/上/临时/努力/不行2/。,train
train-00108,A/train-00108.mp4,利益/没有/后悔/不/。,train
train-00109,A/train-00109.mp4,坐/那里/学习/不/。,train
train-00110,A/train-00110.mp4,别人/告诉/不/。,train
train-00111,A/train-00111.mp4,喝酒/完成/回家/不/。,train
train-00112,A/train-00112.mp4,老/难受/不/。,train
train-00113,A/train-00113.mp4,电梯/捣乱/不/。,train
train-00114,A/train-00114.mp4,电梯/里/跳/不/。,train
train-00115,A/train-00115.mp4,汽车2/门/近/站/不/。,train
train-00116,A/train-00116.mp4,说/不/。,train
train-00117,A/train-00117.mp4,用/没有/做/不/。,train
train-00118,A/train-00118.mp4,别人/对/你/评价/重视/不/。,train
train-00119,A/train-00119.mp4,垃圾/扔/忘记/不/。,train
train-00120,A/train-00120.mp4,借口/不/今天/完成/一定/。,train
train-00121,A/train-00121.mp4,别人/作业/模仿/不/。,train
train-00122,A/train-00122.mp4,食物/吐/不/。,train
train-00123,A/train-00123.mp4,栏杆/把握/一直/不行2/。,train
train-00124,A/train-00124.mp4,希望/放弃/不/。,train
train-00125,A/train-00125.mp4,这里/赚/一百/万/机会/放弃/不/。,train
train-00126,A/train-00126.mp4,失望/不/。,train
train-00127,A/train-00127.mp4,病/不/。,train
train-00128,A/train-00128.mp4,没关系2/。,train
train-00129,A/train-00129.mp4,紧张/不/。,train
train-00130,A/train-00130.mp4,没关系2/忘记/。,train
train-00131,A/train-00131.mp4,给/对手/分数1/不/。,train
train-00132,A/train-00132.mp4,最后/线/经过/不/。,train
train-00133,A/train-00133.mp4,让/我/等/一直/不/。,train
train-00134,A/train-00134.mp4,机会/掌握/要/。,train
train-00135,A/train-00135.mp4,牛奶/泄漏/不/。,train
train-00136,A/train-00136.mp4,带1/东西/忘记/不/。,train
train-00137,A/train-00137.mp4,电梯/门/依靠/不/。,train
train-00138,A/train-00138.mp4,请客/吃/不/捣乱/会/。,train
train-00139,A/train-00139.mp4,房子/买/重要/。,train
train-00140,A/train-00140.mp4,小/事情1/。,train
train-00141,A/train-00141.mp4,给/你/增加/麻烦/不愿意/。,train
train-00142,A/train-00142.mp4,和/你/合作/开心/。,train
train-00143,A/train-00143.mp4,这里/技术/世界/二/国家/有/。,train
train-00144,A/train-00144.mp4,世界/稳定/不/改变/不是/。,train
train-00145,A/train-00145.mp4,世界/每/国家/为/中/东/和平/做/什么/可以/？,train
train-00146,A/train-00146.mp4,业余/时间/你/做/什么/？,train
train-00147,A/train-00147.mp4,东京/东西/贵/。,train
train-00148,A/train-00148.mp4,东2/北/黑/土地/对/国家/粮食/安全/重要/。,train
train-00149,A/train-00149.mp4,东2/北/黑/土地/我/国家/重要/农业/生产1/基/房/是/。,train
train-00150,A/train-00150.mp4,东2/北/黑/土地/发展/危险1/。,train
train-00151,A/train-00151.mp4,东2/南/亚洲/种植/榴莲/中国/人/买/多/。,train
train-00152,A/train-00152.mp4,东2/岛屿/中国/西沙群岛/属于3/。,train
train-00153,A/train-00153.mp4,他俩/说话/没有/。,train
train-00154,A/train-00154.mp4,左右/短/后/短/不/。,train
train-00155,A/train-00155.mp4,冬天/树/冷2/死/多/。,train
train-00156,A/train-00156.mp4,有/设计/材料/不一样/价格/不一样/。,train
train-00157,A/train-00157.mp4,中国/俄罗斯/关系/一直/好/。,train
train-00158,A/train-00158.mp4,中午/休息/。,train
train-00159,A/train-00159.mp4,中午/饭/吃/坏/。,train
train-00160,A/train-00160.mp4,中国/GDP/稳定/升/。,train
train-00161,A/train-00161.mp4,中国/人/储蓄/喜欢/地球/著名/。,train
train-00162,A/train-00162.mp4,中国/解决/南海/问题/方法/和平/。,train
train-00163,A/train-00163.mp4,中国/信息/通信/发展/快/。,train
train-00164,A/train-00164.mp4,中国/北/方/沙子/狂风/哪里/来/？,train
train-00165,A/train-00165.mp4,中国/古代/人/这里/湖/了解2/少/。,train
train-00166,A/train-00166.mp4,中国/海南/种植/榴莲/三/万/亩/超/。,train
train-00167,A/train-00167.mp4,中国/粮食/安全/重视/。,train
train-00168,A/train-00168.mp4,中国/香烟/税收/百分数/五/。,train
train-00169,A/train-00169.mp4,中国/世界/第二2/经济/身体/是/。,train
train-00170,A/train-00170.mp4,中国/消费1/能力/提高/有/。,train
train-00171,A/train-00171.mp4,中国/世界/人/最2/多/。,train
train-00172,A/train-00172.mp4,中国/种植/榴莲/运输/优势/有/，/新鲜/更1/。,train
train-00173,A/train-00173.mp4,中国/香烟/公司/世界/第二2/上/市1/公司/是/。,train
train-00174,A/train-00174.mp4,中国/自来水/喝/不行2/煮/要/。,train
train-00175,A/train-00175.mp4,中国/队伍/决赛/进/完了/。,train
train-00176,A/train-00176.mp4,中国/美国/友谊/进步/有/。,train
train-00177,A/train-00177.mp4,为/减少/重量/她/每天/跑步/。,train
train-00178,A/train-00178.mp4,为/生活/我/一/月/赚/五/千/香港/钱/希望/。,train
train-00179,A/train-00179.mp4,不信/为什么/？,train
train-00180,A/train-00180.mp4,他/车/凹/有/为什么/？,train
train-00181,A/train-00181.mp4,这里/样/为什么/？,train
train-00182,A/train-00182.mp4,在/家/为什么/？,train
train-00183,A/train-00183.mp4,为什么/？,train
train-00184,A/train-00184.mp4,它/属性/好/为什么/？,train
train-00185,A/train-00185.mp4,带鱼/中国/人/喜欢/为什么/？,train
train-00186,A/train-00186.mp4,中国/八/小时/工作/执行/不能2/为什么/？,train
train-00187,A/train-00187.mp4,给/我/增加/麻烦/为什么/？,train
train-00188,A/train-00188.mp4,乱/为什么/？,train
train-00189,A/train-00189.mp4,这里/事情/发现/为什么/？,train
train-00190,A/train-00190.mp4,香皂/卖/降/百分数/十/为什么/？,train
train-00191,A/train-00191.mp4,足球/比赛/逃跑/课/看/不能2/。,train
train-00192,A/train-00192.mp4,为/社会/贡献/。,train
train-00193,A/train-00193.mp4,标题/教育/深/真1/做/要/。,train
train-00194,A/train-00194.mp4,乘客/意见/怎么/？,train
train-00195,A/train-00195.mp4,这里/样子/东西/给/我/。,train
train-00196,A/train-00196.mp4,蛋糕1/像/。,train
train-00197,A/train-00197.mp4,书/到/我/电话/会/。,train
train-00198,A/train-00198.mp4,书/汉/字/多/。,train
train-00199,A/train-00199.mp4,书/后/页/模糊/。,train
train-00200,A/train-00200.mp4,书/店/五/周年/祝/都/广场/钱/降/百分数/30/5/。,train
train-00201,A/train-00201.mp4,书/店/第一次/这里/活动/不是/。,train
train-00202,A/train-00202.mp4,买/多/打折/票/给/。,train
train-00203,A/train-00203.mp4,花生/随便2/丢/文明/不/。,train
train-00204,A/train-00204.mp4,吵架/时间/长/她/安静/。,train
train-00205,A/train-00205.mp4,事情/发展/怎么/？,train
train-00206,A/train-00206.mp4,二/楼层/我们/宿舍/是/。,train
train-00207,A/train-00207.mp4,二氧化碳/改变/汽油/技术/研究/阶段2/是/。,train
train-00208,A/train-00208.mp4,二氧化碳/改变/汽油/技术/鼓励/多/创新/。,train
train-00209,A/train-00209.mp4,云/吞/面/好/。,train
train-00210,A/train-00210.mp4,五/谷/种植/根据/土地/改变/可以/。,train
train-00211,A/train-00211.mp4,大/自然/美好/享受/要/。,train
train-00212,A/train-00212.mp4,一天/享受/有/。,train
train-00213,A/train-00213.mp4,亲爱/生日/快乐/。,train
train-00214,A/train-00214.mp4,人/自然/共/生/关系/是/。,train
train-00215,A/train-00215.mp4,人/无线电话/救/信号/发/可以/。,train
train-00216,A/train-00216.mp4,这里/人/咖啡/喝/聊天/可以/。,train
train-00217,A/train-00217.mp4,政治/党2/人/选择/投票/怎么/？,train
train-00218,A/train-00218.mp4,人/生活/成本/高/。,train
train-00219,A/train-00219.mp4,人/消费1/观念/市场/改变/有/。,train
train-00220,A/train-00220.mp4,人/生活/物质2/一/要/不是/。,train
train-00221,A/train-00221.mp4,他/劣迹/人们/说/有/。,train
train-00222,A/train-00222.mp4,人/口/老/改变/严重/。,train
train-00223,A/train-00223.mp4,人民/医院/哪/？,train
train-00224,A/train-00224.mp4,人民/生活/水平/提高/。,train
train-00225,A/train-00225.mp4,人生/困难/失败/多/。,train
train-00226,A/train-00226.mp4,人类/正常/生活/一样/。,train
train-00227,A/train-00227.mp4,人/都/到/？,train
train-00228,A/train-00228.mp4,高兴/为什么/？,train
train-00229,A/train-00229.mp4,什么/情况/？,train
train-00230,A/train-00230.mp4,疼痛2/什么/时间/开始/？,train
train-00231,A/train-00231.mp4,怀孕/心/声音/什么/时间/听/可以/？,train
train-00232,A/train-00232.mp4,内阁/什么/？,train
train-00233,A/train-00233.mp4,卡拉ok/什么/？,train
train-00234,A/train-00234.mp4,这里/接受/房/赚/钱/可以/谁/说/。,train
train-00235,A/train-00235.mp4,都/问题/可以/？,train
train-00236,A/train-00236.mp4,今天/和/去/玩/怎么/？,train
train-00237,A/train-00237.mp4,今天/上午/饭/吃/完/。,train
train-00238,A/train-00238.mp4,今天/天气/冷/不/热/不/。,train
train-00239,A/train-00239.mp4,今天/休息/。,train
train-00240,A/train-00240.mp4,今天/下雨/不/？,train
train-00241,A/train-00241.mp4,今天/现在/完成/。,train
train-00242,A/train-00242.mp4,今天/日期/什么/？,train
train-00243,A/train-00243.mp4,今天/太阳/有/。,train
train-00244,A/train-00244.mp4,今天/工资/发/。,train
train-00245,A/train-00245.mp4,今天/兴趣/事情/有/。,train
train-00246,A/train-00246.mp4,今天/天气/好/你/好/？,train
train-00247,A/train-00247.mp4,今天/天气/好/真/。,train
train-00248,A/train-00248.mp4,今天/烦闷/最1/。,train
train-00249,A/train-00249.mp4,今天/妈妈/护送/你/学校/去/会/。,train
train-00250,A/train-00250.mp4,今天/学校/休息/。,train
train-00251,A/train-00251.mp4,今天/暴风骤雨/有/。,train
train-00252,A/train-00252.mp4,今天/旷工/有/。,train
train-00253,A/train-00253.mp4,今天/心情/好/很/。,train
train-00254,A/train-00254.mp4,今天/这里/报告/完成/要/。,train
train-00255,A/train-00255.mp4,今天/忙/一直/。,train
train-00256,A/train-00256.mp4,今天/我/早/睡觉/不/。,train
train-00257,A/train-00257.mp4,今天/我们/新/课/。,train
train-00258,A/train-00258.mp4,今天/我们/课/逃/怎么/？,train
train-00259,A/train-00259.mp4,今天/我/心情/可以/。,train
train-00260,A/train-00260.mp4,今天/我/想/再/买/沙发/套/。,train
train-00261,A/train-00261.mp4,今天/我/工作1/多/。,train
train-00262,A/train-00262.mp4,今天/新/员工/来/有/。,train
train-00263,A/train-00263.mp4,今天/早上1/感觉/怎么/？,train
train-00264,A/train-00264.mp4,今天/早上1/吃/什么/？,train
train-00265,A/train-00265.mp4,今天/明天/时间/没有/。,train
train-00266,A/train-00266.mp4,今天/一星期/多少/？,train
train-00267,A/train-00267.mp4,今天/周一/。,train
train-00268,A/train-00268.mp4,今天/周五/。,train
train-00269,A/train-00269.mp4,今天/周日/。,train
train-00270,A/train-00270.mp4,今天/晚上/海边/去/。,train
train-00271,A/train-00271.mp4,今天/晚上/跳舞/去/。,train
train-00272,A/train-00272.mp4,今天/晚上/吃/什么/？,train
train-00273,A/train-00273.mp4,今天/特别/价钱/有/？,train
train-00274,A/train-00274.mp4,今天/祝/生日/是/。,train
train-00275,A/train-00275.mp4,今天/人民/汇率/多少/？,train
train-00276,A/train-00276.mp4,今天/天气/舒服/不/。,train
train-00277,A/train-00277.mp4,今天/学校/用/品/什么/？,train
train-00278,A/train-00278.mp4,今天/早上1/吃/好/。,train
train-00279,A/train-00279.mp4,今天/温度/多少/？,train
train-00280,A/train-00280.mp4,今天/温度/零/下/九/摄氏度/。,train
train-00281,A/train-00281.mp4,今天/牛/肉/好/。,train
train-00282,A/train-00282.mp4,今天/幸运/。,train
train-00283,A/train-00283.mp4,今天/吃/好/。,train
train-00284,A/train-00284.mp4,今天/老师/称赞（我）/有/。,train
train-00285,A/train-00285.mp4,今天/加班/要/。,train
train-00286,A/train-00286.mp4,今天/垃圾/你/丢/。,train
train-00287,A/train-00287.mp4,今天/我们/扫地/卫生/要/。,train
train-00288,A/train-00288.mp4,今天/开心/？,train
train-00289,A/train-00289.mp4,今天/倒霉/。,train
train-00290,A/train-00290.mp4,今天/这里/冰淇淋/打折/可以/？,train
train-00291,A/train-00291.mp4,今天/冷/很1/。,train
train-00292,A/train-00292.mp4,今天/天气/舒服/美丽/。,train
train-00293,A/train-00293.mp4,今天/狂风/。,train
train-00294,A/train-00294.mp4,今天/年/夏天/时间/长/。,train
train-00295,A/train-00295.mp4,今天/年/房/价格/上升/快/。,train
train-00296,A/train-00296.mp4,今天/年/天气/正常/不/。,train
train-00297,A/train-00297.mp4,今天/早上1/我/表面/考试/有/。,train
train-00298,A/train-00298.mp4,今天/晚上/你/加班/？,train
train-00299,A/train-00299.mp4,今天/晚上/你/时间/有/？,train
train-00300,A/train-00300.mp4,今天/晚上/我们/和/看/电影/。,train
train-00301,A/train-00301.mp4,今天/晚上/我/约会/有/。,train
train-00302,A/train-00302.mp4,今天/晚上/时间/没有/。,train
train-00303,A/train-00303.mp4,今天/晚上/瑜伽/课/开始/什么/时间/？,train
train-00304,A/train-00304.mp4,今天/晚上/帮助（我）/照顾/小孩/可以/？,train
train-00305,A/train-00305.mp4,自己/角/程度/考虑/你/对/买/快递/速度/要求/。,train
train-00306,A/train-00306.mp4,书/电视/里/学/。,train
train-00307,A/train-00307.mp4,他/说/声音/判断/他/南2/方/人/。,train
train-00308,A/train-00308.mp4,现实/角/程度/开始/。,train
train-00309,A/train-00309.mp4,他/快/说/重2/点/。,train
train-00310,A/train-00310.mp4,他/一分钟/等/不行2/。,train
train-00311,A/train-00311.mp4,他/表情/满意/看（我）/。,train
train-00312,A/train-00312.mp4,他/让/你/失望/不/。,train
train-00313,A/train-00313.mp4,他无聊/事情2/没有/不喜欢/。,train
train-00314,A/train-00314.mp4,他/告诉（我）/不/勇敢/。,train
train-00315,A/train-00315.mp4,他/车/停止/那/不/勇敢/。,train
train-00316,A/train-00316.mp4,他/厌烦/说/。,train
train-00317,A/train-00317.mp4,他/和/他/哥哥/弟弟/脸/一样/。,train
train-00318,A/train-00318.mp4,他/礼貌/不/为什么/？,train
train-00319,A/train-00319.mp4,他/自己/来/看（我）/。,train
train-00320,A/train-00320.mp4,他/我们/今天/向导/是/？,train
train-00321,A/train-00321.mp4,他/以前/提/你/名字/有/。,train
train-00322,A/train-00322.mp4,他/目标/成功1/作家/是/。,train
train-00323,A/train-00323.mp4,他/答应/回答/我/问题/。,train
train-00324,A/train-00324.mp4,他/对/你/人生/负责/不/。,train
train-00325,A/train-00325.mp4,他们/看1/发现/有/。,train
train-00326,A/train-00326.mp4,他们/从/事实/结果/收获/有/。,train
train-00327,A/train-00327.mp4,他们/没必要/消费/减少/。,train
train-00328,A/train-00328.mp4,他们/表扬/他/有/。,train
train-00329,A/train-00329.mp4,他们/对/我们/这/方/面/研究/评价/高/。,train
train-00330,A/train-00330.mp4,他们/半/小时/到/。,train
train-00331,A/train-00331.mp4,他们/降/6/月/超/。,train
train-00332,A/train-00332.mp4,他们/平均/每天/工作/10/小时/。,train
train-00333,A/train-00333.mp4,他们/开始/储备/冬天/用/木/。,train
train-00334,A/train-00334.mp4,他们/再/试/运气/想/。,train
train-00335,A/train-00335.mp4,他们/拥护/他/做/君主/。,train
train-00336,A/train-00336.mp4,他们/星期六/门/开/？,train
train-00337,A/train-00337.mp4,他们/我/朋友/是/。,train
train-00338,A/train-00338.mp4,他们/现在/冷/战斗/。,train
train-00339,A/train-00339.mp4,他们/商业/在/那/交易/亏本/有/。,train
train-00340,A/train-00340.mp4,他们/衣服/红/白/有/。,train
train-00341,A/train-00341.mp4,他们/认为/一天/走/40/英国{英国词汇第1个手势动作}/里/无所谓/。,train
train-00342,A/train-00342.mp4,他们/说/我/条件/好/。,train
train-00343,A/train-00343.mp4,他们/聘用/他/做/顾问/。,train
train-00344,A/train-00344.mp4,他/回忆/什么/像/？,train
train-00345,A/train-00345.mp4,他/让/我/想/他/弟弟/有/。,train
train-00346,A/train-00346.mp4,他/房/修理/完了/。,train
train-00347,A/train-00347.mp4,他/停止/有/。,train
train-00348,A/train-00348.mp4,他/偷/你/什么/？,train
train-00349,A/train-00349.mp4,他/心/愁眉苦脸/笑/。,train
train-00350,A/train-00350.mp4,他/说/不行2/。,train
train-00351,A/train-00351.mp4,他/出生/纽约/。,train
train-00352,A/train-00352.mp4,他/刚才/在/旅馆/办/住/手续/。,train
train-00353,A/train-00353.mp4,他/年龄/十/八/高中/毕业/有/。,train
train-00354,A/train-00354.mp4,他/去/拿/碗/。,train
train-00355,A/train-00355.mp4,他/又/违反2/承诺/。,train
train-00356,A/train-00356.mp4,他/高/瘦/。,train
train-00357,A/train-00357.mp4,他/小孩/是/。,train
train-00358,A/train-00358.mp4,他/我/年龄/一样/。,train
train-00359,A/train-00359.mp4,他/哥哥/开车/。,train
train-00360,A/train-00360.mp4,他/教室/睡觉/喜欢/。,train
train-00361,A/train-00361.mp4,他/病/来/没有/。,train
train-00362,A/train-00362.mp4,他/钱/不够/手表/买/不行/。,train
train-00363,A/train-00363.mp4,他/在/超市/卖/肉/。,train
train-00364,A/train-00364.mp4,他/在/农村/生活/幸福/。,train
train-00365,A/train-00365.mp4,他/在/湖/最后/发现/船/。,train
train-00366,A/train-00366.mp4,他/钱/筹备/。,train
train-00367,A/train-00367.mp4,他/花园/中间/种植/玫瑰花/。,train
train-00368,A/train-00368.mp4,他/英语/超过/别人/会/。,train
train-00369,A/train-00369.mp4,他/选举2/胜利1/。,train
train-00370,A/train-00370.mp4,他/说/你/警察/打/他/有/。,train
train-00371,A/train-00371.mp4,他/大/部分/时间/网络/和/朋友/聊天/。,train
train-00372,A/train-00372.mp4,他/对/数学/兴趣/没有/。,train
train-00373,A/train-00373.mp4,他/对/这/问题/考虑/多少/天/最后/决定/。,train
train-00374,A/train-00374.mp4,他/工作1/落后/。,train
train-00375,A/train-00375.mp4,他/习惯/在/外/吃饭/。,train
train-00376,A/train-00376.mp4,他/结婚/完了/。,train
train-00377,A/train-00377.mp4,他/对/这/交通/出事/负责/要/。,train
train-00378,A/train-00378.mp4,他/建议/你/现在/去/。,train
train-00379,A/train-00379.mp4,他/建议/外/和/吃/。,train
train-00380,A/train-00380.mp4,他/开车/慢/。,train
train-00381,A/train-00381.mp4,他/弟弟/去/银行/取/钱/。,train
train-00382,A/train-00382.mp4,他/弟弟/开车/技术/好/是/？,train
train-00383,A/train-00383.mp4,他/弟弟/让/他/朋友/开车/。,train
train-00384,A/train-00384.mp4,别人/了解/他/他/高兴/。,train
train-00385,A/train-00385.mp4,他/必须/赔偿/。,train
train-00386,A/train-00386.mp4,他/走/快/。,train
train-00387,A/train-00387.mp4,他/经常/晚上/吃/完/直接/睡觉/。,train
train-00388,A/train-00388.mp4,他/经常/吹牛/。,train
train-00389,A/train-00389.mp4,他/经常/不愿意/我/在/房/吸烟/。,train
train-00390,A/train-00390.mp4,他/经常/认为/自己/落后/。,train
train-00391,A/train-00391.mp4,他/情绪/失望/。,train
train-00392,A/train-00392.mp4,他/承认/工作1/错/有/。,train
train-00393,A/train-00393.mp4,他/书/合/。,train
train-00394,A/train-00394.mp4,他/大/部分/钱/捐献/慈善/事业/有/。,train
train-00395,A/train-00395.mp4,他/汽车/借2/弟弟/。,train
train-00396,A/train-00396.mp4,他/故意/撞/那/老/人/。,train
train-00397,A/train-00397.mp4,他/抽烟/喝/酒/不/。,train
train-00398,A/train-00398.mp4,他/偶尔2/答应/。,train
train-00399,A/train-00399.mp4,他/昨天/不/在/这/。,train
train-00400,A/train-00400.mp4,他/厉害/球员/是/。,train
train-00401,A/train-00401.mp4,他/上/门/女婿/是/。,train
train-00402,A/train-00402.mp4,他/工作1/努力/。,train
train-00403,A/train-00403.mp4,他/优秀/少年/是/。,train
train-00404,A/train-00404.mp4,他/好/人/是/。,train
train-00405,A/train-00405.mp4,他/善良/人/是/。,train
train-00406,A/train-00406.mp4,他/谦虚/人/是/。,train
train-00407,A/train-00407.mp4,他/性格/开朗/。,train
train-00408,A/train-00408.mp4,他/能力/有/。,train
train-00409,A/train-00409.mp4,他/人/坏/。,train
train-00410,A/train-00410.mp4,他/承诺/违反2/。,train
train-00411,A/train-00411.mp4,我/在/哪/他/知道/为什么/？,train
train-00412,A/train-00412.mp4,他/我/同学/是/。,train
train-00413,A/train-00413.mp4,他/我/爸爸/是/记忆/？,train
train-00414,A/train-00414.mp4,他/我/同学/是/。,train
train-00415,A/train-00415.mp4,他/脾气/好/。,train
train-00416,A/train-00416.mp4,他/常识/丰富/。,train
train-00417,A/train-00417.mp4,他/收入/高/。,train
train-00418,A/train-00418.mp4,他/记忆/力/强/。,train
train-00419,A/train-00419.mp4,他/碰巧1/外/国家/去/。,train
train-00420,A/train-00420.mp4,他/重要/工作2/解决/忙/。,train
train-00421,A/train-00421.mp4,他/比/上/次/见面/更2/胖/。,train
train-00422,A/train-00422.mp4,他/年龄/比/我/小/2/。,train
train-00423,A/train-00423.mp4,他/一直/爱情/有/不/可能1/。,train
train-00424,A/train-00424.mp4,他/激动/反抗/逮捕/。,train
train-00425,A/train-00425.mp4,他/说/没有/走/引/我/奇怪1/。,train
train-00426,A/train-00426.mp4,他/书/上/周/出版/。,train
train-00427,A/train-00427.mp4,他/儿子2/发烧/。,train
train-00428,A/train-00428.mp4,他/名字/记忆/不行2/。,train
train-00429,A/train-00429.mp4,他/工作1/态度/认真/不/。,train
train-00430,A/train-00430.mp4,他/样子/经常/滑稽/。,train
train-00431,A/train-00431.mp4,他/理解/力/强/。,train
train-00432,A/train-00432.mp4,他/耳/疼痛2/怎么/？,train
train-00433,A/train-00433.mp4,他/看/苦闷/。,train
train-00434,A/train-00434.mp4,他/真1/厉害/。,train
train-00435,A/train-00435.mp4,他/真/这/样子/说/？,train
train-00436,A/train-00436.mp4,他/答应/明天/还/钱/。,train
train-00437,A/train-00437.mp4,他/紧/我/手/。,train
train-00438,A/train-00438.mp4,他/经常/喝/奶茶/。,train
train-00439,A/train-00439.mp4,他/被子/。,train
train-00440,A/train-00440.mp4,他/继续/说/自己/事/。,train
train-00441,A/train-00441.mp4,他/勇敢/气/不够/。,train
train-00442,A/train-00442.mp4,他/辜负/他/妻子/。,train
train-00443,A/train-00443.mp4,他/自己/成立/公司/。,train
train-00444,A/train-00444.mp4,他/年轻/但是1/知识/多/。,train
train-00445,A/train-00445.mp4,他/上班2/时间/玩2/Q/Q/游戏/被/发现/最后/开除/。,train
train-00446,A/train-00446.mp4,他/被/培养/做/律师/。,train
train-00447,A/train-00447.mp4,他/被/邀请/在/这/电视/扮演/。,train
train-00448,A/train-00448.mp4,他/说/笑/说/我们/喜欢/。,train
train-00449,A/train-00449.mp4,他/想/让/我/相信/他/真/。,train
train-00450,A/train-00450.mp4,他/说/真/。,train
train-00451,A/train-00451.mp4,他/说/别人/生气/。,train
train-00452,A/train-00452.mp4,他/你/像/。,train
train-00453,A/train-00453.mp4,他/身体/发育/成熟/。,train
train-00454,A/train-00454.mp4,他/身体/转/走/。,train
train-00455,A/train-00455.mp4,他/家/不/在/？,train
train-00456,A/train-00456.mp4,他/想/法1/告诉/儿子/。,train
train-00457,A/train-00457.mp4,他/旅游/纪念/品/送（我）/。,train
train-00458,A/train-00458.mp4,他/脸/像/谁/。,train
train-00459,A/train-00459.mp4,他/表情/不满/。,train
train-00460,A/train-00460.mp4,他/做/慈善/喜欢/。,train
train-00461,A/train-00461.mp4,他/耐心/没有/。,train
train-00462,A/train-00462.mp4,消费1/停止/日期/？,train
train-00463,A/train-00463.mp4,消费1/停止/日期/30/号/。,train
train-00464,A/train-00464.mp4,代/人/梦想/实现/。,train
train-00465,A/train-00465.mp4,以前/这/情况/有/。,train
train-00466,A/train-00466.mp4,以后/我/想/在/院子/种植/好/看/。,train
train-00467,A/train-00467.mp4,价格/贵/但是1/质量/好/。,train
train-00468,A/train-00468.mp4,价格/还/可以/。,train
train-00469,A/train-00469.mp4,全/议会/成员/制定/法律/可以/？,train
train-00470,A/train-00470.mp4,都/时间/你/依靠/我/可以/。,train
train-00471,A/train-00471.mp4,都/时间/热/水/有/？,train
train-00472,A/train-00472.mp4,都/议会/成员/提案/法律/可以/。,train
train-00473,A/train-00473.mp4,聊天/家/常常/像/。,train
train-00474,A/train-00474.mp4,休息/时间/完了/。,train
train-00475,A/train-00475.mp4,都/人/安静/。,train
train-00476,A/train-00476.mp4,都/人/问/罪行/。,train
train-00477,A/train-00477.mp4,打折/票/有效2/时间/多少/？,train
train-00478,A/train-00478.mp4,没用2/东西/但是1/打折/买/会/？,train
train-00479,A/train-00479.mp4,新1/开始/会/。,train
train-00480,A/train-00480.mp4,越来越1/多/人/小康/生活/有/。,train
train-00481,A/train-00481.mp4,开会/成功/。,train
train-00482,A/train-00482.mp4,伤口/还/疼痛2/？,train
train-00483,A/train-00483.mp4,像/没必要/。,train
train-00484,A/train-00484.mp4,希望/他们/意见/一样/可以/。,train
train-00485,A/train-00485.mp4,希望/噪音/影响/你/没有/。,train
train-00486,A/train-00486.mp4,非法/事/做/不/。,train
train-00487,A/train-00487.mp4,他/恋爱/甜蜜/。,train
train-00488,A/train-00488.mp4,你/围绕/我/不/。,train
train-00489,A/train-00489.mp4,他/早上1/昏倒/有/。,train
train-00490,A/train-00490.mp4,你/拼凑/图/会/？,train
train-00491,B/train-00491.mp4,但是/如果/下/次/我/用/他/买/东西2/便宜/多少/？,train
train-00492,B/train-00492.mp4,但是/我/希望/你/想/做/事情/做/可以/。,train
train-00493,B/train-00493.mp4,但是/现在/金2/现在/没有2/。,train
train-00494,B/train-00494.mp4,体育/强/中国/强/。,train
train-00495,B/train-00495.mp4,体育/用/东西2/楼层/多少/？,train
train-00496,B/train-00496.mp4,佛教/展览馆/现在/开放/？,train
train-00497,B/train-00497.mp4,作业/揣/完了/？,train
train-00498,B/train-00498.mp4,你/一周/锻炼2/多少/次/？,train
train-00499,B/train-00499.mp4,你/年龄/21/这里/事情/值/骄傲1/。,train
train-00500,B/train-00500.mp4,你/一定1/误会/是/。,train
train-00501,B/train-00501.mp4,你/成功1/一定1/可以/。,train
train-00502,B/train-00502.mp4,你/变化/没有2/。,train
train-00503,B/train-00503.mp4,你/早上1/吃饭/时间/多少/？,train
train-00504,B/train-00504.mp4,你/丈夫/又/殴打/你/。,train
train-00505,B/train-00505.mp4,你/上班/时候/你/孩子/谁/照顾/？,train
train-00506,B/train-00506.mp4,你/下/星期日/再/来/看1/。,train
train-00507,B/train-00507.mp4,你/不/应该/这里/样子/做/。,train
train-00508,B/train-00508.mp4,你/玩笑/是/。,train
train-00509,B/train-00509.mp4,你/以前/这里/样子/说/不是/。,train
train-00510,B/train-00510.mp4,你/和/他/职员/合作/好/不行/。,train
train-00511,B/train-00511.mp4,你/不/舒服/是/？,train
train-00512,B/train-00512.mp4,你/自由/生气/不/。,train
train-00513,B/train-00513.mp4,你/冲动/不/。,train
train-00514,B/train-00514.mp4,你/汤/煮/悠久/不/。,train
train-00515,B/train-00515.mp4,洗洁精/多/你/感觉/没有2/？,train
train-00516,B/train-00516.mp4,你/说/没有2/我/一样/会/做/。,train
train-00517,B/train-00517.mp4,你/自己/性质/最2/大/特点/是/什么/？,train
train-00518,B/train-00518.mp4,你/不/和/我/搭车/为什么/？,train
train-00519,B/train-00519.mp4,你/不/吃/为什么/？,train
train-00520,B/train-00520.mp4,这里/海/新鲜/不/吃/为什么/？,train
train-00521,B/train-00521.mp4,你/喜欢/我/为什么/？,train
train-00522,B/train-00522.mp4,你/在/卫生间/悠久/为什么/？,train
train-00523,B/train-00523.mp4,我/轿车/你/驾驶/为什么/？,train
train-00524,B/train-00524.mp4,汤/倒/为什么/？,train
train-00525,B/train-00525.mp4,你/努力/为什么/？,train
train-00526,B/train-00526.mp4,你/说/这里/为什么/？,train
train-00527,B/train-00527.mp4,你/做/这里/为什么/？,train
train-00528,B/train-00528.mp4,你/又/叹气/为什么/？,train
train-00529,B/train-00529.mp4,你/生活/舒服/不行/。,train
train-00530,B/train-00530.mp4,你/实验1/可以/。,train
train-00531,B/train-00531.mp4,配套/东西2/你/买/了/来/我们/这里/保护/皮肤/免费/可以/。,train
train-00532,B/train-00532.mp4,你/胡说2/什么/。,train
train-00533,B/train-00533.mp4,你/出差/什么/时候/？,train
train-00534,B/train-00534.mp4,你/回家1/什么/时候/？,train
train-00535,B/train-00535.mp4,你/什么/时候/来/？,train
train-00536,B/train-00536.mp4,你/什么/时候/开始/写字/作业/？,train
train-00537,B/train-00537.mp4,你/搬家/什么/时候/？,train
train-00538,B/train-00538.mp4,你/作业/什么/时候/写字/了/可以/？,train
train-00539,B/train-00539.mp4,你/今天/回家2/晚上/是/？,train
train-00540,B/train-00540.mp4,你/今天/发挥/超/。,train
train-00541,B/train-00541.mp4,你/今天/吃/什么/？,train
train-00542,B/train-00542.mp4,今天/早上1/我/看1/你/精神/坏/。,train
train-00543,B/train-00543.mp4,你/今天/晚上/安排/有/？,train
train-00544,B/train-00544.mp4,你/今天/少/坏/。,train
train-00545,B/train-00545.mp4,你/今天/做/什么/？,train
train-00546,B/train-00546.mp4,你/今天/年/课程/表格/进度/怎么样/？,train
train-00547,B/train-00547.mp4,我/明天/请假/你/生气/会/？,train
train-00548,B/train-00548.mp4,说/英语/你/哪里/学习1/会/？,train
train-00549,B/train-00549.mp4,你/感觉/你/是/谁/。,train
train-00550,B/train-00550.mp4,这/关系/工作/你/以前/体会/有/？,train
train-00551,B/train-00551.mp4,你/以前/在/哪里/工作/？,train
train-00552,B/train-00552.mp4,你/以前/职务/履历/什么/？,train
train-00553,B/train-00553.mp4,你/吃/完了/没有2/我们/哪里/都/不/去/。,train
train-00554,B/train-00554.mp4,你/客气/不/。,train
train-00555,B/train-00555.mp4,你们/吵架/不/。,train
train-00556,B/train-00556.mp4,你俩/吵架/不/。,train
train-00557,B/train-00557.mp4,展示/你们/一样/去/看1/？,train
train-00558,B/train-00558.mp4,你们/今天/晚上/空/房/有/？,train
train-00559,B/train-00559.mp4,你们/首先/吃饭/。,train
train-00560,B/train-00560.mp4,你们/去/我/去/。,train
train-00561,B/train-00561.mp4,你们/来/我/家/帮助（我）/安装/可以/？,train
train-00562,B/train-00562.mp4,饮料/你们/提供/哪几个/？,train
train-00563,B/train-00563.mp4,我/说/你们/同意1/？,train
train-00564,B/train-00564.mp4,你们/国家/政治/体系/怎么/做/？,train
train-00565,B/train-00565.mp4,结婚/照片/你们/在/哪里/摄影/？,train
train-00566,B/train-00566.mp4,你们/差不多/什么/时候/决定/？,train
train-00567,B/train-00567.mp4,你/家/狗1/可以/爱/。,train
train-00568,B/train-00568.mp4,你们/准备/（你）给（我）/安排/什么/职位/？,train
train-00569,B/train-00569.mp4,你们/上/去/不/。,train
train-00570,B/train-00570.mp4,你们/做/什么/？,train
train-00571,B/train-00571.mp4,你们/穿/这里/样子/为什么/？,train
train-00572,B/train-00572.mp4,你们/计划/蜜月/哪里/生活/？,train
train-00573,B/train-00573.mp4,分开2/期间/钱/消费1/买/方法/服务/你们/提供/可以/？,train
train-00574,B/train-00574.mp4,新1/房子/你们/搬家/完了/？,train
train-00575,B/train-00575.mp4,信用卡/你们/接受/？,train
train-00576,B/train-00576.mp4,写字/工作/秘书/你们/现在/招聘/是/？,train
train-00577,B/train-00577.mp4,生日1/你们/怎么/庆祝/？,train
train-00578,B/train-00578.mp4,你们/出租/房子/样子/什么/？,train
train-00579,B/train-00579.mp4,特殊/卖/东西2/你们/有/？,train
train-00580,B/train-00580.mp4,你们/情况/有/什么/？,train
train-00581,B/train-00581.mp4,你们/计划/有/？,train
train-00582,B/train-00582.mp4,你们/单/房子/有/？,train
train-00583,B/train-00583.mp4,像/这里/样子/东西2/你们/有/？,train
train-00584,B/train-00584.mp4,搬家/你们/想/经过/？,train
train-00585,B/train-00585.mp4,更1/大/房子/你们/有/？,train
train-00586,B/train-00586.mp4,纯棉/裤子/你们/有/？,train
train-00587,B/train-00587.mp4,六一节/表演/你们/班1/开始/准备/？,train
train-00588,B/train-00588.mp4,你们/办公室/在/哪里/？,train
train-00589,B/train-00589.mp4,这里/合同/内容/你们/看1/。,train
train-00590,B/train-00590.mp4,我/行李/你们/帮助（我）/保管/可以/？,train
train-00591,B/train-00591.mp4,你们/增加/东西2/可以/？,train
train-00592,B/train-00592.mp4,普通/艺术/照片/你们/要/哪些1/？,train
train-00593,B/train-00593.mp4,你们/谁/去/？,train
train-00594,B/train-00594.mp4,他/颜色/你们/有/？,train
train-00595,B/train-00595.mp4,空/房/你们/还/有/？,train
train-00596,B/train-00596.mp4,增加/着急/服务/你们/提供/可以/？,train
train-00597,B/train-00597.mp4,合同/你们/违反2/。,train
train-00598,B/train-00598.mp4,春节/你们/怎么/庆祝/？,train
train-00599,B/train-00599.mp4,你们/要/什么/文件1/？,train
train-00600,B/train-00600.mp4,你们/要/怎么样/人/？,train
train-00601,B/train-00601.mp4,你/做/到/可以/。,train
train-00602,B/train-00602.mp4,你/会/后悔/。,train
train-00603,B/train-00603.mp4,你/会/？,train
train-00604,B/train-00604.mp4,你/会/实验1/吃/新鲜/蔬菜/水果/。,train
train-00605,B/train-00605.mp4,筷子/你/会/用/？,train
train-00606,B/train-00606.mp4,咖啡/你/自己/煮/会/？,train
train-00607,B/train-00607.mp4,汉语/你/说/会/？,train
train-00608,B/train-00608.mp4,你/居住/哪里/？,train
train-00609,B/train-00609.mp4,你/居住/哪里/村/？,train
train-00610,B/train-00610.mp4,社会/交际/媒体/你/用/什么/？,train
train-00611,B/train-00611.mp4,你/快/帮助/。,train
train-00612,B/train-00612.mp4,你/手枪/来/。,train
train-00613,B/train-00613.mp4,中午/吃饭/晚上/吃饭/你/喜欢/哪些1/？,train
train-00614,B/train-00614.mp4,你/做/事情/要/小心/。,train
train-00615,B/train-00615.mp4,出生/检查/你/做/完了/？,train
train-00616,B/train-00616.mp4,你/做/多/。,train
train-00617,B/train-00617.mp4,你/做/好/。,train
train-00618,B/train-00618.mp4,前期/准备/你/做/哪些2/？,train
train-00619,B/train-00619.mp4,你/男孩/大学/考试2/成功/。,train
train-00620,B/train-00620.mp4,你/首先/写字/作业/其次/我/轿车/擦/。,train
train-00621,B/train-00621.mp4,你/首先/事情/说/清楚/。,train
train-00622,B/train-00622.mp4,你/再/做/1/次/。,train
train-00623,B/train-00623.mp4,你/再/说/1/。,train
train-00624,B/train-00624.mp4,你/准备/1/次/买单/完了/？,train
train-00625,B/train-00625.mp4,你/准备/每个/字/写字/是/提纲/写字/还是/？,train
train-00626,B/train-00626.mp4,你/什么/全部/没有2/吃/？,train
train-00627,B/train-00627.mp4,在/那里/任何/东西2/买/可以/。,train
train-00628,B/train-00628.mp4,你/去/为什么/？,train
train-00629,B/train-00629.mp4,你/侮辱/不/。,train
train-00630,B/train-00630.mp4,你/不/拿/我/玩笑/。,train
train-00631,B/train-00631.mp4,你/不/来/找/我/。,train
train-00632,B/train-00632.mp4,你/生气/不/。,train
train-00633,B/train-00633.mp4,你/误会/不/。,train
train-00634,B/train-00634.mp4,你/想/什么/？,train
train-00635,B/train-00635.mp4,你/做/什么/？,train
train-00636,B/train-00636.mp4,你/到/时候/伪装/。,train
train-00637,B/train-00637.mp4,你/做/事情/不符合/。,train
train-00638,B/train-00638.mp4,你/之前/籍贯/江苏/是/？,train
train-00639,B/train-00639.mp4,医院/你/去/完了/？,train
train-00640,B/train-00640.mp4,北京/轿车/展示/你/看1/完了/？,train
train-00641,B/train-00641.mp4,那里/你/去/经过/？,train
train-00642,B/train-00642.mp4,课/外/活动/你/参加/什么/？,train
train-00643,B/train-00643.mp4,俱乐部/你/参加/有/？,train
train-00644,B/train-00644.mp4,你/又/和/他人/打架/？,train
train-00645,B/train-00645.mp4,你/发/红包/多/。,train
train-00646,B/train-00646.mp4,你/变化/逐渐1/沉默/。,train
train-00647,B/train-00647.mp4,你/（你）叫2（我）/什么/？,train
train-00648,B/train-00648.mp4,你/啰嗦/不/可以/？,train
train-00649,B/train-00649.mp4,你/乘船/湖/游览/船/吃饭/可以/。,train
train-00650,B/train-00650.mp4,你/做/我/伴娘/可以/？,train
train-00651,B/train-00651.mp4,你/用/这里/宣传/东西2/打折/9/可以/。,train
train-00652,B/train-00652.mp4,我们/2/晚上/一起/吃饭/可以/？,train
train-00653,B/train-00653.mp4,你/方便/时候/做/可以/。,train
train-00654,B/train-00654.mp4,帮助（我）/网/上/检查/可以/？,train
train-00655,B/train-00655.mp4,帮助（我）/延后/可以/？,train
train-00656,B/train-00656.mp4,帮助（我）/翻译/可以/？,train
train-00657,B/train-00657.mp4,你/抱怨/可以/。,train
train-00658,B/train-00658.mp4,你/按照/自己/要求/读书/可以/。,train
train-00659,B/train-00659.mp4,你/现在/尝试/操作/可以/。,train
train-00660,B/train-00660.mp4,海/新鲜/腥/趣味/你/用/姜/清除/可以/。,train
train-00661,B/train-00661.mp4,你/尝试/可以/然后/他/性质/能/好/你/知道/。,train
train-00662,B/train-00662.mp4,你/送/我/去/医院/可以/？,train
train-00663,B/train-00663.mp4,你/前景/好/。,train
train-00664,B/train-00664.mp4,你/真1/厉害/。,train
train-00665,B/train-00665.mp4,你/吃/少/请/再/多/吃/。,train
train-00666,B/train-00666.mp4,辣/你/吃/？,train
train-00667,B/train-00667.mp4,认识/我/你/后悔/？,train
train-00668,B/train-00668.mp4,你/和/家人/一起/做/最2/趣味/事情/是/什么/？,train
train-00669,B/train-00669.mp4,你/哪里/不舒服/？,train
train-00670,B/train-00670.mp4,你/哪里/坏/？,train
train-00671,B/train-00671.mp4,卡拉ok/唱歌/你/擅长/有/？,train
train-00672,B/train-00672.mp4,你/唱歌/好/。,train
train-00673,B/train-00673.mp4,家具/你/喜欢/什么样/？,train
train-00674,B/train-00674.mp4,电影/种类/你/喜欢/什么/？,train
train-00675,B/train-00675.mp4,运动/你/喜欢/什么/？,train
train-00676,B/train-00676.mp4,仰泳/游泳/你喜欢/哪些1/？,train
train-00677,B/train-00677.mp4,鸡尾酒/你/喜欢/？,train
train-00678,B/train-00678.mp4,你/喜欢/去/哪里/度假/？,train
train-00679,B/train-00679.mp4,海滩/你/喜欢/去/？,train
train-00680,B/train-00680.mp4,你/喜欢/参加/什么/活动/？,train
train-00681,B/train-00681.mp4,一起/吃饭/活动/你/喜欢/参加/？,train
train-00682,B/train-00682.mp4,课/外/活动/你/喜欢/参加/？,train
train-00683,B/train-00683.mp4,你/喜欢/吃/什么/？,train
train-00684,B/train-00684.mp4,甜/吃/咸/吃/你/喜欢/什么/？,train
train-00685,B/train-00685.mp4,N/豆1/你/喜欢/吃/？,train
train-00686,B/train-00686.mp4,唱歌/你/喜欢/听/？,train
train-00687,B/train-00687.mp4,你/喜欢/和/谁/打/？,train
train-00688,B/train-00688.mp4,品尝/不一样/吃/你/喜欢/？,train
train-00689,B/train-00689.mp4,你/喜欢/哪些1/？,train
train-00690,B/train-00690.mp4,房/外/活动/你/喜欢/哪里/？,train
train-00691,B/train-00691.mp4,唱歌/舞蹈/你/喜欢/？,train
train-00692,B/train-00692.mp4,茶1/你/喜欢/喝/？,train
train-00693,B/train-00693.mp4,你/喜欢/在/哪些1/商/场合/买/东西/？,train
train-00694,B/train-00694.mp4,学校/里/你/喜欢/什么/？,train
train-00695,B/train-00695.mp4,你/喜欢/带领/谁/一起/玩1/？,train
train-00696,B/train-00696.mp4,我/推荐/这里/东西2/你/喜欢/？,train
train-00697,B/train-00697.mp4,积木/或者/搭配/图画/你喜欢/？,train
train-00698,B/train-00698.mp4,吉他/唱歌/你/喜欢/？,train
train-00699,B/train-00699.mp4,数/字/和/数学/你/喜欢/？,train
train-00700,B/train-00700.mp4,法国/农村/风格/你/喜欢/？,train
train-00701,B/train-00701.mp4,游泳/你/喜欢/？,train
train-00702,B/train-00702.mp4,小说/漫画/故事/你/喜欢/看1/哪些1/？,train
train-00703,B/train-00703.mp4,漫画/你/喜欢/？,train
train-00704,B/train-00704.mp4,电影/你/喜欢/是/电视剧/你/喜欢/还是/？,train
train-00705,B/train-00705.mp4,表演/你/喜欢/看1/？,train
train-00706,B/train-00706.mp4,你/喜欢/种植/什么/植物/或者/花/？,train
train-00707,B/train-00707.mp4,衣服/你/喜欢/穿/什么样/？,train
train-00708,B/train-00708.mp4,绘画/或者/写字/颜色/你/喜欢/？,train
train-00709,B/train-00709.mp4,给/他人/写字/信/或者/手工/做/礼物/你/喜欢/？,train
train-00710,B/train-00710.mp4,花/草/你/喜欢/？,train
train-00711,B/train-00711.mp4,你/英语/喜欢/是/语文/喜欢/还是/？,train
train-00712,B/train-00712.mp4,读书/你/喜欢/？,train
train-00713,B/train-00713.mp4,买/东西2/你/喜欢/？,train
train-00714,B/train-00714.mp4,你/喜欢/和/怎么样/人/交际/？,train
train-00715,B/train-00715.mp4,比较/柔和/颜色/你/喜欢/？,train
train-00716,B/train-00716.mp4,运动/你/喜欢/？,train
train-00717,B/train-00717.mp4,这里/鸡尾酒/你/喜欢/？,train
train-00718,B/train-00718.mp4,商/场合/逛街/买/东西2/你/喜欢/？,train
train-00719,B/train-00719.mp4,你/喜欢/什么/种类/书/？,train
train-00720,B/train-00720.mp4,香港/你/喜欢/？,train
train-00721,B/train-00721.mp4,啤酒/你/喝/经过/？,train
train-00722,B/train-00722.mp4,你/吃/什么/？,train
train-00723,B/train-00723.mp4,你/在/哪里/学校/读书/？,train
train-00724,B/train-00724.mp4,你/在/国外/这里/一年/计划/做/什么/？,train
train-00725,B/train-00725.mp4,你/现在/玩笑/是/？,train
train-00726,B/train-00726.mp4,你/现在/玩笑/是/。,train
train-00727,B/train-00727.mp4,你/担心/什么/？,train
train-00728,B/train-00728.mp4,你/早上1/做/什么/？,train
train-00729,B/train-00729.mp4,你/在/学校/里/最2/喜欢/位置2/什么/？,train
train-00730,B/train-00730.mp4,你/伪装/睡觉/。,train
train-00731,B/train-00731.mp4,你/现在/和/我/谈判/条件/是/。,train
train-00732,B/train-00732.mp4,你/在/这里/打车/比较/好/。,train
train-00733,B/train-00733.mp4,你/在/这里/做/什么/？,train
train-00734,B/train-00734.mp4,你/声音/好/听/。,train
train-00735,B/train-00735.mp4,家/里/你/悠久/多少/扫地/？,train
train-00736,B/train-00736.mp4,你/悠久/多少/锻炼2/1/次/？,train
train-00737,B/train-00737.mp4,美容/房/你/悠久/多少/去/1/次/？,train
train-00738,B/train-00738.mp4,你/悠久/多少/锻炼2/1/次/？,train
train-00739,B/train-00739.mp4,你/责任/承担/不愿意/。,train
train-00740,B/train-00740.mp4,你/客气/。,train
train-00741,B/train-00741.mp4,你/好/。,train
train-00742,B/train-00742.mp4,你/直爽/。,train
train-00743,B/train-00743.mp4,你/让/我/失望/。,train
train-00744,B/train-00744.mp4,你/好/。,train
train-00745,B/train-00745.mp4,你/像/伤心/很1/。,train
train-00746,B/train-00746.mp4,你/勇敢/大/。,train
train-00747,B/train-00747.mp4,你/妈妈/做/什么/？,train
train-00748,B/train-00748.mp4,你/学习1/什么/专业/？,train
train-00749,B/train-00749.mp4,吉他/你/学习1/悠久/多少/？,train
train-00750,B/train-00750.mp4,病毒/清除/软件/你/安装/完了/？,train
train-00751,B/train-00751.mp4,计划/你/完成/困难1/有/？,train
train-00752,B/train-00752.mp4,你/圆满/我/人生/。,train
train-00753,B/train-00753.mp4,你/籍贯/哪里/？,train
train-00754,B/train-00754.mp4,你/家/美丽/吃/有/什么/？,train
train-00755,B/train-00755.mp4,你/家/居住/城市/是/农村/还是/？,train
train-00756,B/train-00756.mp4,你/家/人/多少/？,train
train-00757,B/train-00757.mp4,你/家/宠物/有/？,train
train-00758,B/train-00758.mp4,你/家/狗1/照片/多/？,train
train-00759,B/train-00759.mp4,你/家/里/人/怎么样/？,train
train-00760,B/train-00760.mp4,你/家/里/哥哥/姐姐/或者/弟弟/妹妹/有/多少/？,train
train-00761,B/train-00761.mp4,你/家/里/卧室/有/多少/？,train
train-00762,B/train-00762.mp4,你/对待/东西2/牌子/看1/法1/是/什么/？,train
train-00763,B/train-00763.mp4,你/对待/明天/计划/安排/是/什么/？,train
train-00764,B/train-00764.mp4,你/对待/买/东西2/票/看1/法1/有/什么/？,train
train-00765,B/train-00765.mp4,你/对待/什么/趣味/？,train
train-00766,B/train-00766.mp4,你/对待/国外/文化/趣味/有/？,train
train-00767,B/train-00767.mp4,你/对待/天文/学习2/趣味/有/？,train
train-00768,B/train-00768.mp4,你/对待/学校/生活/最2/讨厌/事情/是/什么/？,train
train-00769,B/train-00769.mp4,你/对待/我/工作/满意/？,train
train-00770,B/train-00770.mp4,你/对待/科技/产品/趣味/有/？,train
train-00771,B/train-00771.mp4,你/对待/这里/事情/看1/法1/有/什么/？,train
train-00772,B/train-00772.mp4,你/对待/龙/虾/过敏2/有/？,train
train-00773,B/train-00773.mp4,你/做/梦/是/？,train
train-00774,B/train-00774.mp4,你/小/时候/最2/想/做/职业/是/什么/？,train
train-00775,B/train-00775.mp4,你/（你）命令（我）/不/。,train
train-00776,B/train-00776.mp4,你/去/不/用/。,train
train-00777,B/train-00777.mp4,我/你/担心/不/。,train
train-00778,B/train-00778.mp4,你/前景/好/少/可以/。,train
train-00779,B/train-00779.mp4,你/买/少/。,train
train-00780,B/train-00780.mp4,他/你/维护1/不/。,train
train-00781,B/train-00781.mp4,你/呆/是/。,train
train-00782,B/train-00782.mp4,你/驾驶/司机/完了/。,train
train-00783,B/train-00783.mp4,你/听/可以/。,train
train-00784,B/train-00784.mp4,你/赢2/。,train
train-00785,B/train-00785.mp4,作业/你/做/完了/是/。,train
train-00786,B/train-00786.mp4,你/希望/和/哪里/著名/人/见面/？,train
train-00787,B/train-00787.mp4,你/希望/自己/生活/怎么样/？,train
train-00788,B/train-00788.mp4,伞/你/带领/完了/？,train
train-00789,B/train-00789.mp4,你/帮助（我）/大/。,train
train-00790,B/train-00790.mp4,你/经常/去/哪里/商/场合/买/东西/？,train
train-00791,B/train-00791.mp4,你/做/什么/？,train
train-00792,B/train-00792.mp4,你/做/好/。,train
train-00793,B/train-00793.mp4,你/平时/去/旅游/喜欢/？,train
train-00794,B/train-00794.mp4,你/平时/喜欢/和/宠物/玩1/？,train
train-00795,B/train-00795.mp4,你/平时/上班/迟到/经历/经过/？,train
train-00796,B/train-00796.mp4,你/平时/会/自己/烹饪/？,train
train-00797,B/train-00797.mp4,你/平时/喜欢/做/什么/？,train
train-00798,B/train-00798.mp4,你/平时/喜欢/去/哪里/休息/？,train
train-00799,B/train-00799.mp4,你/平时/游戏/喜欢/什么/？,train
train-00800,B/train-00800.mp4,你/平时/艺术/展览馆/博物馆/喜欢/去/哪些1/？,train
train-00801,B/train-00801.mp4,读书/习惯/你/有/？,train
train-00802,B/train-00802.mp4,这里/一些/材料1/你/应该/好/利用/。,train
train-00803,B/train-00803.mp4,你/应该/学习1/会/变化/装饰/缺点/发挥/优点/。,train
train-00804,B/train-00804.mp4,你/应该/学习1/会/管理/自己/时间/。,train
train-00805,B/train-00805.mp4,书/你/应该/保留/书柜/。,train
train-00806,B/train-00806.mp4,你/应该/努力/工作/。,train
train-00807,B/train-00807.mp4,你/应该/练习/跑步/。,train
train-00808,B/train-00808.mp4,你/应该/电话/轿车/修理/房/。,train
train-00809,B/train-00809.mp4,食物/你/做/倒/。,train
train-00810,B/train-00810.mp4,我/消息/你/快/会/接受/到/。,train
train-00811,B/train-00811.mp4,你/要/首先/开关/开放1/。,train
train-00812,B/train-00812.mp4,你/要/去/美容/睡觉/。,train
train-00813,B/train-00813.mp4,你/要/时间/抓紧/。,train
train-00814,B/train-00814.mp4,你/心/里/还/不知道1/？,train
train-00815,B/train-00815.mp4,你/要/为/你/错误/向/他/道歉/。,train
train-00816,B/train-00816.mp4,你/必须/手术/。,train
train-00817,B/train-00817.mp4,时间/位置2/你/必须/知道/清楚/。,train
train-00818,B/train-00818.mp4,这/绳子/你/必须/抓紧/。,train
train-00819,B/train-00819.mp4,你/必须/好/学习1/。,train
train-00820,B/train-00820.mp4,中午/你/不/睡觉/为什么/？,train
train-00821,B/train-00821.mp4,前面/你/不/继续/增加/东西2/为什么/？,train
train-00822,B/train-00822.mp4,你/一样/在/这/为什么/？,train
train-00823,B/train-00823.mp4,你/去/上班/为什么/？,train
train-00824,B/train-00824.mp4,你/难过/为什么/？,train
train-00825,B/train-00825.mp4,你/怎么样/驾驶/？,train
train-00826,B/train-00826.mp4,你/一直/反对1/为什么/？,train
train-00827,B/train-00827.mp4,你/怎么样/找/到/我/？,train
train-00828,B/train-00828.mp4,我/电话/你/怎么/有/？,train
train-00829,B/train-00829.mp4,你/来/晚上/为什么/？,train
train-00830,B/train-00830.mp4,压/力/你/怎么/缓解/？,train
train-00831,B/train-00831.mp4,你/没有2/再/帮助/他/为什么/？,train
train-00832,B/train-00832.mp4,你/对待/这/看1/法1/什么/？,train
train-00833,B/train-00833.mp4,美国/投弹/阿富汗/这里/事情/你/想/法1/什么/？,train
train-00834,B/train-00834.mp4,你/怎么样/说话/？,train
train-00835,B/train-00835.mp4,你/走/着急/为什么/？,train
train-00836,B/train-00836.mp4,你/来/找/我/怎么/？,train
train-00837,B/train-00837.mp4,你/难过/为什么/？,train
train-00838,B/train-00838.mp4,网/恋爱/你/看1/法1/是/什么/？,train
train-00839,B/train-00839.mp4,任何/你/都/不/让/我/做/。,train
train-00840,B/train-00840.mp4,你/对待/我/一直/好/我/终身/不/会/忘记/。,train
train-00841,B/train-00841.mp4,你/经常/感觉/无聊/。,train
train-00842,B/train-00842.mp4,你/终于/起床/。,train
train-00843,B/train-00843.mp4,保龄球/你/想/什么/时候/去/玩1/？,train
train-00844,B/train-00844.mp4,你/想/什么/时候/拿/衣服/？,train
train-00845,B/train-00845.mp4,你/想/勾引/我/是/？,train
train-00846,B/train-00846.mp4,你/想/去/旅游/国家/。,train
train-00847,B/train-00847.mp4,你/想/吃/米饭/是/饺子/还是/？,train
train-00848,B/train-00848.mp4,你/想/学习1/什么/语言/？,train
train-00849,B/train-00849.mp4,煮/面条/你/想/学习1/？,train
train-00850,B/train-00850.mp4,你/想/真1/周到/。,train
train-00851,B/train-00851.mp4,你/想/找/什么/？,train
train-00852,B/train-00852.mp4,沙发/你/想/保留/在/哪里/？,train
train-00853,B/train-00853.mp4,你/想/终身/拉/直/是/今天/一天/还是/。,train
train-00854,B/train-00854.mp4,吸尘器/你/想/用/？,train
train-00855,B/train-00855.mp4,你/想/看1/什么/？,train
train-00856,B/train-00856.mp4,你/想/看/什么/电影/？,train
train-00857,B/train-00857.mp4,你/想/要/圆/水2/是/汤/还是/？,train
train-00858,B/train-00858.mp4,卧室/家具/你/想/要/什么样/？,train
train-00859,B/train-00859.mp4,你/想/要/什么/汉堡包/？,train
train-00860,B/train-00860.mp4,你/想/要/紧/身体/是/松/还是/？,train
train-00861,B/train-00861.mp4,你/想/要/多少/？,train
train-00862,B/train-00862.mp4,你/想/让/我/驾驶/是/？,train
train-00863,B/train-00863.mp4,你/想/实验1/？,train
train-00864,B/train-00864.mp4,你/想/经过/买/属于3/我们/房子/？,train
train-00865,B/train-00865.mp4,你/感觉/压/力/大/有/？,train
train-00866,B/train-00866.mp4,你/感觉/幸福/？,train
train-00867,B/train-00867.mp4,你/感觉/哪里/赢2/？,train
train-00868,B/train-00868.mp4,你/愿意/居住/城市/是/农村/还是/？,train
train-00869,B/train-00869.mp4,晚上/你/愿意/和/我/吃/？,train
train-00870,B/train-00870.mp4,不一样/吃/房/你/愿意/实验1/？,train
train-00871,B/train-00871.mp4,帮助（我）写字/报告/你/愿意/？,train
train-00872,B/train-00872.mp4,做/我/妻子/你/愿意/？,train
train-00873,B/train-00873.mp4,你/知道/。,train
train-00874,B/train-00874.mp4,你/说/和/事实/符合/。,train
train-00875,B/train-00875.mp4,卫生间/你/扫地/完了/。,train
train-00876,B/train-00876.mp4,你/打棒球/？,train
train-00877,B/train-00877.mp4,你/打算/唱歌/什么/？,train
train-00878,B/train-00878.mp4,你/打算/延后/悠久/多少/？,train
train-00879,B/train-00879.mp4,你/打算/延后/悠久/多少/？,train
train-00880,B/train-00880.mp4,你/打算/用/面粉/做/什么/？,train
train-00881,B/train-00881.mp4,你/打算/给/什么/？,train
train-00882,B/train-00882.mp4,你/电话/错误/。,train
train-00883,B/train-00883.mp4,你/喜欢/你/找/到/？,train
train-00884,B/train-00884.mp4,锁/你/找/到/？,train
train-00885,B/train-00885.mp4,你/感冒/（你）感染2（我）/。,train
train-00886,B/train-00886.mp4,你/投票/谁/？,train
train-00887,B/train-00887.mp4,拔河/比赛/你/报名/参加/？,train
train-00888,B/train-00888.mp4,你/小提琴/悠久/多少/？,train
train-00889,B/train-00889.mp4,唱歌/机器/或者/玩具/你/有/哪些1/？,train
train-00890,B/train-00890.mp4,你/擅长/烹饪/什么/菜/？,train
train-00891,B/train-00891.mp4,唱歌/你/擅长/？,train
train-00892,B/train-00892.mp4,你/支持/谁/做/总统/？,train
train-00893,B/train-00893.mp4,你/接受/到/什么/圣诞节/礼物/？,train
train-00894,B/train-00894.mp4,你/放假/立刻/回家1/？,train
train-00895,B/train-00895.mp4,你/松/我/。,train
train-00896,B/train-00896.mp4,你/放心/去/。,train
train-00897,B/train-00897.mp4,你/勇敢/玩1/我/。,train
train-00898,B/train-00898.mp4,你/散热/机器/增加/热/零件/坏/。,train
train-00899,B/train-00899.mp4,书/你/整理/完了/？,train
train-00900,B/train-00900.mp4,你/电话/（你）给（我）/解释/可以/？,train
train-00901,B/train-00901.mp4,你/早上1/吃饭/三明治/？,train
train-00902,B/train-00902.mp4,你/昨天/晚上/（你）给（我）电话/做/什么/？,train
train-00903,B/train-00903.mp4,你/昨天/晚上/吃饭/喝/多/是/？,train
train-00904,B/train-00904.mp4,你/一样/想/进/一/咖啡/房/买/1/瓶/是/？,train
train-00905,B/train-00905.mp4,你/拿/我/玩笑/是/？,train
train-00906,B/train-00906.mp4,你/应该/上学/是/？,train
train-00907,B/train-00907.mp4,你/学生/是/。,train
train-00908,B/train-00908.mp4,你/勇敢/小/是/。,train
train-00909,B/train-00909.mp4,你/是/什么/人/？,train
train-00910,B/train-00910.mp4,你/俱乐部/成员/是/？,train
train-00911,B/train-00911.mp4,在/家/工作/你/喜欢/？,train
train-00912,B/train-00912.mp4,你/对待/特别/东西2/牌子/趣味/有/？,train
train-00913,B/train-00913.mp4,主动/表达1/自己/爱/心/你/想/经过/？,train
train-00914,B/train-00914.mp4,新1/食物/你/愿意/实验1/？,train
train-00915,B/train-00915.mp4,你/打算/继续/学习1/是/？,train
train-00916,B/train-00916.mp4,你/认为/人类/要/关心/环境/是/？,train
train-00917,B/train-00917.mp4,你/D/事情/人/是/。,train
train-00918,B/train-00918.mp4,你/是/我/见面/经过/女/里/最2/美丽/。,train
train-00919,B/train-00919.mp4,你/是/我/见面/经过/新娘/里/最2/美丽/。,train
train-00920,B/train-00920.mp4,你/新1/学生/是/？,train
train-00921,B/train-00921.mp4,你/游戏/第一次/是/？,train
train-00922,B/train-00922.mp4,你/用/宽/带领/上/网/是/？,train
train-00923,B/train-00923.mp4,你/申请/经理/职位/是/？,train
train-00924,B/train-00924.mp4,你/维吾尔族/是/？,train
train-00925,B/train-00925.mp4,你/这里/世界/唯一/人/是/。,train
train-00926,B/train-00926.mp4,你/晚上/怎么/生活/？,train
train-00927,B/train-00927.mp4,你/安静/生活/喜欢/是/热闹/社会/交际/生活/喜欢/还是/？,train
train-00928,B/train-00928.mp4,你/之前/做/经过/最2/勇敢/事情/是/什么/？,train
train-00929,B/train-00929.mp4,你/之前/做/经过/让/你/骄傲1/很1/事情/是/什么/？,train
train-00930,B/train-00930.mp4,你/之前/完成/经过/哪些2/困难1/事情/？,train
train-00931,B/train-00931.mp4,你/之前/想/经过/去/国外/旅游/？,train
train-00932,B/train-00932.mp4,你/最2/不喜欢/商/家/产品/特点/是/什么/？,train
train-00933,B/train-00933.mp4,你/最2/喜欢/城市/是/什么/？,train
train-00934,B/train-00934.mp4,你/最2/喜欢/和/爸爸/妈妈/一起/做/什么/？,train
train-00935,B/train-00935.mp4,你/最2/喜欢/什么/季节/？,train
train-00936,B/train-00936.mp4,你/最2/喜欢/什么/小说/家/？,train
train-00937,B/train-00937.mp4,你/最2/喜欢/什么/课/？,train
train-00938,B/train-00938.mp4,你/最2/喜欢/书/是/什么/？,train
train-00939,B/train-00939.mp4,你/最2/喜欢/动物/是/什么/？,train
train-00940,B/train-00940.mp4,你/最2/喜欢/绘画/书/是/什么/？,train
train-00941,B/train-00941.mp4,你/最2/喜欢/季节/是/什么/？,train
train-00942,B/train-00942.mp4,你/最2/喜欢/宠物/名字/是/什么/？,train
train-00943,B/train-00943.mp4,你/最2/喜欢/唱歌/是什么/？,train
train-00944,B/train-00944.mp4,你/最2/喜欢/游戏/是/怎么样/？,train
train-00945,B/train-00945.mp4,你/最2/喜欢/科目/是/什么/？,train
train-00946,B/train-00946.mp4,你/最2/喜欢/科目/老师/是/谁/？,train
train-00947,B/train-00947.mp4,你/最2/喜欢/节日/是/什么/？,train
train-00948,B/train-00948.mp4,你/最2/喜欢/颜色/是/什么/？,train
train-00949,B/train-00949.mp4,你/最2/好/坐/公交车/。,train
train-00950,B/train-00950.mp4,你/最2/好/早上2/去/看1/医生/。,train
train-00951,B/train-00951.mp4,你/最2/好/现在/起床/。,train
train-00952,B/train-00952.mp4,你/最2/好/用/特别/快递/三天/四天/到/可以/。,train
train-00953,B/train-00953.mp4,你/最2/想/成功1/为/什么样/人/？,train
train-00954,B/train-00954.mp4,你/最2/喜欢/食物/是/什么/？,train
train-00955,B/train-00955.mp4,你/最2/珍惜/东西2/是/什么/？,train
train-00956,B/train-00956.mp4,你/最2/痛恨/行为/是/什么/？,train
train-00957,B/train-00957.mp4,你/最近/1/次/买/东西2/消费1/多少钱/？,train
train-00958,B/train-00958.mp4,你/最近/旅游/有/？,train
train-00959,B/train-00959.mp4,你/最近/听/好/笑/事情/是/什么/？,train
train-00960,B/train-00960.mp4,你/最近/感想/有/什么/？,train
train-00961,B/train-00961.mp4,你/最近/忙/什么/？,train
train-00962,B/train-00962.mp4,你/印象/最2/深/旅游/是/什么/时候/？,train
train-00963,B/train-00963.mp4,你/休息/爱/好/有/什么/？,train
train-00964,B/train-00964.mp4,关系/以后/工作/计划/和/目标/你/有/什么/？,train
train-00965,B/train-00965.mp4,趣味/爱/好/你/有/什么/？,train
train-00966,B/train-00966.mp4,建议/你/有/什么/？,train
train-00967,B/train-00967.mp4,心/事情/你/有/？,train
train-00968,B/train-00968.mp4,很1/好/想/法1/你/有/？,train
train-00969,B/train-00969.mp4,你/桨/会/？,train
train-00970,B/train-00970.mp4,你/做/人/虚伪/。,train
train-00971,B/train-00971.mp4,你/完成/竟然/想不到/。,train
train-00972,B/train-00972.mp4,你/我/最2/佩服/。,train
train-00973,B/train-00973.mp4,你/有/问题/（你）告诉（我）/可以/。,train
train-00974,B/train-00974.mp4,你/果然/这里/样子/告诉/他/。,train
train-00975,B/train-00975.mp4,你/思维/我/喜欢/。,train
train-00976,B/train-00976.mp4,你/对待/这/商品/市场/探究/做/经过/？,train
train-00977,B/train-00977.mp4,我/钱/你/什么/时候/还钱（我）/？,train
train-00978,B/train-00978.mp4,这里/星期五/你/作业/完成/可以/？,train
train-00979,B/train-00979.mp4,演讲/文章/你/星期五/必须/完成/。,train
train-00980,B/train-00980.mp4,你/这里/想/法1/偏向/。,train
train-00981,C/train-00981.mp4,你/爱好/特长/有/什么/？,train
train-00982,C/train-00982.mp4,你/症状/有/什么/？,train
train-00983,C/train-00983.mp4,你/问题/有/？,train
train-00984,C/train-00984.mp4,你/证明1/文件2/有/？,train
train-00985,C/train-00985.mp4,你/做/完/这个/工作2/时间/够/。,train
train-00986,C/train-00986.mp4,你/鸭/多少/？,train
train-00987,C/train-00987.mp4,你/年/假/有/十天/。,train
train-00988,C/train-00988.mp4,你/参加/志愿/服务/公益/活动/有/？,train
train-00989,C/train-00989.mp4,你/有/哪/种类/？,train
train-00990,C/train-00990.mp4,你/好/朋友/多少/？,train
train-00991,C/train-00991.mp4,你/对象1/有/？,train
train-00992,C/train-00992.mp4,你/有/意见/。,train
train-00993,C/train-00993.mp4,你/推荐/菜/有/？,train
train-00994,C/train-00994.mp4,你/家乡/风俗/给（我）/分享/有/？,train
train-00995,C/train-00995.mp4,你/愿望/没有/实现/有/没有/？,train
train-00996,C/train-00996.mp4,你/宠物/养/过/？,train
train-00997,C/train-00997.mp4,你/读/过/好/书/推荐/给（我）/可以/？,train
train-00998,C/train-00998.mp4,你/爱好/有/？,train
train-00999,C/train-00999.mp4,你/自信/过/。,train
train-01000,C/train-01000.mp4,你/特别/想/吃/有/？,train
train-01001,C/train-01001.mp4,你/钓鱼/工具/有/？,train
train-01002,C/train-01002.mp4,你/读/流利/。,train
train-01003,C/train-01003.mp4,你/决定/。,train
train-01004,C/train-01004.mp4,你/来/刚好/。,train
train-01005,C/train-01005.mp4,你/来/带1/我/回家/。,train
train-01006,C/train-01006.mp4,你/梦想/做/超级/英雄/是/？,train
train-01007,C/train-01007.mp4,我/借2/你/人情/一/个/。,train
train-01008,C/train-01008.mp4,你/每天/睡觉/时间/多少/？,train
train-01009,C/train-01009.mp4,你/比/他/矮/。,train
train-01010,C/train-01010.mp4,活动/内/外/你/喜欢/哪个/？,train
train-01011,C/train-01011.mp4,你/毕业/以后/计划/什么/？,train
train-01012,C/train-01012.mp4,你/气/死/我/。,train
train-01013,C/train-01013.mp4,你/永远/猜/不行/。,train
train-01014,C/train-01014.mp4,你/电视/关/没有/。,train
train-01015,C/train-01015.mp4,你/忘/告诉/她/有/。,train
train-01016,C/train-01016.mp4,你/希望/赢/没有/。,train
train-01017,C/train-01017.mp4,你/零钱/有/？,train
train-01018,C/train-01018.mp4,你/滑雪/时间/多少/？,train
train-01019,C/train-01019.mp4,你/新/车/满意/是/？,train
train-01020,C/train-01020.mp4,你/路线/熟悉/是/？,train
train-01021,C/train-01021.mp4,你/咖啡/喝/爱/？,train
train-01022,C/train-01022.mp4,你/玩/过/游戏/什么/？,train
train-01023,C/train-01023.mp4,你/现在/年轻/不/。,train
train-01024,C/train-01024.mp4,你/现在/工作2/在/哪/？,train
train-01025,C/train-01025.mp4,你/现在/找/工作2/是/？,train
train-01026,C/train-01026.mp4,你/现在/和/谁/交往/是/？,train
train-01027,C/train-01027.mp4,你/现在/聊天/有/空/？,train
train-01028,C/train-01028.mp4,你/现在/年轻/很1/是/。,train
train-01029,C/train-01029.mp4,你/生日2/过/怎么样/？,train
train-01030,C/train-01030.mp4,你/男/朋友/样子/什么/？,train
train-01031,C/train-01031.mp4,你/专业/什么/？,train
train-01032,C/train-01032.mp4,你/丝袜/跳线/是/。,train
train-01033,C/train-01033.mp4,你/主意/好/真2/。,train
train-01034,C/train-01034.mp4,你/体/重/多少/？,train
train-01035,C/train-01035.mp4,你/作业/做/完/是/？,train
train-01036,C/train-01036.mp4,你/作业/交/没有/。,train
train-01037,C/train-01037.mp4,你/作业/进步2/大/很1/。,train
train-01038,C/train-01038.mp4,你/发音/好/很1/。,train
train-01039,C/train-01039.mp4,你/周末/安排/什么/？,train
train-01040,C/train-01040.mp4,你/周末/过/怎么样/？,train
train-01041,C/train-01041.mp4,听/你/声音/你/紧张/很1/是/。,train
train-01042,C/train-01042.mp4,你/头发/打结/是/。,train
train-01043,C/train-01043.mp4,你/家人/怎么/？,train
train-01044,C/train-01044.mp4,你/屋子/怎么/？,train
train-01045,C/train-01045.mp4,你/想法/根本/错/是/。,train
train-01046,C/train-01046.mp4,你/意思/这/是/。,train
train-01047,C/train-01047.mp4,你/手/摸/冷/很1/是/。,train
train-01048,C/train-01048.mp4,你/手机/品牌/什么/？,train
train-01049,C/train-01049.mp4,你/技术/学1/在/哪/？,train
train-01050,C/train-01050.mp4,你/投篮/技术/好/很/。,train
train-01051,C/train-01051.mp4,你/炒/菜/好/什么/？,train
train-01052,C/train-01052.mp4,你/文化/课/成绩/一直/保持/优等生/水平/是/？,train
train-01053,C/train-01053.mp4,你/新/房子/舒服/是/。,train
train-01054,C/train-01054.mp4,你/新/电话/号码/多少/？,train
train-01055,C/train-01055.mp4,你/时间/不够/是/。,train
train-01056,C/train-01056.mp4,你/气色/好/很/。,train
train-01057,C/train-01057.mp4,你/爱好/什么/？,train
train-01058,C/train-01058.mp4,你/牛排/熟/比例2/多少/？,train
train-01059,C/train-01059.mp4,你/皮肤/干/很/应该/多/补/水/。,train
train-01060,C/train-01060.mp4,你/学1/东西/多/是/。,train
train-01061,C/train-01061.mp4,你/祖父/祖母/在/是/？,train
train-01062,C/train-01062.mp4,你/笔记本电脑/在/椅子/上/。,train
train-01063,C/train-01063.mp4,你/职业/属性/影响/你/买/东西/爱好/是/？,train
train-01064,C/train-01064.mp4,你/职位/取消/是/。,train
train-01065,C/train-01065.mp4,你/花园/漂亮/很1/。,train
train-01066,C/train-01066.mp4,你/衣服/合适1/不/。,train
train-01067,C/train-01067.mp4,你/表现2/一定/好/会/。,train
train-01068,C/train-01068.mp4,你/计划/什么/？,train
train-01069,C/train-01069.mp4,你/课程/安排/怎么/？,train
train-01070,C/train-01070.mp4,你/车/带/人/多少/？,train
train-01071,C/train-01071.mp4,你/车/好/很1/。,train
train-01072,C/train-01072.mp4,你/鞋/穿/错/。,train
train-01073,C/train-01073.mp4,你/饭盒/带/是/？,train
train-01074,C/train-01074.mp4,你/鼻子/漂亮/很1/天生/是/？,train
train-01075,C/train-01075.mp4,你/看/严肃/是/。,train
train-01076,C/train-01076.mp4,你/看/面熟/是/。,train
train-01077,C/train-01077.mp4,你/看/好/很1/。,train
train-01078,C/train-01078.mp4,你/看/好/真2/。,train
train-01079,C/train-01079.mp4,你/看/脸色/白/。,train
train-01080,C/train-01080.mp4,你/看/商场/裙子/漂亮/很1/。,train
train-01081,C/train-01081.mp4,你/看看/这/。,train
train-01082,C/train-01082.mp4,你/看/累/很1/。,train
train-01083,C/train-01083.mp4,你/看/着急/很1/。,train
train-01084,C/train-01084.mp4,你/看/饿/很1/。,train
train-01085,C/train-01085.mp4,你/看过/好看/电影/有/？,train
train-01086,C/train-01086.mp4,你/看/那/小/朋友/可爱/他们/按时/完成/可以/。,train
train-01087,C/train-01087.mp4,你/厉害/真2/。,train
train-01088,C/train-01088.mp4,你/帮助（我）/多/真2/。,train
train-01089,C/train-01089.mp4,你/是/我/好/妈妈/真2/。,train
train-01090,C/train-01090.mp4,你/扫兴/真2/。,train
train-01091,C/train-01091.mp4,你/细心/周到/真2/。,train
train-01092,C/train-01092.mp4,你/让/我/失望/真2/。,train
train-01093,C/train-01093.mp4,你/聪明/真2/。,train
train-01094,C/train-01094.mp4,你/误会/真2/。,train
train-01095,C/train-01095.mp4,今年/夏天/什么/颜色/流行/你/知道/？,train
train-01096,C/train-01096.mp4,你/对/谁/说话/知道/？,train
train-01097,C/train-01097.mp4,冲洗/照片/在哪/你/知道/？,train
train-01098,C/train-01098.mp4,买/杂志/放/架子/在哪/你/知道/？,train
train-01099,C/train-01099.mp4,她/上周/做/抽脂/手术/你/知道/？,train
train-01100,C/train-01100.mp4,做/红烧鱼/怎么/你/知道/？,train
train-01101,C/train-01101.mp4,怎么/你/知道/？,train
train-01102,C/train-01102.mp4,脂肪/糖/热/高/你/知道/？,train
train-01103,C/train-01103.mp4,坐/哪/公交/你/知道/？,train
train-01104,C/train-01104.mp4,这/衬衣/价格/半/你/知道/？,train
train-01105,C/train-01105.mp4,那/新/项目/你/知道/？,train
train-01106,C/train-01106.mp4,那/歌/你/知道/？,train
train-01107,C/train-01107.mp4,你/砍价/厉害/真2/。,train
train-01108,C/train-01108.mp4,嫌疑/人/放火/多次/你/信/？,train
train-01109,C/train-01109.mp4,你/我/远/。,train
train-01110,C/train-01110.mp4,你/到底/在/找/什么/？,train
train-01111,C/train-01111.mp4,你/衣服/穿/绿色/合适2/。,train
train-01112,C/train-01112.mp4,你/竟然/认识/人/这种/。,train
train-01113,C/train-01113.mp4,你/等等/。,train
train-01114,C/train-01114.mp4,你/无耻/真2/。,train
train-01115,C/train-01115.mp4,你/算/什么/东西/。,train
train-01116,C/train-01116.mp4,你/经常/和/朋友/聚会/是/？,train
train-01117,C/train-01117.mp4,你/经常/在/网/买/东西/是/？,train
train-01118,C/train-01118.mp4,你/经常/用/电子邮件/是/？,train
train-01119,C/train-01119.mp4,你/经常/和/朋友/分享/心/事/是/？,train
train-01120,C/train-01120.mp4,你/经常/锻炼2/身体/是/？,train
train-01121,C/train-01121.mp4,你/给/公交车/中/心/电话/可以/？,train
train-01122,C/train-01122.mp4,你/出去/。,train
train-01123,C/train-01123.mp4,你/回来/。,train
train-01124,C/train-01124.mp4,你/站/。,train
train-01125,C/train-01125.mp4,你/闭嘴/。,train
train-01126,C/train-01126.mp4,你/错过/机会/不行/一定/。,train
train-01127,C/train-01127.mp4,你/考1/到/我/。,train
train-01128,C/train-01128.mp4,你/九点/来/肯定/可以/？,train
train-01129,C/train-01129.mp4,你/胆量/越来越/大/。,train
train-01130,C/train-01130.mp4,你/别/说/闲话/可以/？,train
train-01131,C/train-01131.mp4,你/打开/行李箱/可以/？,train
train-01132,C/train-01132.mp4,你/处理2/这/事情/可以/？,train
train-01133,C/train-01133.mp4,你/介绍/博物馆/东西/可以/？,train
train-01134,C/train-01134.mp4,你/便宜/点/可以/？,train
train-01135,C/train-01135.mp4,你/修理/好/可以/？,train
train-01136,C/train-01136.mp4,你/做/到/可以/。,train
train-01137,C/train-01137.mp4,你/告诉（我）/出发/时间/多少/可以/？,train
train-01138,C/train-01138.mp4,你/告诉（我）/今天/天气/预报/可以/？,train
train-01139,C/train-01139.mp4,你/告诉（我）/去/站台/走/怎么/可以/？,train
train-01140,C/train-01140.mp4,你/告诉（我）/台北/新1/公园/在/哪/可以/？,train
train-01141,C/train-01141.mp4,你/告诉（我）/最2/近/酒店/在/哪/可以/？,train
train-01142,C/train-01142.mp4,你/告诉(我)/电梯/在/哪/可以/？,train
train-01143,C/train-01143.mp4,你/告诉(我)/最/近/路/在/哪/可以/？,train
train-01144,C/train-01144.mp4,你/帮助/妈妈/可以/？,train
train-01145,C/train-01145.mp4,你/帮助(我）/准备/餐具/可以/？,train
train-01146,C/train-01146.mp4,你/帮助（我）/剪子/刘海/可以/？,train
train-01147,C/train-01147.mp4,你/帮助（我）/在/网/下载/歌曲/可以/？,train
train-01148,C/train-01148.mp4,你/帮助（我）/建立/局域/网/可以/？,train
train-01149,C/train-01149.mp4,你/帮助（我）/打印/文件2/可以/？,train
train-01150,C/train-01150.mp4,你/帮助（我）/衣服/叠1/可以/？,train
train-01151,C/train-01151.mp4,你/帮助（我）/衣服/洗/可以/？,train
train-01152,C/train-01152.mp4,你/帮助（我）/头发/绑/可以/？,train
train-01153,C/train-01153.mp4,你/帮助（我）/解决/这/问题/可以/？,train
train-01154,C/train-01154.mp4,你/帮助（我）/请/医生/可以/？,train
train-01155,C/train-01155.mp4,你/药方/开/给（我）/可以/？,train
train-01156,C/train-01156.mp4,你/工作/中/压力/承受/可以/？,train
train-01157,C/train-01157.mp4,你/发夹/拿/给（我)/可以/？,train
train-01158,C/train-01158.mp4,你/客厅/灰尘/擦/干净/可以/？,train
train-01159,C/train-01159.mp4,你/我/头发/做/图片/一样/可以/？,train
train-01160,C/train-01160.mp4,你/水果/切/分/四/可以/？,train
train-01161,C/train-01161.mp4,你/这/包2/改变/礼物/可以/？,train
train-01162,C/train-01162.mp4,你/杯子/给(我)/看/可以/？,train
train-01163,C/train-01163.mp4,你/衬衣/熨/帮助（我）/可以/？,train
train-01164,C/train-01164.mp4,你/门/关/可以/？,train
train-01165,C/train-01165.mp4,你/按/一楼/可以/？,train
train-01166,C/train-01166.mp4,你/流行/旅游/景点/介绍/可以/？,train
train-01167,C/train-01167.mp4,你/坐/早/一/班1/公交/可以/？,train
train-01168,C/train-01168.mp4,你/再/详细/点/可以/？,train
train-01169,C/train-01169.mp4,你/给(我)/烟/一/可以/？,train
train-01170,C/train-01170.mp4,你/给(我)/换/票/可以/？,train
train-01171,C/train-01171.mp4,你/帮助（我）/花生/剥/可以/？,train
train-01172,C/train-01172.mp4,你/清谈/菜/推荐/给我/可以/？,train
train-01173,C/train-01173.mp4,你/看/嫌疑/人/谁/？,train
train-01174,C/train-01174.mp4,你/带（我）/去/地铁/站/可以/？,train
train-01175,C/train-01175.mp4,你/说/这样/我/感谢/很/。,train
train-01176,C/train-01176.mp4,你/合适2/新/工作2/可以/？,train
train-01177,C/train-01177.mp4,你/脸色/不好/晕船/是/？,train
train-01178,C/train-01178.mp4,你/脾气/爆发/是/？,train
train-01179,C/train-01179.mp4,你/自己/知道/自己/样子/什么/。,train
train-01180,C/train-01180.mp4,你/自己/找/。,train
train-01181,C/train-01181.mp4,你/自己/找/苦2/吃/。,train
train-01182,C/train-01182.mp4,你/英语/说/好/是/？,train
train-01183,C/train-01183.mp4,你/药/喝/完/我/去/工作2/。,train
train-01184,C/train-01184.mp4,你/吓/是/。,train
train-01185,C/train-01185.mp4,你/如果/不/帮助（我）/我/把/你/给/警察/会/。,train
train-01186,C/train-01186.mp4,我们/帮助/订购/一本/要/？,train
train-01187,C/train-01187.mp4,你/看/要/？,train
train-01188,C/train-01188.mp4,你/买/什么/要/？,train
train-01189,C/train-01189.mp4,你/钱/什么/要/？,train
train-01190,C/train-01190.mp4,你/发夹/夹/要/。,train
train-01191,C/train-01191.mp4,你/要/纸/原色/白色/哪/？,train
train-01192,C/train-01192.mp4,你/买/水/要/？,train
train-01193,C/train-01193.mp4,你/要/房间/种类/哪/？,train
train-01194,C/train-01194.mp4,你/喝/茶/要/？,train
train-01195,C/train-01195.mp4,你/坚强/继续/走/要/。,train
train-01196,C/train-01196.mp4,你/要/票/多少/？,train
train-01197,C/train-01197.mp4,你/要/好好/长大/。,train
train-01198,C/train-01198.mp4,你/对/自己/人生/负责/要/。,train
train-01199,C/train-01199.mp4,你/要/怎么/证明2/？,train
train-01200,C/train-01200.mp4,你/按时/吃饭/要/。,train
train-01201,C/train-01201.mp4,你/提前1/完成/演讲/稿纸/要/。,train
train-01202,C/train-01202.mp4,你/如果/花钱/一直/这样/以后/借/钱/会/。,train
train-01203,C/train-01203.mp4,你/有/心理/准备/要/。,train
train-01204,C/train-01204.mp4,你/洗/衣服/要/？,train
train-01205,C/train-01205.mp4,你/差不多/一个小时/到/机场/要/。,train
train-01206,C/train-01206.mp4,你/要/看/面/好/。,train
train-01207,C/train-01207.mp4,你/如果/离开/时间长/你/计划/什么/？,train
train-01208,C/train-01208.mp4,你/发带/绑/要/？,train
train-01209,C/train-01209.mp4,你/选/哪/要/？,train
train-01210,C/train-01210.mp4,你/感觉/东西/最/兴趣/什么/？,train
train-01211,C/train-01211.mp4,你/感觉/他/好/看/是/？,train
train-01212,C/train-01212.mp4,你/感觉/他/怎么样/？,train
train-01213,C/train-01213.mp4,你/感觉/你/最2/安全/放心/什么/？,train
train-01214,C/train-01214.mp4,你/感觉/喝酒/完/开车/可以/？,train
train-01215,C/train-01215.mp4,你/感觉/好不好/？,train
train-01216,C/train-01216.mp4,你/感觉/家庭/小区/环境/对你/成长/影响/有/？,train
train-01217,C/train-01217.mp4,你/知道/家/对/你/影响/什么/？,train
train-01218,C/train-01218.mp4,你/知道/四川/菜/怎么/？,train
train-01219,C/train-01219.mp4,你/知道/怎么/做/？,train
train-01220,C/train-01220.mp4,你/知道/怎么/？,train
train-01221,C/train-01221.mp4,你/知道/我们/一周/最后/怎么/？,train
train-01222,C/train-01222.mp4,你/知道/我/怎么/样子/人/是/？,train
train-01223,C/train-01223.mp4,你/知道/我走/到/那/可以/？,train
train-01224,C/train-01224.mp4,你/知道/检查/怎么/？,train
train-01225,C/train-01225.mp4,你/知道/生活/最2/好/回忆/什么/？,train
train-01226,C/train-01226.mp4,你/知道/电子/支出2/安全/样子/？,train
train-01227,C/train-01227.mp4,你/知道/自己/开朗/？,train
train-01228,C/train-01228.mp4,你/知道/自己/独立/是/？,train
train-01229,C/train-01229.mp4,你/知道/自己/优点/缺点/什么/？,train
train-01230,C/train-01230.mp4,你/知道/自己/有/什么/能力/帮助/别人/可以/？,train
train-01231,C/train-01231.mp4,你/知道/运动/对/生活/影响/大/？,train
train-01232,C/train-01232.mp4,你/知道/这/茶/怎么/？,train
train-01233,C/train-01233.mp4,你/知道/这/课/无聊/？,train
train-01234,C/train-01234.mp4,你/知道/这/图案/怎么/？,train
train-01235,C/train-01235.mp4,你/知道/这/菜/好/吃/？,train
train-01236,C/train-01236.mp4,你/知道/那/真2/？,train
train-01237,C/train-01237.mp4,你/知道/菜/吃/怎么/？,train
train-01238,C/train-01238.mp4,你/认为/人们/搬家/城市/好不好/？,train
train-01239,C/train-01239.mp4,你/认为/人生/最2/重要/事情2/什么/？,train
train-01240,C/train-01240.mp4,你/认为/成功/什么/？,train
train-01241,C/train-01241.mp4,你/认为/什么/种类/商品/更1/重要/？,train
train-01242,C/train-01242.mp4,你/认为/信任/重要/？,train
train-01243,C/train-01243.mp4,你/认为/健身房/对/健康/重要/？,train
train-01244,C/train-01244.mp4,你/认为/小孩/教育/怎么/？,train
train-01245,C/train-01245.mp4,你/认为/公/共{共同第一个动作}/广场/吸烟/禁止1/要/？,train
train-01246,C/train-01246.mp4,你/认为/友谊/决定/意思/什么/？,train
train-01247,C/train-01247.mp4,你/认为/哪/更2/好/？,train
train-01248,C/train-01248.mp4,你/认为/女/在/工作1/中/歧视/有/？,train
train-01249,C/train-01249.mp4,你/认为/保持/好/工作/生活/平衡/怎么/？,train
train-01250,C/train-01250.mp4,你/认为/学习1/外语/重要/？,train
train-01251,C/train-01251.mp4,你/认为/学习1/新1/技术/重要/？,train
train-01252,C/train-01252.mp4,你/认为/家/务{义务第二个动作}/谁/做/？,train
train-01253,C/train-01253.mp4,你/认为/心/健康/重要/？,train
train-01254,C/train-01254.mp4,你/认为/旅游/让/人/更2/开放/？,train
train-01255,C/train-01255.mp4,你/认为/最2/重要/钱/丰富/什么/？,train
train-01256,C/train-01256.mp4,你/认为/朋友/竞争/有/？,train
train-01257,C/train-01257.mp4,你/认为/朋友/重要/家/人/重要/？,train
train-01258,C/train-01258.mp4,你/认为/爱情/界限/有/？,train
train-01259,C/train-01259.mp4,你/认为/生命/最2/大/幸福/什么/？,train
train-01260,C/train-01260.mp4,你/认为/电子/产品/对/小孩/成长/影响/？,train
train-01261,C/train-01261.mp4,你/认为/纪律/重要/？,train
train-01262,C/train-01262.mp4,你/认为/自己/早上1/起床/还/晚上/睡觉/晚上/起床/？,train
train-01263,C/train-01263.mp4,你/认为/自己/最2/擅长/做/什么/？,train
train-01264,C/train-01264.mp4,你/认为/自由/重要/？,train
train-01265,C/train-01265.mp4,你/认为/买/东西/方法/对/钱/影响/大/多少/？,train
train-01266,C/train-01266.mp4,你/认为/运动/对/健康/多少/重要/？,train
train-01267,C/train-01267.mp4,你/认为/钱/给（我）/快乐/可以/？,train
train-01268,C/train-01268.mp4,你/讨厌/我/？,train
train-01269,C/train-01269.mp4,你/放松/要/。,train
train-01270,C/train-01270.mp4,你/说/什么/没/用/。,train
train-01271,C/train-01271.mp4,你/说/有/道理/。,train
train-01272,C/train-01272.mp4,你/说/我/种/什么/好/？,train
train-01273,C/train-01273.mp4,你/说/真2/？,train
train-01274,C/train-01274.mp4,你/说/粗鲁/。,train
train-01275,C/train-01275.mp4,你/说/谁/做/？,train
train-01276,C/train-01276.mp4,你/谎话/错/。,train
train-01277,C/train-01277.mp4,你/负责/主要/责任/。,train
train-01278,C/train-01278.mp4,你/赢2/。,train
train-01279,C/train-01279.mp4,你/超/负荷2/工作/有/。,train
train-01280,C/train-01280.mp4,你/身体/好/？,train
train-01281,C/train-01281.mp4,你/还/好/？,train
train-01282,C/train-01282.mp4,你/还/用/更2/多/时间/练习/这/。,train
train-01283,C/train-01283.mp4,你/新1/手/是/。,train
train-01284,C/train-01284.mp4,你/还/是/谦虚/。,train
train-01285,C/train-01285.mp4,你/还/有/他/要求/？,train
train-01286,C/train-01286.mp4,你/又/要/什么/？,train
train-01287,C/train-01287.mp4,你/还/记忆/卖/票/员{成员第二个动作}/怎么/说/？,train
train-01288,C/train-01288.mp4,你/还/要/其他/服务/？,train
train-01289,C/train-01289.mp4,你/这/东西/哪/买/？,train
train-01290,C/train-01290.mp4,你/这/人/这/样子/为什么/。,train
train-01291,C/train-01291.mp4,你/恐吓/是/。,train
train-01292,C/train-01292.mp4,你/去/哪/？,train
train-01293,C/train-01293.mp4,你/旅游/目的/什么/？,train
train-01294,C/train-01294.mp4,你/这/考试1/成绩/公布/有/？,train
train-01295,C/train-01295.mp4,你/这/考试1/结果/怎么/样子/？,train
train-01296,C/train-01296.mp4,你/这/赚/多/。,train
train-01297,C/train-01297.mp4,你/这/出租车/人/有/？,train
train-01298,C/train-01298.mp4,你/这/小/吃/有/？,train
train-01299,C/train-01299.mp4,你/经常/去/什么/电/商/平台/买/东西/？,train
train-01300,C/train-01300.mp4,你/经常/在/什么/网/找/商品/信息/？,train
train-01301,C/train-01301.mp4,你/经常/用/什么/方法/找/商品/信息/？,train
train-01302,C/train-01302.mp4,你/经常/做/什么/运动/？,train
train-01303,C/train-01303.mp4,你/经常/吃/什么/种类/早上1/吃/？,train
train-01304,C/train-01304.mp4,你/经常/一周/最后/做/什么/？,train
train-01305,C/train-01305.mp4,你/经常/喜欢/买/什么/种类/鞋/？,train
train-01306,C/train-01306.mp4,你/经常/在/健身房/做/什么/？,train
train-01307,C/train-01307.mp4,你/经常/早上1/几点/起床/？,train
train-01308,C/train-01308.mp4,你/经常/穿/什么/样子/衣服/？,train
train-01309,C/train-01309.mp4,你/经常/挑选/什么/样子/早上1/吃/？,train
train-01310,C/train-01310.mp4,你/经常/用/什么/方法/找/特别/商品/？,train
train-01311,C/train-01311.mp4,你/那/天气/怎么/？,train
train-01312,C/train-01312.mp4,你/喜欢/看/什么/种类/电视/？,train
train-01313,C/train-01313.mp4,你/都/回答/这/问题/可以/？,train
train-01314,C/train-01314.mp4,你/防守/强/。,train
train-01315,C/train-01315.mp4,他/歌/你/不喜欢/？,train
train-01316,C/train-01316.mp4,你/兴趣/没有/？,train
train-01317,C/train-01317.mp4,你/错误/没有/？,train
train-01318,C/train-01318.mp4,你/要/不/？,train
train-01319,C/train-01319.mp4,你/米/要/？,train
train-01320,C/train-01320.mp4,你/出租车/到/酒店/买/东西/中/心/要/。,train
train-01321,C/train-01321.mp4,你/要/去/锻炼/。,train
train-01322,C/train-01322.mp4,你/要/在/超过/期限/前/用/。,train
train-01323,C/train-01323.mp4,你/要/微波炉/。,train
train-01324,C/train-01324.mp4,你/结账/水/电/钱/要/。,train
train-01325,C/train-01325.mp4,你/要东西/现在/没有/。,train
train-01326,C/train-01326.mp4,你/专业/很1/。,train
train-01327,C/train-01327.mp4,你/提前/支出/一/月/房子/租/钱/。,train
train-01328,C/train-01328.mp4,你/欺骗/。,train
train-01329,C/train-01329.mp4,俄罗斯/世界/最2/大/面积/土地/有/。,train
train-01330,C/train-01330.mp4,俄罗斯/继承1/苏/联系/大/部分/遗产1/。,train
train-01331,C/train-01331.mp4,保护/修理/期限/时间/多少/？,train
train-01332,C/train-01332.mp4,保证/水果/品/质量/。,train
train-01333,C/train-01333.mp4,信任/不信任/随便/。,train
train-01334,C/train-01334.mp4,信心/是/最2/好/品德/。,train
train-01335,C/train-01335.mp4,整枝/可以/。,train
train-01336,C/train-01336.mp4,做/妈妈/不/容易/。,train
train-01337,C/train-01337.mp4,做/好/事情2/不/错误/。,train
train-01338,C/train-01338.mp4,健康/是/最2/好/礼物/。,train
train-01339,C/train-01339.mp4,偷/告诉/你/我/喜欢/你/。,train
train-01340,C/train-01340.mp4,晚上/太阳/落下/。,train
train-01341,C/train-01341.mp4,像/前/一样/来/开会/人/多/不/。,train
train-01342,C/train-01342.mp4,男孩/好/。,train
train-01343,C/train-01343.mp4,元旦/我们/去/哪/？,train
train-01344,C/train-01344.mp4,运动/够/帮助/你/保持/健康/。,train
train-01345,C/train-01345.mp4,第一/完/你/要/做/事情2/。,train
train-01346,C/train-01346.mp4,先生1/你们/人/多少/？,train
train-01347,C/train-01347.mp4,先生1/这/菜单/慢/看/。,train
train-01348,C/train-01348.mp4,第一/了解/现在/最2/有/效果/治理/沙子/方案/。,train
train-01349,C/train-01349.mp4,先进/科学/技术/。,train
train-01350,C/train-01350.mp4,进/广场/票/价格/？,train
train-01351,C/train-01351.mp4,进/边境/哪/？,train
train-01352,C/train-01352.mp4,全/力量/支持/二/地/党2/委{委员第一个动作}/做/主/身体/责任/。,train
train-01353,C/train-01353.mp4,全/地球/气候/改变/温暖/。,train
train-01354,C/train-01354.mp4,全/做/台账化/管理/项目/推进/。,train
train-01355,C/train-01355.mp4,全/做/完/。,train
train-01356,C/train-01356.mp4,全/她/决定/。,train
train-01357,C/train-01357.mp4,公/务{义务第二个动作}/多/职业/里/一/。,train
train-01358,C/train-01358.mp4,公司/执行/和/你/协议/不行2/。,train
train-01359,C/train-01359.mp4,公司/在/人/开除/。,train
train-01360,C/train-01360.mp4,公司/派/人/二/。,train
train-01361,C/train-01361.mp4,有公交车/标准/时间/来/。,train
train-01362,C/train-01362.mp4,共同/创造/更2/幸福/美丽/好/未来/。,train
train-01363,C/train-01363.mp4,共同/表面/对/负担/。,train
train-01364,C/train-01364.mp4,电视/关/。,train
train-01365,C/train-01365.mp4,接收/站/种类/多/。,train
train-01366,C/train-01366.mp4,具体/问题/具体/分/。,train
train-01367,C/train-01367.mp4,培养/好/习惯/和/训练/规律/。,train
train-01368,C/train-01368.mp4,再/一/喝/怎么/？,train
train-01369,C/train-01369.mp4,再/一/C/。,train
train-01370,C/train-01370.mp4,再/菜/和/煮/土豆/。,train
train-01371,C/train-01371.mp4,再/对/公/群众/开放/。,train
train-01372,C/train-01372.mp4,再见/。,train
train-01373,C/train-01373.mp4,再见/同学/们/忘记/我们/不/。,train
train-01374,C/train-01374.mp4,再/试一试{试验第一个动作}/。,train
train-01375,C/train-01375.mp4,再/说/一/B/。,train
train-01376,C/train-01376.mp4,再/等/多少/分钟/好/。,train
train-01377,C/train-01377.mp4,写/1/2/句子/给（我）/可以/。,train
train-01378,C/train-01378.mp4,农作物/和/食物/。,train
train-01379,C/train-01379.mp4,农民/人/口/小/部分/。,train
train-01380,C/train-01380.mp4,农民/对/天气1/关心/很1/。,train
train-01381,C/train-01381.mp4,冬天/冷/是/。,train
train-01382,C/train-01382.mp4,冰1/厚/滑冰/可以/。,train
train-01383,C/train-01383.mp4,冰淇淋/小孩/喜欢/。,train
train-01384,C/train-01384.mp4,冷/冰/像/。,train
train-01385,C/train-01385.mp4,准备/下/汽车2/。,train
train-01386,C/train-01386.mp4,准备/去/哪/？,train
train-01387,C/train-01387.mp4,多少/分钟/还/吸引/你/不行2/。,train
train-01388,C/train-01388.mp4,都/事/开始/有/。,train
train-01389,C/train-01389.mp4,为什么/说/这/合同/假/？,train
train-01390,C/train-01390.mp4,坏/影响/有/。,train
train-01391,C/train-01391.mp4,出事/我/最2/担心/。,train
train-01392,C/train-01392.mp4,切/手/注意2/。,train
train-01393,C/train-01393.mp4,刚才/危险1/。,train
train-01394,C/train-01394.mp4,别人/情绪/你/关心/不/。,train
train-01395,C/train-01395.mp4,别人/可以/我/一样/可以/。,train
train-01396,C/train-01396.mp4,一直/摇头/不/。,train
train-01397,C/train-01397.mp4,打扰/我/不/。,train
train-01398,C/train-01398.mp4,犹豫/不/。,train
train-01399,C/train-01399.mp4,冲动/不/。,train
train-01400,C/train-01400.mp4,哭/不/。,train
train-01401,C/train-01401.mp4,客气/不/像/自己/家/一样/。,train
train-01402,C/train-01402.mp4,害怕/不/你/后2/我/在/。,train
train-01403,C/train-01403.mp4,开玩笑/不/。,train
train-01404,C/train-01404.mp4,忘记/不/。,train
train-01405,C/train-01405.mp4,着急/走/不/。,train
train-01406,C/train-01406.mp4,知道/我/呆/不/。,train
train-01407,C/train-01407.mp4,面包/土/桌子/落/不/。,train
train-01408,C/train-01408.mp4,担心/不/经常/有/事情2/是/。,train
train-01409,C/train-01409.mp4,期待/我/不/。,train
train-01410,C/train-01410.mp4,来/烦闷/我/不/。,train
train-01411,C/train-01411.mp4,用/那/眼/看1/我/不/。,train
train-01412,C/train-01412.mp4,看不起/人/不/。,train
train-01413,C/train-01413.mp4,隐瞒/事情2/真2/不/。,train
train-01414,C/train-01414.mp4,不管/那/小孩/他/自己/决定/会/。,train
train-01415,C/train-01415.mp4,让（我）/失望/不/。,train
train-01416,C/train-01416.mp4,责备/自己/不/。,train
train-01417,C/train-01417.mp4,不/说/道理1/不行2/。,train
train-01418,C/train-01418.mp4,挑食/不要/对/你/健康/不好/。,train
train-01419,C/train-01419.mp4,自己/暴/放弃/不要/。,train
train-01420,C/train-01420.mp4,到/前面/来/看/清楚/是/。,train
train-01421,C/train-01421.mp4,到/宾馆/时间/半个小时/要/。,train
train-01422,C/train-01422.mp4,到/对方/人/站在/船/上/。,train
train-01423,C/train-01423.mp4,到底/想/让/我/做/什么/？,train
train-01424,C/train-01424.mp4,到/现在/10/年/差不多/。,train
train-01425,C/train-01425.mp4,前/路/长/。,train
train-01426,C/train-01426.mp4,前面/人/挡/我看/不行/。,train
train-01427,C/train-01427.mp4,前面/堵车/是/？,train
train-01428,C/train-01428.mp4,前面/那/楼/是/。,train
train-01429,C/train-01429.mp4,办公室/全部/工作/我/做/可以/。,train
train-01430,C/train-01430.mp4,增加/鸡蛋/多少/？,train
train-01431,C/train-01431.mp4,增加/我们/可以/。,train
train-01432,C/train-01432.mp4,辛苦/检查/一份/航空/信件/帮助（我）/。,train
train-01433,C/train-01433.mp4,勇敢/点/。,train
train-01434,C/train-01434.mp4,北京/古迹/有/什么/？,train
train-01435,C/train-01435.mp4,北京/公园/多少/？,train
train-01436,C/train-01436.mp4,北斗卫星/和/之前/比较/现在/便宜/是/。,train
train-01437,C/train-01437.mp4,北方/夏天/开始/亮/早/。,train
train-01438,C/train-01438.mp4,北方/黑/土地/富/度/下降/一直/。,train
train-01439,C/train-01439.mp4,医生/建议/吃/脂肪/多/食物/不/。,train
train-01440,C/train-01440.mp4,医生/救/他/生命/是/。,train
train-01441,C/train-01441.mp4,医生/说/我/注意/吃/喝/要/。,train
train-01442,C/train-01442.mp4,医生/你/说话/我/记/心里/会/。,train
train-01443,C/train-01443.mp4,医生/我/怎么/？,train
train-01444,C/train-01444.mp4,医院/看/病/麻烦/是/？,train
train-01445,C/train-01445.mp4,千/年/盐/湖/停止/生产/食/盐/。,train
train-01446,C/train-01446.mp4,南方/雨/降/会/。,train
train-01447,C/train-01447.mp4,南海/是/我国/主要/边缘/海区/。,train
train-01448,C/train-01448.mp4,南海群岛/一直/中国/领土/是/。,train
train-01449,C/train-01449.mp4,博物馆/开始/时间/什么/？,train
train-01450,C/train-01450.mp4,博白/国家/级/稻子/种/大/县/是/。,train
train-01451,C/train-01451.mp4,厂/商/商店/有时候/为了/推广/产品/商品/打折/会/。,train
train-01452,C/train-01452.mp4,厕所/纸/没有/。,train
train-01453,C/train-01453.mp4,原来/香蕉/用途/大/。,train
train-01454,C/train-01454.mp4,原谅/你/可以/。,train
train-01455,C/train-01455.mp4,厨房/煤气灶/没有/。,train
train-01456,C/train-01456.mp4,去/上海/票/一次/钱/多少/？,train
train-01457,C/train-01457.mp4,去/菜市场/买/菜/。,train
train-01458,C/train-01458.mp4,你/油箱/加/油/有/？,train
train-01459,C/train-01459.mp4,你/胆/大/真2/。,train
train-01460,C/train-01460.mp4,你/帮助（我）/按/门铃/可以/？,train
train-01461,C/train-01461.mp4,你/好玩/地方/介绍/给（我）/可以/？,train
train-01462,C/train-01462.mp4,你/读书/学/科/最2/好/哪/？,train
train-01463,C/train-01463.mp4,你/近/时期/目标/什么/？,train
train-01464,C/train-01464.mp4,公交/售票员/没有/。,train
train-01465,C/train-01465.mp4,准备/下车/前方/到/站/。,train
train-01466,C/train-01466.mp4,原来/那个/男/我/朋友/是/。,train
train-01467,C/train-01467.mp4,合约/内容/你/看/有/？,train
train-01468,C/train-01468.mp4,你/这/传球/好/。,train
train-01469,C/train-01469.mp4,你/通常/跳舞/时间/多少/？,train
train-01470,C/train-01470.mp4,你/通常/和/别人/说话/这样/是/？,train
train-01471,C/train-01471.mp4,你/顺便/问/他/做/什么/。,train
train-01472,C/train-01472.mp4,保持/好奇心/永远/激情/满/。,train
train-01473,C/train-01473.mp4,全场/商品/钱/下降/20%/。,train
train-01474,C/train-01474.mp4,公共/场合/吸烟/禁止/。,train
train-01475,C/train-01475.mp4,讲/稿{初稿的第二个手势动作}/写/简单/对/我/说/。,train
train-01476,C/train-01476.mp4,切菜/时候/不小心/切手指/。,train
train-01477,C/train-01477.mp4,北方/沙尘暴/害{迫害的第二个手势动作}/大/。,train
train-01478,C/train-01478.mp4,用/自己/优势/克服/短板/。,train
train-01479,C/train-01479.mp4,球员/我/最2/喜欢/进入/决赛/是/。,train
train-01480,C/train-01480.mp4,这次/钱/大家/平摊/。,train
train-01481,C/train-01481.mp4,奶奶/凶/对/我/。,train
train-01482,C/train-01482.mp4,妈妈/我/心/中/目标/是/。,train
train-01483,C/train-01483.mp4,沟通/学/误会/冲突/避免/。,train
train-01484,C/train-01484.mp4,做/家务/发言2/权/我/有/。,train
train-01485,D/train-01485.mp4,去/写/作业/。,train
train-01486,D/train-01486.mp4,去/图书馆/出口/选/什么/？,train
train-01487,D/train-01487.mp4,去年/夏天/照片/怎么样/？,train
train-01488,D/train-01488.mp4,去/做/兵/。,train
train-01489,D/train-01489.mp4,去/乒乓球/。,train
train-01490,D/train-01490.mp4,去/篮球/。,train
train-01491,D/train-01491.mp4,去/羽毛球/。,train
train-01492,D/train-01492.mp4,去/游泳/。,train
train-01493,D/train-01493.mp4,去/足球/。,train
train-01494,D/train-01494.mp4,去/车/站/怎么/走/？,train
train-01495,D/train-01495.mp4,去/车/里/找找/。,train
train-01496,D/train-01496.mp4,去/近/咖啡/屋/喝/咖啡/。,train
train-01497,D/train-01497.mp4,去/饭店/吃/。,train
train-01498,D/train-01498.mp4,又/到/广告/时间/。,train
train-01499,D/train-01499.mp4,又/猫/一/来/到/我/家/。,train
train-01500,D/train-01500.mp4,又/被/他/纠缠/。,train
train-01501,D/train-01501.mp4,又/做/什么/去/。,train
train-01502,D/train-01502.mp4,双方/关系/好/双赢/会/顺利/。,train
train-01503,D/train-01503.mp4,双方/利益/做到/共识/。,train
train-01504,D/train-01504.mp4,反正/你/多/看不完/，/先/借（我）/看看/好不好/？,train
train-01505,D/train-01505.mp4,作用/越来越/重要/。,train
train-01506,D/train-01506.mp4,自/我/减/压/方式/发脾气/是/。,train
train-01507,D/train-01507.mp4,改变/说话/不愿意/。,train
train-01508,D/train-01508.mp4,叙利亚/收到/中国/捐款/数千次/。,train
train-01509,D/train-01509.mp4,只/剩/位置2/一/？,train
train-01510,D/train-01510.mp4,为/消遣/。,train
train-01511,D/train-01511.mp4,来过/一/2次/完了/。,train
train-01512,D/train-01512.mp4,找/到/工作/他/钱/够/继续/接受/教育/可以/。,train
train-01513,D/train-01513.mp4,必须/现金/支付/。,train
train-01514,D/train-01514.mp4,只要2/你/想/做/你/做/到/可以/。,train
train-01515,D/train-01515.mp4,只要2/你/玩/开心/花钱/多少/不/重要/。,train
train-01516,D/train-01516.mp4,只要2/你/相信/我/。,train
train-01517,D/train-01517.mp4,只要2/我们/在/一起/我/觉得/年轻/。,train
train-01518,D/train-01518.mp4,只要2/几百/人民币/做到/可以/。,train
train-01519,D/train-01519.mp4,叫1/孩子们/起床/。,train
train-01520,D/train-01520.mp4,可以/用/电炉/？,train
train-01521,D/train-01521.mp4,可以/便宜/？,train
train-01522,D/train-01522.mp4,可以/再/给(我)/机会/一个/？,train
train-01523,D/train-01523.mp4,可以/分享/？,train
train-01524,D/train-01524.mp4,可以/分开2/买/？,train
train-01525,D/train-01525.mp4,可以/信用卡/刷/？,train
train-01526,D/train-01526.mp4,可以/。,train
train-01527,D/train-01527.mp4,可以/告诉(我)/你/日常/护理/方法/？,train
train-01528,D/train-01528.mp4,可以/墙/设计/橱柜/一/？,train
train-01529,D/train-01529.mp4,可以/在/船/就餐/。,train
train-01530,D/train-01530.mp4,可以/带/我/去/买/？,train
train-01531,D/train-01531.mp4,可以/帮助（我）/开/空调/？,train
train-01532,D/train-01532.mp4,可以/帮助（我）/称/这/西红柿/？,train
train-01533,D/train-01533.mp4,可以/空调/调/高/？,train
train-01534,D/train-01534.mp4,可以/拜托/你/做/事/？,train
train-01535,D/train-01535.mp4,复印/可以/。,train
train-01536,D/train-01536.mp4,卖/容易/更1/。,train
train-01537,D/train-01537.mp4,可以/根据/自己/要求/预算/做/选择/。,train
train-01538,D/train-01538.mp4,可以/给(我)/一个/枕头/毛毯/？,train
train-01539,D/train-01539.mp4,可以/给(我)/开/发票/？,train
train-01540,D/train-01540.mp4,可以/试/我们/这/补/水/套装/，/效果/很1/好/。,train
train-01541,D/train-01541.mp4,可以/找/你/借/钱/？,train
train-01542,D/train-01542.mp4,可以/和/我/说/。,train
train-01543,D/train-01543.mp4,可以/进来/？,train
train-01544,D/train-01544.mp4,可以/请/你/跳/下/一/舞蹈/？,train
train-01545,D/train-01545.mp4,可以/再/一遍/？,train
train-01546,D/train-01546.mp4,扔/垃圾/不要/忘了/。,train
train-01547,D/train-01547.mp4,可能1/？,train
train-01548,D/train-01548.mp4,如果/她/说/不/怎么办/？,train
train-01549,D/train-01549.mp4,信息/源/可靠2/。,train
train-01550,D/train-01550.mp4,司机/快/一/点/。,train
train-01551,D/train-01551.mp4,吃/早/饭/？,train
train-01552,D/train-01552.mp4,吃完/东西/漱口/要/。,train
train-01553,D/train-01553.mp4,吃药/？,train
train-01554,D/train-01554.mp4,吃/菠萝/前/要/用/盐/水/浸泡/。,train
train-01555,D/train-01555.mp4,吃/起来/软1/。,train
train-01556,D/train-01556.mp4,吃饭/前/请/洗/手/。,train
train-01557,D/train-01557.mp4,各地/高考/会/结束/。,train
train-01558,D/train-01558.mp4,合理/利用2/自然/对/人类/价值/。,train
train-01559,D/train-01559.mp4,同学们/积极/试/。,train
train-01560,D/train-01560.mp4,相同/错误/不要/2次/。,train
train-01561,D/train-01561.mp4,后悔/知道/晚/。,train
train-01562,D/train-01562.mp4,向/你/问/好/。,train
train-01563,D/train-01563.mp4,听/很1/好/。,train
train-01564,D/train-01564.mp4,听/话/他/笑/。,train
train-01565,D/train-01565.mp4,听/他/讲座/无聊/。,train
train-01566,D/train-01566.mp4,听/这个/消息/我/很1/难受/。,train
train-01567,D/train-01567.mp4,听/这/消息/我/很1/高兴/。,train
train-01568,D/train-01568.mp4,听说/你/搬/新/房子/。,train
train-01569,D/train-01569.mp4,听说/你/家/有/空/房子/。,train
train-01570,D/train-01570.mp4,听说/你/要/走了/。,train
train-01571,D/train-01571.mp4,听/起来/很1/好/。,train
train-01572,D/train-01572.mp4,吸尘器/很1/重/。,train
train-01573,D/train-01573.mp4,吸引/更1/多/人/来/投资/。,train
train-01574,D/train-01574.mp4,告诉/你/怎么/做/就/怎么/做/。,train
train-01575,D/train-01575.mp4,告诉/我/一个/好/笑/故事/。,train
train-01576,D/train-01576.mp4,周围/环境/怎么样/？,train
train-01577,D/train-01577.mp4,周末/一起/去/钓鱼/？,train
train-01578,D/train-01578.mp4,周末/我们/一起/去/游泳/好不好/？,train
train-01579,D/train-01579.mp4,周末/我们/一起/去/玩/好不好/？,train
train-01580,D/train-01580.mp4,周末/免费/。,train
train-01581,D/train-01581.mp4,周末/有/什么/计划/？,train
train-01582,D/train-01582.mp4,和/你/最2/好/朋友/都/喜欢/做/什么/？,train
train-01583,D/train-01583.mp4,咖啡/可以/帮助（我）/提神/。,train
train-01584,D/train-01584.mp4,咖啡馆/往往/在/街道/安静/。,train
train-01585,D/train-01585.mp4,我们/先/观察/。,train
train-01586,D/train-01586.mp4,我们/出去/说/。,train
train-01587,D/train-01587.mp4,我们/别/浪费/时间/。,train
train-01588,D/train-01588.mp4,我们/又/见面/。,train
train-01589,D/train-01589.mp4,我们/以后/再/见/。,train
train-01590,D/train-01590.mp4,我们家/环保/意识1/应该/有/。,train
train-01591,D/train-01591.mp4,我们/这/旧/家具/扔/。,train
train-01592,D/train-01592.mp4,我们/收拾/好/东西/到/家乡/过/一/星期/。,train
train-01593,D/train-01593.mp4,我们/蜡烛/看/电视/。,train
train-01594,D/train-01594.mp4,我们/继续/前/走/天/快/黑了/。,train
train-01595,D/train-01595.mp4,我们/想/方法/改/进步/。,train
train-01596,D/train-01596.mp4,时间/随便1/。,train
train-01597,D/train-01597.mp4,我/座位/哪个/？,train
train-01598,D/train-01598.mp4,什么/习惯/可以/帮助/我们/改变/生活/？,train
train-01599,D/train-01599.mp4,这样/好/事/没有/。,train
train-01600,D/train-01600.mp4,这/事/没有/。,train
train-01601,D/train-01601.mp4,礼店/在哪/？,train
train-01602,D/train-01602.mp4,随便1/只要2/你/感觉/好/。,train
train-01603,D/train-01603.mp4,这/多/钱/来/哪/？,train
train-01604,D/train-01604.mp4,哪里/不/舒服/？,train
train-01605,D/train-01605.mp4,花瓶/漂亮/哪/来/？,train
train-01606,D/train-01606.mp4,啤酒/在哪/？,train
train-01607,D/train-01607.mp4,喜欢/参加/团队/合作/项目/？,train
train-01608,D/train-01608.mp4,喜欢/和/朋友/一起/打牌/？,train
train-01609,D/train-01609.mp4,喜欢/喝咖啡/还是/茶/？,train
train-01610,D/train-01610.mp4,喜欢/在/动物园/里/看/熊猫/。,train
train-01611,D/train-01611.mp4,喜欢/看什么/类型/电影/或者/电视/节目/？,train
train-01612,D/train-01612.mp4,这/季节/喜欢/？,train
train-01613,D/train-01613.mp4,这/裙子/喜欢/？,train
train-01614,D/train-01614.mp4,喝茶/？,train
train-01615,D/train-01615.mp4,喝茶/帮助/消化/。,train
train-01616,D/train-01616.mp4,嘌呤/化合物/是/。,train
train-01617,D/train-01617.mp4,噪音/我/集/注意/工作2/不行2/。,train
train-01618,D/train-01618.mp4,四点/半/到/二/号/楼/一楼/门口/见面/。,train
train-01619,D/train-01619.mp4,因为/雨/所以/草/绿/很1/。,train
train-01620,D/train-01620.mp4,因为/雨/所以/我/给/妈妈/送伞/。,train
train-01621,D/train-01621.mp4,因为/雨/所以/运动会/办/不行2/。,train
train-01622,D/train-01622.mp4,因为/今天/端午节/是/。,train
train-01623,D/train-01623.mp4,因为/他/刚刚/结婚/。,train
train-01624,D/train-01624.mp4,因为/你/是/我/喜欢/类型/。,train
train-01625,D/train-01625.mp4,因为/你/我们/雨/等/3小时/。,train
train-01626,D/train-01626.mp4,因为/天气/冷/很1/所以/棉衣/穿/。,train
train-01627,D/train-01627.mp4,因为/我/喜欢/东西/都/很1/贵/。,train
train-01628,D/train-01628.mp4,因为/我/妈妈/电话/有/所以/联系/方便/。,train
train-01629,D/train-01629.mp4,因为/我/考试/一百/所以/妈妈/笑/。,train
train-01630,D/train-01630.mp4,因为/秋天/到/所以/叶2/叶2/改变/黄/。,train
train-01631,D/train-01631.mp4,因为/经济/衰退/很1多/企业/倒闭/。,train
train-01632,D/train-01632.mp4,因为/损坏/严重/这/桥/用/不行2/。,train
train-01633,D/train-01633.mp4,中国/地铁/里程2/到/8/0/1/2/公里/。,train
train-01634,D/train-01634.mp4,国家/支持/这/项目/。,train
train-01635,D/train-01635.mp4,国家/所有/土地/属于3/国家/。,train
train-01636,D/train-01636.mp4,国家/艺术馆/在哪/？,train
train-01637,D/train-01637.mp4,国家地铁/亏损/程度/让/人/惊讶/。,train
train-01638,D/train-01638.mp4,国际/小/包裹2/邮件/重量/限度/多少/？,train
train-01639,D/train-01639.mp4,图书馆/在/车站/旁边/。,train
train-01640,D/train-01640.mp4,图书馆/参考/资料/多/。,train
train-01641,D/train-01641.mp4,圆窗/外边/常青藤/。,train
train-01642,D/train-01642.mp4,土豆/确认/主/粮食/是/。,train
train-01643,D/train-01643.mp4,在/一楼/展厅/。,train
train-01644,D/train-01644.mp4,上下班/高峰期/汽车/在/这/堵车/。,train
train-01645,D/train-01645.mp4,在/二号楼/二楼/。,train
train-01646,D/train-01646.mp4,在/人类/生活/方方面面/。,train
train-01647,D/train-01647.mp4,在/做/明天/方案/。,train
train-01648,D/train-01648.mp4,在/办公室/抽烟/可以/？,train
train-01649,D/train-01649.mp4,在/北京/旅游/时候/吃/传统/烤鸭/好/。,train
train-01650,D/train-01650.mp4,在/单位/解决/同事/之间/纠纷/。,train
train-01651,D/train-01651.mp4,在哪/买/票/？,train
train-01652,D/train-01652.mp4,在/哪/办理/登记/手续/？,train
train-01653,D/train-01653.mp4,妈妈/帮助（我）/我/学会/焙/饼干/。,train
train-01654,D/train-01654.mp4,在/实验1/期间/他/经历1/很1/多/困难/。,train
train-01655,D/train-01655.mp4,在/长/这/时间/里/。,train
train-01656,D/train-01656.mp4,在/我们/客人/里/学生/占/一半/。,train
train-01657,D/train-01657.mp4,在/新/起点/继续/推动/文化/繁荣/。,train
train-01658,D/train-01658.mp4,在/最后/时间/她/改变/想法/。,train
train-01659,D/train-01659.mp4,在/桌子/下/。,train
train-01660,D/train-01660.mp4,在/这次/会议/时间/他们/问/多/。,train
train-01661,D/train-01661.mp4,游泳/前/一定/要/热身/够/。,train
train-01662,D/train-01662.mp4,滑冰/时候/你/要/学会/保持/平衡/。,train
train-01663,D/train-01663.mp4,买/东西/时候/你/喜欢/用/什么/付钱/？,train
train-01664,D/train-01664.mp4,买/东西/时候/你/信任/什么/店/？,train
train-01665,D/train-01665.mp4,买/东西/时候/你/看重/什么/方面/？,train
train-01666,D/train-01666.mp4,车/撞/前/你/看到/车/？,train
train-01667,D/train-01667.mp4,这/区域/很1/需要/老师/。,train
train-01668,D/train-01668.mp4,在/这里/像/都/慢/。,train
train-01669,D/train-01669.mp4,在/这/吃/还是/带走/？,train
train-01670,D/train-01670.mp4,机构/改革/前/几个/障碍/必须/克服1/。,train
train-01671,D/train-01671.mp4,在/那个/柜台/。,train
train-01672,D/train-01672.mp4,在/里边/请/安静/。,train
train-01673,D/train-01673.mp4,在/飞机/我/睡/不行2/。,train
train-01674,D/train-01674.mp4,地/滑/。,train
train-01675,D/train-01675.mp4,地板/玩具/乱/。,train
train-01676,D/train-01676.mp4,地球/植物/多/。,train
train-01677,D/train-01677.mp4,地球/房子/多/。,train
train-01678,D/train-01678.mp4,地球/圆地球/是/。,train
train-01679,D/train-01679.mp4,地球/什么时候/开始/有/？,train
train-01680,D/train-01680.mp4,地铁/方便/换/不行2/。,train
train-01681,D/train-01681.mp4,地铁/门/开关/自动/注意/。,train
train-01682,D/train-01682.mp4,城市/地铁/面积/节省/。,train
train-01683,D/train-01683.mp4,做/公/共/汽车/去/时间/多少/？,train
train-01684,D/train-01684.mp4,坚持/是/胜利1/。,train
train-01685,D/train-01685.mp4,埃及/情况/不/稳定/。,train
train-01686,D/train-01686.mp4,城/几乎/每/人/都/来/听/市长/演讲/。,train
train-01687,D/train-01687.mp4,塔克拉玛干沙漠/地下水/存储/水/数量/占/世界/淡水/20%/。,train
train-01688,D/train-01688.mp4,壁炉/前/放/地毯/要不要/。,train
train-01689,D/train-01689.mp4,社会1/现象/复杂/。,train
train-01690,D/train-01690.mp4,夏天/产/水果/多/好季节/。,train
train-01691,D/train-01691.mp4,夏天/水果/非常/好吃/。,train
train-01692,D/train-01692.mp4,工地/热/。,train
train-01693,D/train-01693.mp4,外人/进去/不行2/。,train
train-01694,D/train-01694.mp4,外卖/快递/服务/生活/重要/。,train
train-01695,D/train-01695.mp4,外卖/快递/服务/方便/。,train
train-01696,D/train-01696.mp4,外婆/说/院子/水果{水果词汇的第二个手势}/熟/快/。,train
train-01697,D/train-01697.mp4,多少/时间/到/？,train
train-01698,D/train-01698.mp4,快乐/一天/。,train
train-01699,D/train-01699.mp4,多/少/都/可以/。,train
train-01700,D/train-01700.mp4,谢谢（你）/帮助（我）/。,train
train-01701,D/train-01701.mp4,多/空气/质量/指标/反弹/。,train
train-01702,D/train-01702.mp4,大/城市/建立/楼层/楼层/越来越1/。,train
train-01703,D/train-01703.mp4,多/整形/手术/安全/。,train
train-01704,D/train-01704.mp4,大学/毕业/后/这/方面/工作/我/做过/。,train
train-01705,D/train-01705.mp4,大家/紧张/不要/。,train
train-01706,D/train-01706.mp4,大家/凑钱/帮助/那个/孤儿/。,train
train-01707,D/train-01707.mp4,大家/分/。,train
train-01708,D/train-01708.mp4,大家/早上/好/。,train
train-01709,D/train-01709.mp4,大家/研究/如何/理财/。,train
train-01710,D/train-01710.mp4,大家/记得/互相/鼓励/。,train
train-01711,D/train-01711.mp4,没人/知道/。,train
train-01712,D/train-01712.mp4,大家/都/坚持/防守/。,train
train-01713,D/train-01713.mp4,大家/玩/开心/。,train
train-01714,D/train-01714.mp4,差不多/半年/。,train
train-01715,D/train-01715.mp4,大/熊猫/可爱/很1/。,train
train-01716,D/train-01716.mp4,大/熊猫/是/我/最2/喜欢/动物/。,train
train-01717,D/train-01717.mp4,差不多/时间/一周/。,train
train-01718,D/train-01718.mp4,大/自然/是/人类/依靠/生存/发展/基本/条件/。,train
train-01719,D/train-01719.mp4,大豆/以前/变成/我国/人民/食物/可以/。,train
train-01720,D/train-01720.mp4,大豆/包含/营养/富/便宜/。,train
train-01721,D/train-01721.mp4,大/部分/在/江西/景德镇/烧制/。,train
train-01722,D/train-01722.mp4,大/部分/游戏/差不多/这/钱/。,train
train-01723,D/train-01723.mp4,多/火山/灰/漂浮物/随风/欧洲/。,train
train-01724,D/train-01724.mp4,大量/雨/河流/变/灾难/。,train
train-01725,D/train-01725.mp4,大/雨/阻止/我们/野餐/计划/。,train
train-01726,D/train-01726.mp4,天气/利用2/没有/可惜/。,train
train-01727,D/train-01727.mp4,天/热/很1/。,train
train-01728,D/train-01728.mp4,天/热/很1/不想/去/。,train
train-01729,D/train-01729.mp4,天气/奇怪/，/刚刚/太阳/。,train
train-01730,D/train-01730.mp4,天气/冷/你/穿/厚/。,train
train-01731,D/train-01731.mp4,天气/怎么样/？,train
train-01732,D/train-01732.mp4,天气/慢慢/凉快/。,train
train-01733,D/train-01733.mp4,天气/特别/冷/要/穿/大/衣/。,train
train-01734,D/train-01734.mp4,天气/好/出去/要/？,train
train-01735,D/train-01735.mp4,天气/预报/明天/下雪/？,train
train-01736,D/train-01736.mp4,天空/云/越来越1/多/。,train
train-01737,D/train-01737.mp4,惊讶/。,train
train-01738,D/train-01738.mp4,坏/。,train
train-01739,D/train-01739.mp4,好/你/同意/我/想法/。,train
train-01740,D/train-01740.mp4,厉害/。,train
train-01741,D/train-01741.mp4,烫/。,train
train-01742,D/train-01742.mp4,生气/。,train
train-01743,D/train-01743.mp4,感动/。,train
train-01744,D/train-01744.mp4,丢/自己/尊重/良心/。,train
train-01745,D/train-01745.mp4,失败2/在/等/。,train
train-01746,D/train-01746.mp4,奋斗/中/创造/精彩/人生/。,train
train-01747,D/train-01747.mp4,套餐/里/包括/饮料/？,train
train-01748,D/train-01748.mp4,女孩/不小心/桌子/玻璃/杯/落/。,train
train-01749,D/train-01749.mp4,女朋友/刚刚/我/分手/。,train
train-01750,D/train-01750.mp4,奶奶/对/我/态度/温柔/一直/。,train
train-01751,D/train-01751.mp4,她/一定/伤心/很1/。,train
train-01752,D/train-01752.mp4,他/穿/没有/。,train
train-01753,D/train-01753.mp4,她们/有/思想/。,train
train-01754,D/train-01754.mp4,她们/有/才华/。,train
train-01755,D/train-01755.mp4,她们/有/灵魂/。,train
train-01756,D/train-01756.mp4,她/刚/要/跟随/。,train
train-01757,D/train-01757.mp4,她/努力/实现/理想/。,train
train-01758,D/train-01758.mp4,她/穿/衣服/急/。,train
train-01759,D/train-01759.mp4,她/喜欢/什么/？,train
train-01760,D/train-01760.mp4,她/喜欢/自己/化妆/穿/漂亮/去/参加/晚会/。,train
train-01761,D/train-01761.mp4,她/事故/时候/失明/。,train
train-01762,D/train-01762.mp4,她/在/大学/主修/数学/物理/。,train
train-01763,D/train-01763.mp4,她/拍照/技术/特别/好/。,train
train-01764,D/train-01764.mp4,她/控告/他/偷/手表/。,train
train-01765,D/train-01765.mp4,她/教/外国/学生/汉语/。,train
train-01766,D/train-01766.mp4,她/全部/上午/在/打电话/。,train
train-01767,D/train-01767.mp4,她/可以/干/可靠/。,train
train-01768,D/train-01768.mp4,她/晕/。,train
train-01769,D/train-01769.mp4,她/活泼/孩子/是/大家/都/喜欢/她/。,train
train-01770,D/train-01770.mp4,她/是/我/英语/老师/。,train
train-01771,D/train-01771.mp4,她/健康/情况/在/慢慢/好转/。,train
train-01772,D/train-01772.mp4,她/勤奋/为/他人/树立/榜样/。,train
train-01773,D/train-01773.mp4,她/幽默/吸引（我）/。,train
train-01774,D/train-01774.mp4,她/收入/支出/差别/大/。,train
train-01775,D/train-01775.mp4,她/演说/对/我/影响/大/。,train
train-01776,D/train-01776.mp4,她/吃/非常/小/。,train
train-01777,D/train-01777.mp4,她/看到/妈妈/时候/哭/忍/不行2/。,train
train-01778,D/train-01778.mp4,她/真2/希望/今天/早上/闹钟/响/。,train
train-01779,D/train-01779.mp4,她/借/车/按/小时/收/费/。,train
train-01780,D/train-01780.mp4,她/健美操/练/过/？,train
train-01781,D/train-01781.mp4,她/能/满足/所有/心愿/。,train
train-01782,D/train-01782.mp4,她/花钱/多/买书/。,train
train-01783,D/train-01783.mp4,她/穷/但是/人品/正/。,train
train-01784,D/train-01784.mp4,她/这样/做/是/尊敬/老师/。,train
train-01785,D/train-01785.mp4,她/长大/要/做/警察/。,train
train-01786,D/train-01786.mp4,她/生活/依靠/写作/。,train
train-01787,D/train-01787.mp4,好/想法/。,train
train-01788,D/train-01788.mp4,长时间/见/没有/。,train
train-01789,D/train-01789.mp4,我/好事/常常/发生/。,train
train-01790,D/train-01790.mp4,好像/身体/不一样/感觉/没有/。,train
train-01791,D/train-01791.mp4,几年/回去/没有/。,train
train-01792,D/train-01792.mp4,好好/学/。,train
train-01793,D/train-01793.mp4,好好/休息/。,train
train-01794,D/train-01794.mp4,好/。,train
train-01795,D/train-01795.mp4,好/用/便宜/。,train
train-01796,D/train-01796.mp4,好/建议/。,train
train-01797,D/train-01797.mp4,好/我/会/试试/。,train
train-01798,D/train-01798.mp4,好/我/知道/。,train
train-01799,D/train-01799.mp4,好/我/给你/。,train
train-01800,D/train-01800.mp4,累/很1/工作2/一天/。,train
train-01801,D/train-01801.mp4,现在/每个/行业/青年/都在/展示/自己/责任/担当/。,train
train-01802,D/train-01802.mp4,现在/几百万/华人/生活/在/非洲/。,train
train-01803,D/train-01803.mp4,如何/克服/公共/演讲/紧张/？,train
train-01804,D/train-01804.mp4,如何/克服/迷茫/无助/心情/？,train
train-01805,D/train-01805.mp4,如何/在/创新/方面/一直/进化/？,train
train-01806,D/train-01806.mp4,如何/在/职场/一直/提高/工作/效率/？,train
train-01807,D/train-01807.mp4,如何/处理/挫折/失败/？,train
train-01808,D/train-01808.mp4,如何/处理/急/情况/突发/事/？,train
train-01809,D/train-01809.mp4,如何/处理/身边/负面/情绪/？,train
train-01810,D/train-01810.mp4,如何/平衡/享受/快乐/责任/关系/？,train
train-01811,D/train-01811.mp4,如何/面对/恶性/竞争/环境/？,train
train-01812,D/train-01812.mp4,如何/成为/成功/投资/人/？,train
train-01813,D/train-01813.mp4,如何/掌握/专业/能力/？,train
train-01814,D/train-01814.mp4,如何/提高/自己/创造/能力/？,train
train-01815,D/train-01815.mp4,如何/提高/自己/沟通/技术/？,train
train-01816,D/train-01816.mp4,如何/有效/解决/睡眠/问题/？,train
train-01817,D/train-01817.mp4,如何/管理/自己/时间/？,train
train-01818,D/train-01818.mp4,如何/缓解/压力/焦虑/？,train
train-01819,D/train-01819.mp4,如何/让/自己/有/领导2/力/？,train
train-01820,D/train-01820.mp4,如何/跨/人生/困难/？,train
train-01821,D/train-01821.mp4,如何/快/恢复/精神/状态/？,train
train-01822,D/train-01822.mp4,如果/你/愿意/可以/来/。,train
train-01823,D/train-01823.mp4,如果/你/有空/到/我家/来/。,train
train-01824,D/train-01824.mp4,如果/你/彩/票/赢了/这个/钱/怎么花/？,train
train-01825,D/train-01825.mp4,如果/出现/通货膨胀/怎么办/？,train
train-01826,D/train-01826.mp4,如果/可以/我/喜欢/窗户/边/桌子/。,train
train-01827,D/train-01827.mp4,如果/可以/请/预订/这个/星期五/。,train
train-01828,D/train-01828.mp4,如果/你/想/要/比赛/优秀/要用/时间/更1/多/。,train
train-01829,D/train-01829.mp4,如果/你/邮寄/明信片/加/装饰/不要/。,train
train-01830,D/train-01830.mp4,如果/我/买/这些/东西/给我/降价/优惠券/可以/？,train
train-01831,D/train-01831.mp4,如果/我们/聘用/你/你/什么/时候/可以/上班/？,train
train-01832,D/train-01832.mp4,如果/我们/走/高速/只/用/15分钟/到/。,train
train-01833,D/train-01833.mp4,如果/我/不/节制/迟早/会/破产1/。,train
train-01834,D/train-01834.mp4,如果/我/是/你/我/不/会/放/心/。,train
train-01835,D/train-01835.mp4,如果/我/现在/订/西装/1/多久/到/？,train
train-01836,D/train-01836.mp4,如果/有/要求/请/全部/告诉/我/。,train
train-01837,D/train-01837.mp4,如果/有/V/I/P/卡/你/可以/收到/9折/。,train
train-01838,D/train-01838.mp4,如果/我/现在/出发/我们/赶上/可以/。,train
train-01839,D/train-01839.mp4,如果/被/接受/就/可以/成为/法律/。,train
train-01840,D/train-01840.mp4,如果/邮寄/书/多/你/最2/好/用/Y/ZH/专{专业词汇的第一个手势}/用/邮寄/箱/邮寄/。,train
train-01841,D/train-01841.mp4,妈妈们/聚会/好/主意/是/？,train
train-01842,D/train-01842.mp4,妈妈/到/早市/买/1/西瓜/大/。,train
train-01843,D/train-01843.mp4,妈妈/同意/我/要求/。,train
train-01844,D/train-01844.mp4,妈妈/在/外边/等/你/。,train
train-01845,D/train-01845.mp4,姥姥/给我/买/水果/多/。,train
train-01846,D/train-01846.mp4,结婚/时候/会/有/很1/多/历史/久/传统/。,train
train-01847,D/train-01847.mp4,孩子们/在/沙滩/寻找/贝壳/。,train
train-01848,D/train-01848.mp4,存款/年/利率/多少/？,train
train-01849,D/train-01849.mp4,学习/知识/技能/。,train
train-01850,D/train-01850.mp4,学习/语言/兴趣/满/。,train
train-01851,D/train-01851.mp4,学习/一年半/。,train
train-01852,D/train-01852.mp4,学生们/正在/忙/为/期/最后/考试/做/准备/。,train
train-01853,D/train-01853.mp4,孩子们/在/捉迷藏/游戏/找/到/大/乐趣/。,train
train-01854,D/train-01854.mp4,孩子们/算/正确/答案/用/时间/短/。,train
train-01855,D/train-01855.mp4,它们/喜欢/吃/竹子/。,train
train-01856,D/train-01856.mp4,它们/是/山羊/。,train
train-01857,D/train-01857.mp4,它们/黑白/相间/。,train
train-01858,D/train-01858.mp4,它们/有/2只/黑/眼睛/。,train
train-01859,D/train-01859.mp4,它们/身体/胖/很1/。,train
train-01860,D/train-01860.mp4,它/甜/美/很1/。,train
train-01861,D/train-01861.mp4,它/是/茶色/小/旅行/袋/。,train
train-01862,D/train-01862.mp4,它/国外/进口/。,train
train-01863,D/train-01863.mp4,它/棕色/。,train
train-01864,D/train-01864.mp4,它/历史/多久/。,train
train-01865,D/train-01865.mp4,它/起源/至今/迷/。,train
train-01866,D/train-01866.mp4,它/看/精致/。,train
train-01867,D/train-01867.mp4,它/远/建议/你/公交/出租车/。,train
train-01868,D/train-01868.mp4,安全/第一1/。,train
train-01869,D/train-01869.mp4,安全/驾驶/规则/合适/每人/。,train
train-01870,D/train-01870.mp4,观点/不一样/。,train
train-01871,D/train-01871.mp4,完备/国产化/产业/。,train
train-01872,D/train-01872.mp4,定位/我/手机/。,train
train-01873,D/train-01873.mp4,自然/资源/宝贵/。,train
train-01874,D/train-01874.mp4,不/好/意思/。,train
train-01875,D/train-01875.mp4,真/不知道/去哪/。,train
train-01876,D/train-01876.mp4,真/感谢/。,train
train-01877,D/train-01877.mp4,真/没/教养/。,train
train-01878,D/train-01878.mp4,真/对不起1/让/你/辛苦/。,train
train-01879,D/train-01879.mp4,真/抱歉/我们/问题/是/。,train
train-01880,D/train-01880.mp4,真/过分/。,train
train-01881,D/train-01881.mp4,实现/中/华/民族/伟大/复兴/重要1/时间/。,train
train-01882,D/train-01882.mp4,客人/贵重/物品/放/宾馆/保险/柜/可以/。,train
train-01883,D/train-01883.mp4,宣传/中药/文化2/。,train
train-01884,D/train-01884.mp4,让/我/找/时间/久/。,train
train-01885,D/train-01885.mp4,家里/食物/没有/。,train
train-01886,D/train-01886.mp4,宿舍/楼/在哪/？,train
train-01887,D/train-01887.mp4,密码/什么/？,train
train-01888,D/train-01888.mp4,对/公司/来说/可以/跟随/市场/变化/重要1/。,train
train-01889,D/train-01889.mp4,对不起2/。,train
train-01890,D/train-01890.mp4,对不起2/用/你/时间/多/。,train
train-01891,D/train-01891.mp4,对不起2/卖/完了/。,train
train-01892,D/train-01892.mp4,对不起2/外国/邮票/在/中国/用/不行2/。,train
train-01893,D/train-01893.mp4,对不起2/她/正在/接待/客人/。,train
train-01894,D/train-01894.mp4,对不起2/她/现在/离开/不行2/。,train
train-01895,D/train-01895.mp4,对不起2/你/账户/剩/钱/不够/。,train
train-01896,D/train-01896.mp4,对不起2/我/五音/不全/。,train
train-01897,D/train-01897.mp4,对不起2/我/又/迟到/。,train
train-01898,D/train-01898.mp4,对不起2/我/忘记/V/I/P/卡/密码/。,train
train-01899,D/train-01899.mp4,对不起2/我/没/听/清楚/。,train
train-01900,D/train-01900.mp4,对不起2/我/没有/注意/标志/牌/。,train
train-01901,D/train-01901.mp4,对不起2/让你/等/时间/长/。,train
train-01902,D/train-01902.mp4,对不起2/请问/。,train
train-01903,D/train-01903.mp4,对不起2/这/抽烟/不行2/。,train
train-01904,D/train-01904.mp4,他/想法/你/反对1/还是/赞成/？,train
train-01905,D/train-01905.mp4,对/我/来说/有点/难/。,train
train-01906,D/train-01906.mp4,对/拓展/自己/社交圈/建议/有/？,train
train-01907,D/train-01907.mp4,对/文化/差异/你/看法/体会/有/？,train
train-01908,D/train-01908.mp4,对/未来/婚姻/家庭/回忆/考虑/有/？,train
train-01909,D/train-01909.mp4,对/买/奢侈品/你/市场/调研/有/？,train
train-01910,D/train-01910.mp4,对/我/重要/很1/。,train
train-01911,D/train-01911.mp4,对方/现在/有点/忙/。,train
train-01912,D/train-01912.mp4,对/时尚/理解/我们/不一样/。,train
train-01913,D/train-01913.mp4,对/这/我/抱歉1/。,train
train-01914,D/train-01914.mp4,对/人民/健康/危害/有/。,train
train-01915,D/train-01915.mp4,对/法语/英语/一样/熟练/。,train
train-01916,D/train-01916.mp4,对/特价/商品/你/多次/比较/会/？,train
train-01917,D/train-01917.mp4,对/这/问题/态度/不一样/。,train
train-01918,D/train-01918.mp4,对/这/问题/不知道/。,train
train-01919,D/train-01919.mp4,寿司/怎么吃/？,train
train-01920,D/train-01920.mp4,小孩/伤心/哭/。,train
train-01921,D/train-01921.mp4,小心/点/。,train
train-01922,D/train-01922.mp4,小时候/我/常常/饼干/做/零食/。,train
train-01923,D/train-01923.mp4,依靠/你/身份/。,train
train-01924,D/train-01924.mp4,不用/等我/。,train
train-01925,D/train-01925.mp4,在/街道/对面/电影院/前/。,train
train-01926,D/train-01926.mp4,按/你/说/做/。,train
train-01927,D/train-01927.mp4,是/我/。,train
train-01928,D/train-01928.mp4,有钱/。,train
train-01929,D/train-01929.mp4,这/是/。,train
train-01930,D/train-01930.mp4,迟到/一点/。,train
train-01931,D/train-01931.mp4,就/知道/乱/说/。,train
train-01932,D/train-01932.mp4,让/我/付钱/完了/。,train
train-01933,D/train-01933.mp4,读/给我/听/完了/。,train
train-01934,D/train-01934.mp4,错/做/方法/快/改/。,train
train-01935,D/train-01935.mp4,早/快/过/正常/生活/。,train
train-01936,D/train-01936.mp4,失业/率/一直/提高/但是/首相/获得/支持/率/高/。,train
train-01937,D/train-01937.mp4,屏南县/在/福建省/宁德市1/。,train
train-01938,D/train-01938.mp4,展区/八月/延长/开放/时间/。,train
train-01939,D/train-01939.mp4,展览馆/每周/开放/7天/。,train
train-01940,D/train-01940.mp4,山药/可以/补/养/脾胃/。,train
train-01941,D/train-01941.mp4,山药/营养/丰富/食物/是/。,train
train-01942,D/train-01942.mp4,山顶/近/。,train
train-01943,D/train-01943.mp4,工业/对/燃料/需求/正在/增加/。,train
train-01944,D/train-01944.mp4,工作/压力/大/。,train
train-01945,D/train-01945.mp4,工作/就是/工作/。,train
train-01946,D/train-01946.mp4,工作/辛苦/收入/又/少/。,train
train-01947,D/train-01947.mp4,话/闭嘴/。,train
train-01948,D/train-01948.mp4,开/出租车/5年/。,train
train-01949,D/train-01949.mp4,巴黎/快/开始/时尚/表演/。,train
train-01950,D/train-01950.mp4,市值/超/2.2亿/美元/。,train
train-01951,D/train-01951.mp4,师傅/肉/一公斤/多少/钱/？,train
train-01952,D/train-01952.mp4,希望/事情/可以/改变/。,train
train-01953,D/train-01953.mp4,希望/你/心/连/祖国/。,train
train-01954,D/train-01954.mp4,希望/你/保持/继续/。,train
train-01955,D/train-01955.mp4,希望/你/在这/生活/愉快/。,train
train-01956,D/train-01956.mp4,希望/你/对/这/问题/关注/。,train
train-01957,D/train-01957.mp4,希望/你/可以/参加/我们/新年/晚会/。,train
train-01958,D/train-01958.mp4,希望/你/可以/给我/工作2/机会/。,train
train-01959,D/train-01959.mp4,希望/帮助/到/你/。,train
train-01960,D/train-01960.mp4,希望/你/允许/。,train
train-01961,D/train-01961.mp4,希望/你/再/来/我们/这/。,train
train-01962,D/train-01962.mp4,希望/你/在这/生活/愉快/。,train
train-01963,D/train-01963.mp4,希望/我们/以后/还/可以/见面/。,train
train-01964,D/train-01964.mp4,希望/没有/伤害/你/。,train
train-01965,D/train-01965.mp4,同学们/活跃/很1/。,train
train-01966,D/train-01966.mp4,和/你们/一起/共事/我/很1/开心/。,train
train-01967,D/train-01967.mp4,品德/最2/大/富/是/。,train
train-01968,D/train-01968.mp4,商/机{机会的第一个手势}/重要/很1/。,train
train-01969,D/train-01969.mp4,学习/中/文/对/我们/来说/很1/重要/。,train
train-01970,D/train-01970.mp4,学习/小组/有/谁/？,train
train-01971,D/train-01971.mp4,你/预定/包间/有/？,train
train-01972,D/train-01972.mp4,回忆/好笑/。,train
train-01973,D/train-01973.mp4,我/不会/讲/日语/。,train
train-01974,D/train-01974.mp4,我/不/忍心/打扰/你/睡觉/。,train
train-01975,D/train-01975.mp4,感恩/拥有/追求/更/好/前途/。,train
train-01976,D/train-01976.mp4,我/上/次/数学/考分1/100/。,train
train-01977,D/train-01977.mp4,我/不/喜欢/配送/慢/物流/。,train
train-01978,D/train-01978.mp4,我/不/喜欢/银色/家具/。,train
train-01979,D/train-01979.mp4,我/不小心/桌子/磕/。,train
train-01980,D/train-01980.mp4,我/买/了/裙子/1个/。,train
train-01981,D/train-01981.mp4,我/什么/时候/都/有/时间/。,train
train-01982,D/train-01982.mp4,我/今天/早上1/冷/。,train
train-01983,D/train-01983.mp4,我们/今天/全部/9折/。,train
train-01984,D/train-01984.mp4,我们/公司/要/一/推销员/。,train
train-01985,D/train-01985.mp4,我们/应该/充分/利用2/好/时间/。,train
train-01986,D/train-01986.mp4,我们/战术/完美/。,train
train-01987,D/train-01987.mp4,我们/要/在/这/扎营/。,train
train-01988,D/train-01988.mp4,我/会/帮助/保守/秘密/。,train
train-01989,D/train-01989.mp4,我/刚刚/去/银行/取钱/。,train
train-01990,D/train-01990.mp4,我/到/现在/逻辑/没有/。,train
train-01991,D/train-01991.mp4,我/可以/取得/成功/。,train
train-01992,E/train-01992.mp4,希望/班/里/每个/人/都/积极/参加/交流/。,train
train-01993,E/train-01993.mp4,希望/陪（你）/慢慢/成长/。,train
train-01994,E/train-01994.mp4,希望/教训/给（你）/。,train
train-01995,E/train-01995.mp4,带鱼/水/期/每年/时间/基本/固定/。,train
train-01996,E/train-01996.mp4,帮助（我）/材料/复印/可以/？,train
train-01997,E/train-01997.mp4,帮助（我）/想/怎么办/。,train
train-01998,E/train-01998.mp4,帮助（我）/照顾/弟弟/妹妹/。,train
train-01999,E/train-01999.mp4,帮助（我）/水果/刀/削/。,train
train-02000,E/train-02000.mp4,帮助（我）/装/。,train
train-02001,E/train-02001.mp4,英语/口语/常用/有/什么/？,train
train-02002,E/train-02002.mp4,窗/胶/条/贴/为什么/？,train
train-02003,E/train-02003.mp4,新鲜/花/送（你）/为什么/？,train
train-02004,E/train-02004.mp4,平时/我/妻子/做饭/。,train
train-02005,E/train-02005.mp4,平时/游戏/？,train
train-02006,E/train-02006.mp4,广西/西北/等/地/部分/中/大/雨/。,train
train-02007,E/train-02007.mp4,农作物/颜色/块/特别/新鲜/。,train
train-02008,E/train-02008.mp4,应该/给/钱/时间/停止/什么/？,train
train-02009,E/train-02009.mp4,建筑/工人/也/有/一点/危险/性/。,train
train-02010,E/train-02010.mp4,建议/家/官/帮助/孩子/看/。,train
train-02011,E/train-02011.mp4,建议/政府/群众/密/注意1/水/情况/变化/。,train
train-02012,E/train-02012.mp4,建设/中华/民族/现代/文明/。,train
train-02013,E/train-02013.mp4,建设/现代/化/人/和/自然/和谐/共/活/。,train
train-02014,E/train-02014.mp4,建设/文化/强/国/。,train
train-02015,E/train-02015.mp4,建设/新1/桥/工作/正/在/进行/。,train
train-02016,E/train-02016.mp4,建设/美丽/家园/要/全/社会/都/行动/起来/。,train
train-02017,E/train-02017.mp4,开/一个/动物/故事/或者/联系/集合/快乐/会/。,train
train-02018,E/train-02018.mp4,发票/开/。,train
train-02019,E/train-02019.mp4,开始/运动/前/我们/都/应该/暖/身体/。,train
train-02020,E/train-02020.mp4,开展/形式/多/样子/学习/实践/活动/。,train
train-02021,E/train-02021.mp4,引/广泛/公/群众/注意1/完了/。,train
train-02022,E/train-02022.mp4,等/你/下车/时/直/走/5个/路/区/就/到/。,train
train-02023,E/train-02023.mp4,那/时/你/开车/路/哪个/？,train
train-02024,E/train-02024.mp4,一定1/不行2/。,train
train-02025,E/train-02025.mp4,一定1/可以/。,train
train-02026,E/train-02026.mp4,一定1/是/我/。,train
train-02027,E/train-02027.mp4,水/煮/鱼/。,train
train-02028,E/train-02028.mp4,一定1/管/。,train
train-02029,E/train-02029.mp4,一定1/我/想/去/。,train
train-02030,E/train-02030.mp4,大家/在/我/不/勇敢/唱歌/。,train
train-02031,E/train-02031.mp4,等/船/港/时/我/想/看看/一点/。,train
train-02032,E/train-02032.mp4,当/车/门/正/在/关闭/上车/下车/请/禁止2/。,train
train-02033,E/train-02033.mp4,电影/里/出现1/多/热2/字/和/数/字/。,train
train-02034,E/train-02034.mp4,彼此/忘记/愁/。,train
train-02035,E/train-02035.mp4,向/前2/走/100/米/左/拐弯/就/到/。,train
train-02036,E/train-02036.mp4,很多/人/生活/变/工作/。,train
train-02037,E/train-02037.mp4,很多/人/衣服/口袋/没有2/。,train
train-02038,E/train-02038.mp4,很多/城市/都/开始/地铁/项目/。,train
train-02039,E/train-02039.mp4,很多/女生/衣服/口袋/没有2/。,train
train-02040,E/train-02040.mp4,奇怪2/？,train
train-02041,E/train-02041.mp4,对不起/让/你/失望/。,train
train-02042,E/train-02042.mp4,经验/价值/。,train
train-02043,E/train-02043.mp4,趣味/。,train
train-02044,E/train-02044.mp4,你/气/质/符合/。,train
train-02045,E/train-02045.mp4,和/各位/见面/光荣/。,train
train-02046,E/train-02046.mp4,遗憾/你/那个/工作/得到/没有2/。,train
train-02047,E/train-02047.mp4,服务/你/高兴/。,train
train-02048,E/train-02048.mp4,再/见/你/高兴/。,train
train-02049,E/train-02049.mp4,听/你/这样/说/高兴/。,train
train-02050,E/train-02050.mp4,我/帮助/可以/高兴/。,train
train-02051,E/train-02051.mp4,见/你/高兴/。,train
train-02052,E/train-02052.mp4,认识/你/高兴/。,train
train-02053,E/train-02053.mp4,微信/电话/联系/方式/你/喜欢/哪个/？,train
train-02054,E/train-02054.mp4,心/样子/重要/。,train
train-02055,E/train-02055.mp4,一定1/。,train
train-02056,E/train-02056.mp4,笑/忍/不行2/。,train
train-02057,E/train-02057.mp4,忙/什么/？,train
train-02058,E/train-02058.mp4,快/到/中午/吃饭/时间/。,train
train-02059,E/train-02059.mp4,快/回/座位/。,train
train-02060,E/train-02060.mp4,快/换/衣服/。,train
train-02061,E/train-02061.mp4,快/放开/我/。,train
train-02062,E/train-02062.mp4,快/来/看/好/信息/。,train
train-02063,E/train-02063.mp4,快/放弃/。,train
train-02064,E/train-02064.mp4,快/起床/。,train
train-02065,E/train-02065.mp4,快/考试/你/准备/完了/？,train
train-02066,E/train-02066.mp4,快/暴雨/。,train
train-02067,E/train-02067.mp4,快/送/医院/。,train
train-02068,E/train-02068.mp4,运球/快/看/爽/。,train
train-02069,E/train-02069.mp4,不/说话/为什么/？,train
train-02070,E/train-02070.mp4,什么/？,train
train-02071,E/train-02071.mp4,停车/为什么/？,train
train-02072,E/train-02072.mp4,醉/说话/为什么/？,train
train-02073,E/train-02073.mp4,丢脸/为什么/？,train
train-02074,E/train-02074.mp4,拖/病/怎么/克服/？,train
train-02075,E/train-02075.mp4,打（我）/为什么/？,train
train-02076,E/train-02076.mp4,怎么/制订/实际/减肥/目标/？,train
train-02077,E/train-02077.mp4,怎么样/锻炼/胸肌/？,train
train-02078,E/train-02078.mp4,没/人/去/为什么/？,train
train-02079,E/train-02079.mp4,通过/她/同意/没有/为什么/？,train
train-02080,E/train-02080.mp4,看/熟悉/为什么/？,train
train-02081,E/train-02081.mp4,怪/别人/为什么/？,train
train-02082,E/train-02082.mp4,长/时间/为什么/？,train
train-02083,E/train-02083.mp4,咱俩/缘分/为什么/？,train
train-02084,E/train-02084.mp4,狗/彼此/关系/为什么/？,train
train-02085,E/train-02085.mp4,厉害/为什么/？,train
train-02086,E/train-02086.mp4,打/厉害/为什么/？,train
train-02087,E/train-02087.mp4,怎么/保持/高/效率/工作/状态/？,train
train-02088,E/train-02088.mp4,怎么/健康/减肥/？,train
train-02089,E/train-02089.mp4,人/性格/好/大家/欢迎/。,train
train-02090,E/train-02090.mp4,注射/总共/多少/？,train
train-02091,E/train-02091.mp4,（你）照顾/一直/。,train
train-02092,E/train-02092.mp4,你/最后/会/明白/。,train
train-02093,E/train-02093.mp4,总/服务/台/在/1楼/。,train
train-02094,E/train-02094.mp4,害怕2/这样/。,train
train-02095,E/train-02095.mp4,害怕2/我/今天/来/不行/。,train
train-02096,E/train-02096.mp4,害怕2/我/要/吐/。,train
train-02097,E/train-02097.mp4,害怕2/这个/颜色/褪去/。,train
train-02098,E/train-02098.mp4,恭喜（你）/。,train
train-02099,E/train-02099.mp4,你/一个/？,train
train-02100,E/train-02100.mp4,你/怪（他）/不行/。,train
train-02101,E/train-02101.mp4,我/坐/这/你/同意/？,train
train-02102,E/train-02102.mp4,你/会/说/法语/。,train
train-02103,E/train-02103.mp4,你/工作/什么/？,train
train-02104,E/train-02104.mp4,你/先/去/那个/柜台/拿/登机/牌/。,train
train-02105,E/train-02105.mp4,你/出去/。,train
train-02106,E/train-02106.mp4,你/去/网上/买/东西/平/台/什么/？,train
train-02107,E/train-02107.mp4,你/接受1/伤害/？,train
train-02108,E/train-02108.mp4,你/提前1/电话/就/可以/。,train
train-02109,E/train-02109.mp4,你/可以/寄/挂号/信/。,train
train-02110,E/train-02110.mp4,你/看/这个/可以/。,train
train-02111,E/train-02111.mp4,你和/前面/车/距离1/多少/？,train
train-02112,E/train-02112.mp4,你/喜欢/发型/什么/样/？,train
train-02113,E/train-02113.mp4,你/喝/咖啡/什么/样/？,train
train-02114,E/train-02114.mp4,你/回去/？,train
train-02115,E/train-02115.mp4,你/在/哪/学/维吾尔/语言/？,train
train-02116,E/train-02116.mp4,你/等/饮料/时/看/报纸/要/？,train
train-02117,E/train-02117.mp4,你/坐/出租车/会/快/多/。,train
train-02118,E/train-02118.mp4,你/好/你/要/办/什么/业务/？,train
train-02119,E/train-02119.mp4,你/学/好/。,train
train-02120,E/train-02120.mp4,你/学/汉/语/时间/多少/？,train
train-02121,E/train-02121.mp4,你/家/人/好/？,train
train-02122,E/train-02122.mp4,你/住/。,train
train-02123,E/train-02123.mp4,你/夸奖/我/不/。,train
train-02124,E/train-02124.mp4,你/要/让/寄/件/人/在/之前/寄/房子/查询/。,train
train-02125,E/train-02125.mp4,你/知道/年代/为什么/？,train
train-02126,E/train-02126.mp4,你/怎么/划分/真假/？,train
train-02127,E/train-02127.mp4,你/修眉/愿意/？,train
train-02128,E/train-02128.mp4,你/喝/咖啡/愿意/？,train
train-02129,E/train-02129.mp4,你/想/找/谁/电话/？,train
train-02130,E/train-02130.mp4,你/想/要/理发/样子/什么/？,train
train-02131,E/train-02131.mp4,你/想/要/沙发/什么/形式/？,train
train-02132,E/train-02132.mp4,你/想/要/牛排/什么/样子/？,train
train-02133,E/train-02133.mp4,你/想/要/喝/什么/？,train
train-02134,E/train-02134.mp4,你/想/要/住/时间/多少/？,train
train-02135,E/train-02135.mp4,你/一定/要/文件1/都/带/来/？,train
train-02136,E/train-02136.mp4,你/明天/走/？,train
train-02137,E/train-02137.mp4,你/什么/方向/来/？,train
train-02138,E/train-02138.mp4,你/喜欢/在/这/吃/？,train
train-02139,E/train-02139.mp4,你/喜欢/什么/风格/鸡尾酒/？,train
train-02140,E/train-02140.mp4,你/有/东西/报告/海关/？,train
train-02141,E/train-02141.mp4,你/吃/桌/用/可以/有/？,train
train-02142,E/train-02142.mp4,你/有/钱/存/多少/？,train
train-02143,E/train-02143.mp4,你/旁边/身/行李/有/？,train
train-02144,E/train-02144.mp4,你/去/目的/什么/？,train
train-02145,E/train-02145.mp4,你/接受/伤害/没有/？,train
train-02146,E/train-02146.mp4,你/红/灯/注意/？,train
train-02147,E/train-02147.mp4,你/现在/点/菜/可以/？,train
train-02148,E/train-02148.mp4,你/用/机油/哪个/？,train
train-02149,E/train-02149.mp4,你/品/味/可以/。,train
train-02150,E/train-02150.mp4,你/房子/真/好/。,train
train-02151,E/train-02151.mp4,你/护照/住/文书/你/房/东/身份证/。,train
train-02152,E/train-02152.mp4,你/牛排/熟/百分比/？,train
train-02153,E/train-02153.mp4,你/维吾尔/语言/说/可以/。,train
train-02154,E/train-02154.mp4,你/行李/超/重/。,train
train-02155,E/train-02155.mp4,你/银行卡/号码/多少/？,train
train-02156,E/train-02156.mp4,你/银行/磁卡/锁/。,train
train-02157,E/train-02157.mp4,你/车/移动/？,train
train-02158,E/train-02158.mp4,你/电话/保险/公司/。,train
train-02159,E/train-02159.mp4,你/告诉（我）/书/问题/有/什么/？,train
train-02160,E/train-02160.mp4,你/帮助（我）/表格/填写/可以/？,train
train-02161,E/train-02161.mp4,你/帮助（我）/我们/照相/可以/？,train
train-02162,E/train-02162.mp4,你/签名/可以/？,train
train-02163,E/train-02163.mp4,你/说/慢/可以/？,train
train-02164,E/train-02164.mp4,你/修面/洗头/要/？,train
train-02165,E/train-02165.mp4,你/兑现/换/多少/？,train
train-02166,E/train-02166.mp4,你/住/美国/时间/多少/？,train
train-02167,E/train-02167.mp4,你/去/哪/？,train
train-02168,E/train-02168.mp4,你/救护车/要/？,train
train-02169,E/train-02169.mp4,你/认为/学/汉语/难/？,train
train-02170,E/train-02170.mp4,你/买/东西/随时/给/可以/。,train
train-02171,E/train-02171.mp4,你/车牌/号码/记得/？,train
train-02172,E/train-02172.mp4,你/说/有/道理/。,train
train-02173,E/train-02173.mp4,你/说话/一定1/注意/。,train
train-02174,E/train-02174.mp4,你/新/设计/同意/？,train
train-02175,E/train-02175.mp4,你/身体/好/？,train
train-02176,E/train-02176.mp4,你/辛苦/。,train
train-02177,E/train-02177.mp4,你/还/愿意/回来/？,train
train-02178,E/train-02178.mp4,你/还/没/喝酒/？,train
train-02179,E/train-02179.mp4,你/这/特色/风/品尝/有/什么/？,train
train-02180,E/train-02180.mp4,你/这/青铜器/复制/东西/有/？,train
train-02181,E/train-02181.mp4,你/这/邮票/有/什么/？,train
train-02182,E/train-02182.mp4,你/需要/汽油/什么/？,train
train-02183,E/train-02183.mp4,你/塑料袋/要/？,train
train-02184,E/train-02184.mp4,你/早上1/吃/要/？,train
train-02185,E/train-02185.mp4,你/预定/完了/？,train
train-02186,E/train-02186.mp4,情人节/你/带/我/出去/会/？,train
train-02187,E/train-02187.mp4,情况/发生/变化/。,train
train-02188,E/train-02188.mp4,想/了解1/怎么/学习/唱歌/？,train
train-02189,E/train-02189.mp4,想/刺激/你/。,train
train-02190,E/train-02190.mp4,火锅/想/吃/？,train
train-02191,E/train-02191.mp4,想/学/？,train
train-02192,E/train-02192.mp4,想/你/买/它/优点/有/什么/。,train
train-02193,E/train-02193.mp4,想/把/全世界/最/好/都/给/你/。,train
train-02194,E/train-02194.mp4,想/死/心/都/有/。,train
train-02195,E/train-02195.mp4,想/试试/这些/帽子/。,train
train-02196,E/train-02196.mp4,想/到/什么/。,train
train-02197,E/train-02197.mp4,意大利/菜/汤/可以/？,train
train-02198,E/train-02198.mp4,感冒/吃/东西/品尝/没有/。,train
train-02199,E/train-02199.mp4,感到/高兴/。,train
train-02200,E/train-02200.mp4,感觉/怎么样/？,train
train-02201,E/train-02201.mp4,感觉/还是/下雨/好/。,train
train-02202,E/train-02202.mp4,感谢/你/为/我/做/所有/。,train
train-02203,E/train-02203.mp4,感谢/你/奉献/时间/。,train
train-02204,E/train-02204.mp4,愿意/和/我/一起/看/电影/？,train
train-02205,E/train-02205.mp4,愿意/和/我/高尔夫球/？,train
train-02206,E/train-02206.mp4,慢慢/清楚/读/。,train
train-02207,E/train-02207.mp4,慢慢/来/生气/别/。,train
train-02208,E/train-02208.mp4,健康/吃/决定/减肥/成功/。,train
train-02209,E/train-02209.mp4,葡萄/成熟/紫/颜色/。,train
train-02210,E/train-02210.mp4,我/年龄/10/1/。,train
train-02211,E/train-02211.mp4,我/干净/衣服/一个/都/没有2/。,train
train-02212,E/train-02212.mp4,我/一定1/住院/？,train
train-02213,E/train-02213.mp4,我/一定1/加/倍/努力/获得/提升/。,train
train-02214,E/train-02214.mp4,我/一定1/拿/它/书/亲自/签名/。,train
train-02215,E/train-02215.mp4,我/了解/一点/没有/。,train
train-02216,E/train-02216.mp4,我/一直/到处2/找/他/。,train
train-02217,E/train-02217.mp4,我/一直/工作/没有/这/是/我/第一次/找/工作/。,train
train-02218,E/train-02218.mp4,我/三天/前/去/那/完/。,train
train-02219,E/train-02219.mp4,我/上/周/真是/累/。,train
train-02220,E/train-02220.mp4,我/读/大学/生活/吃饭/简单/。,train
train-02221,E/train-02221.mp4,我/上/星期/买/。,train
train-02222,E/train-02222.mp4,我/下午/到/伦敦/。,train
train-02223,E/train-02223.mp4,我/下/次/这样/不会/。,train
train-02224,E/train-02224.mp4,我/下班/以后/常常/去/运动/。,train
train-02225,E/train-02225.mp4,我/不/习惯/晚上/以后/出门/。,train
train-02226,E/train-02226.mp4,我/喝酒/不/习惯/。,train
train-02227,E/train-02227.mp4,我/用/不会/。,train
train-02228,E/train-02228.mp4,我/再/找/你/麻烦/不会/。,train
train-02229,E/train-02229.mp4,我/唱/新/歌/不会/。,train
train-02230,E/train-02230.mp4,我/打网球/不会/。,train
train-02231,E/train-02231.mp4,我/支持/喜欢/战争/政府/不会/。,train
train-02232,E/train-02232.mp4,我/没事/。,train
train-02233,E/train-02233.mp4,我/签/这些/文件/不会/。,train
train-02234,E/train-02234.mp4,我/骄傲/不会/。,train
train-02235,E/train-02235.mp4,我/不/反对/。,train
train-02236,E/train-02236.mp4,我/不/同意/。,train
train-02237,E/train-02237.mp4,我/不喜欢/聊天/前/打量/样子/。,train
train-02238,E/train-02238.mp4,我/不喜欢/你/。,train
train-02239,E/train-02239.mp4,我/参加/团队/合作/项目/不喜欢/。,train
train-02240,E/train-02240.mp4,我/吃/芦笋/不喜欢/。,train
train-02241,E/train-02241.mp4,我/电影院/约会/不喜欢/。,train
train-02242,E/train-02242.mp4,我/买/东西/中心/买/东西/不喜欢/。,train
train-02243,E/train-02243.mp4,我/现代/式/设计/不喜欢/。,train
train-02244,E/train-02244.mp4,我/这个/工作/不喜欢/。,train
train-02245,E/train-02245.mp4,我/别人/看/法/不在乎/。,train
train-02246,E/train-02246.mp4,我/不小心/弄翻/。,train
train-02247,E/train-02247.mp4,我/不小心/可乐/打翻/。,train
train-02248,E/train-02248.mp4,我/不/做/。,train
train-02249,E/train-02249.mp4,我/必须/自己/做/这个/工作/。,train
train-02250,E/train-02250.mp4,我/拖/累/你/不愿意/。,train
train-02251,E/train-02251.mp4,我/不知道/你/说/。,train
train-02252,E/train-02252.mp4,你/对不起2/我/不接受/。,train
train-02253,E/train-02253.mp4,我/不敢/当众/唱歌/。,train
train-02254,E/train-02254.mp4,我/不敢/相信/。,train
train-02255,E/train-02255.mp4,我/不敢/相信/你/比赛/胜利1/。,train
train-02256,E/train-02256.mp4,我/不敢/舞台/上/我/腿/发抖/。,train
train-02257,E/train-02257.mp4,我/不知道/。,train
train-02258,E/train-02258.mp4,我/不知道/它/想/要/什么/。,train
train-02259,E/train-02259.mp4,这个/规则/我/不知道/。,train
train-02260,E/train-02260.mp4,我/故意/不是/。,train
train-02261,E/train-02261.mp4,我/怎么/对不起2/不知道/。,train
train-02262,E/train-02262.mp4,我/不知道/。,train
train-02263,E/train-02263.mp4,我/今天/作业/什么/不知道/。,train
train-02264,E/train-02264.mp4,我/用/英语/讲/这句话/不知道/。,train
train-02265,E/train-02265.mp4,我/请假/2个/星期/可以/不知道/。,train
train-02266,E/train-02266.mp4,我/选/颜色/哪个/不知道/。,train
train-02267,E/train-02267.mp4,我/怎么办/才/好/不知道/。,train
train-02268,E/train-02268.mp4,我/应该/怎么/处理/这个/不知道/。,train
train-02269,E/train-02269.mp4,你/适合/那个/发型/我/不确定/。,train
train-02270,E/train-02270.mp4,我/专心/工作/不行/。,train
train-02271,E/train-02271.mp4,我/为/你/破坏/规矩/不行/。,train
train-02272,E/train-02272.mp4,我/回答/不能/。,train
train-02273,E/train-02273.mp4,我/失去/这个/工作/不行/。,train
train-02274,E/train-02274.mp4,我/按时/完成/报告/不行/。,train
train-02275,E/train-02275.mp4,这/事/我/自己/胜利1/不行/。,train
train-02276,E/train-02276.mp4,我/他们/不认识/。,train
train-02277,E/train-02277.mp4,我/不/记得/。,train
train-02278,E/train-02278.mp4,我/不/同意/。,train
train-02279,E/train-02279.mp4,我/这个/环境/不适应/。,train
train-02280,E/train-02280.mp4,你/教/我/开车/没必要/。,train
train-02281,E/train-02281.mp4,我/专业/学/商/务/。,train
train-02282,E/train-02282.mp4,我/中彩票/第一/。,train
train-02283,E/train-02283.mp4,我/为/你/准备/一张/贺卡/。,train
train-02284,E/train-02284.mp4,我/为/你/感到/骄傲2/。,train
train-02285,E/train-02285.mp4,我/你/成功/骄傲2/。,train
train-02286,E/train-02286.mp4,我/为/你/来/。,train
train-02287,E/train-02287.mp4,我/为/获得/面谈/机会/感到/高兴/。,train
train-02288,E/train-02288.mp4,我/为/这/向/你/道歉/。,train
train-02289,E/train-02289.mp4,我/也/不是/本/地/人/。,train
train-02290,E/train-02290.mp4,我/也/不知道/该/喝/什么/。,train
train-02291,E/train-02291.mp4,我/也/会/丢脸/。,train
train-02292,E/train-02292.mp4,我/也/欣赏/。,train
train-02293,E/train-02293.mp4,我/也/是/。,train
train-02294,E/train-02294.mp4,我/也是/这样/说/。,train
train-02295,E/train-02295.mp4,我/也有/相同/感受/。,train
train-02296,E/train-02296.mp4,我/也有/相同/感受/。,train
train-02297,E/train-02297.mp4,我/也/没/注意1/。,train
train-02298,E/train-02298.mp4,我也/这么/想/。,train
train-02299,E/train-02299.mp4,我/也/饿/到/吃/中午/吃饭/时/。,train
train-02300,E/train-02300.mp4,我/买/新/车/不行2/。,train
train-02301,E/train-02301.mp4,我/买/这/大/蛋糕/一个/。,train
train-02302,E/train-02302.mp4,我/买/老/母/鸡/一只/回来/。,train
train-02303,E/train-02303.mp4,我/买/香蕉/一大串/。,train
train-02304,E/train-02304.mp4,我/买/书/2本/。,train
train-02305,E/train-02305.mp4,我/了解/你/意思/。,train
train-02306,E/train-02306.mp4,我/唱歌/不行/。,train
train-02307,E/train-02307.mp4,我/什么/时候/可以/去/你/那/坐/？,train
train-02308,E/train-02308.mp4,我/什么/时候/过来/？,train
train-02309,E/train-02309.mp4,我/今天/下午/去/美容院/。,train
train-02310,E/train-02310.mp4,我/今天/心情/好/。,train
train-02311,E/train-02311.mp4,我/今天/晚上/没有2/时间/。,train
train-02312,E/train-02312.mp4,我/今天/没有2/作业/。,train
train-02313,E/train-02313.mp4,我/今天/老板/批评/我/。,train
train-02314,E/train-02314.mp4,我/今年/学分/很多/。,train
train-02315,E/train-02315.mp4,我/欺骗/以前/没有2/。,train
train-02316,E/train-02316.mp4,我/一直/感到/简单/没有/。,train
train-02317,E/train-02317.mp4,我/一直/没有2/见/它/本/人/。,train
train-02318,E/train-02318.mp4,我/一直/没有2/听说/那/歌/。,train
train-02319,E/train-02319.mp4,我/一直/没有2/想过/去/整形/。,train
train-02320,E/train-02320.mp4,我/以前/没有2/人山人海/演讲/。,train
train-02321,E/train-02321.mp4,我/以前/没有2/感到/这样/快乐/。,train
train-02322,E/train-02322.mp4,我/从来/没有2/见/你在/超市/买/水果/喝/。,train
train-02323,E/train-02323.mp4,我/以前/没有2/想/他们/这/脏/。,train
train-02324,E/train-02324.mp4,我/以前/没有2/这样/高兴/。,train
train-02325,E/train-02325.mp4,我/下车/。,train
train-02326,E/train-02326.mp4,我/买/手表/钱/低/。,train
train-02327,E/train-02327.mp4,我/以前/把/他/看/是/朋友/。,train
train-02328,E/train-02328.mp4,我们/一共/人/4/。,train
train-02329,E/train-02329.mp4,我们/一定/会/去/你们/家/乡/。,train
train-02330,E/train-02330.mp4,我们/一定/要/体验/。,train
train-02331,E/train-02331.mp4,我们/一起/努力/。,train
train-02332,E/train-02332.mp4,我们/一起/喝/。,train
train-02333,E/train-02333.mp4,我们/一起/吃饭/。,train
train-02334,E/train-02334.mp4,我们/一起/看书/。,train
train-02335,E/train-02335.mp4,我们/一起/读/故事/。,train
train-02336,E/train-02336.mp4,我们/下午/2点/在/会议室/开会/。,train
train-02337,E/train-02337.mp4,我们/下次/在做/。,train
train-02338,E/train-02338.mp4,我们/只/知道/理论/不是/。,train
train-02339,E/train-02339.mp4,我们/中国人/喜欢/咸/食物/。,train
train-02340,E/train-02340.mp4,我们/中间/只有/女孩/一个/。,train
train-02341,E/train-02341.mp4,我们/为/你/感到/骄傲/。,train
train-02342,E/train-02342.mp4,我们/也许/会/一起/变老/。,train
train-02343,E/train-02343.mp4,我们/也/需要/加强/土地/保护/。,train
train-02344,E/train-02344.mp4,我们/什么/时候/移动/来/？,train
train-02345,E/train-02345.mp4,我们/今天/下午/游泳/可以/？,train
train-02346,E/train-02346.mp4,我们/今天/晚上/做/什么/？,train
train-02347,E/train-02347.mp4,我们/今天/家/T/作业/有/？,train
train-02348,E/train-02348.mp4,我们/今天/伺候1/你/像/皇帝/一样/。,train
train-02349,E/train-02349.mp4,我们/吵架/从来/没有2/。,train
train-02350,E/train-02350.mp4,我们/看/信/可以/发现/他/不/高兴/。,train
train-02351,E/train-02351.mp4,我们/以后/仔细/交流/这/问题/。,train
train-02352,E/train-02352.mp4,我们/休息/一会/。,train
train-02353,E/train-02353.mp4,我们/会/为/你/到/门/安装/免费/。,train
train-02354,E/train-02354.mp4,我们/努力/会/。,train
train-02355,E/train-02355.mp4,我们/会/收拾/干净/。,train
train-02356,E/train-02356.mp4,我们/去/散步/为什么/不/？,train
train-02357,E/train-02357.mp4,我们/俩/都/感到/幸福/。,train
train-02358,E/train-02358.mp4,我们/做/决定/前/必须/想/远/点/。,train
train-02359,E/train-02359.mp4,我们/先/做/这/部分/。,train
train-02360,E/train-02360.mp4,我们/全/都/同意/。,train
train-02361,E/train-02361.mp4,我们/公司/在/楼/多少/？,train
train-02362,E/train-02362.mp4,我们/再/多/等/一会/。,train
train-02363,E/train-02363.mp4,我们/刚好/上飞机/。,train
train-02364,E/train-02364.mp4,我们/再/联系/不/。,train
train-02365,E/train-02365.mp4,我们/到/前面/坐/。,train
train-02366,E/train-02366.mp4,我们/去/云南/看望/外婆/。,train
train-02367,E/train-02367.mp4,我们/去/做/日光浴/。,train
train-02368,E/train-02368.mp4,我们/去/划船/。,train
train-02369,E/train-02369.mp4,我们/去/创/业/。,train
train-02370,E/train-02370.mp4,我们/去/咖啡厅/。,train
train-02371,E/train-02371.mp4,我们/去/唱/卡拉OK/。,train
train-02372,E/train-02372.mp4,我们/去/旁边/公园/。,train
train-02373,E/train-02373.mp4,我们/去/滑雪/。,train
train-02374,E/train-02374.mp4,我们/去/一起/照相/。,train
train-02375,E/train-02375.mp4,我们/去/看/电影/。,train
train-02376,E/train-02376.mp4,我们/去/看看/那/城堡/。,train
train-02377,E/train-02377.mp4,我们/去/赶海/。,train
train-02378,E/train-02378.mp4,我们/去/钓鱼/。,train
train-02379,E/train-02379.mp4,我们/去/饺子/房子/。,train
train-02380,E/train-02380.mp4,我们/又/见面/。,train
train-02381,E/train-02381.mp4,我们/又/很/需要/船/强化/海军/实力/。,train
train-02382,E/train-02382.mp4,我们/只有/5分钟/最好/快点/。,train
train-02383,E/train-02383.mp4,我们/可以/再/找/时间/一起/。,train
train-02384,E/train-02384.mp4,我们/可以/分开/付款/？,train
train-02385,E/train-02385.mp4,我们/可以/去/实验室/看/？,train
train-02386,E/train-02386.mp4,我们/去/旅游/可以/。,train
train-02387,E/train-02387.mp4,我们/参加/创新/创/业/比赛/？,train
train-02388,E/train-02388.mp4,我们/分开/付款/可以/？,train
train-02389,E/train-02389.mp4,我们/星期二/见面/可以/？,train
train-02390,E/train-02390.mp4,我们/可以/用/微波炉/肉/冰/解决/。,train
train-02391,E/train-02391.mp4,我们/看/菜单2/可以/。,train
train-02392,E/train-02392.mp4,我们/可以/孩子/2个/一起/洗澡/。,train
train-02393,E/train-02393.mp4,我们/可能/快/进/港/。,train
train-02394,E/train-02394.mp4,我们/吃/点心/。,train
train-02395,E/train-02395.mp4,我们/国家/经济/发展/排队/著名/。,train
train-02396,E/train-02396.mp4,我们/国家/经济/发展/很快/。,train
train-02397,E/train-02397.mp4,我们/国家/被命名/茶/发源地/。,train
train-02398,E/train-02398.mp4,我们/国家/对/高铁/建设/努力/做/很大/。,train
train-02399,E/train-02399.mp4,我们/在/哪里/见面/？,train
train-02400,E/train-02400.mp4,我们/车厢2/哪个/？,train
train-02401,E/train-02401.mp4,我们/在/这/看/电视/。,train
train-02402,E/train-02402.mp4,我们/坐/车/哪个/站台/停/？,train
train-02403,E/train-02403.mp4,我们/夫妻/性格/像/。,train
train-02404,E/train-02404.mp4,我们/学校/占地/面积/平方/米/多少/？,train
train-02405,E/train-02405.mp4,我们/学校/在/北京/东/。,train
train-02406,E/train-02406.mp4,我们/学校/有/篮球场/。,train
train-02407,E/train-02407.mp4,我们/学校/足球场/没有2/。,train
train-02408,E/train-02408.mp4,我们/完全/迷惑/路/。,train
train-02409,E/train-02409.mp4,我们/家/书店/欢迎/你/。,train
train-02410,E/train-02410.mp4,我们/家/有/小船/。,train
train-02411,E/train-02411.mp4,我们/蛋糕/分成/三分/。,train
train-02412,E/train-02412.mp4,我们/好/聊天/不行/？,train
train-02413,E/train-02413.mp4,我们/就/在/这/帐篷/。,train
train-02414,E/train-02414.mp4,我们/马上/就/做/父母/。,train
train-02415,E/train-02415.mp4,我们/撞/差点/。,train
train-02416,E/train-02416.mp4,我们/努力/大/完了/。,train
train-02417,E/train-02417.mp4,我们/有/2个/完了/再/买/一个/地方/真/没有2/。,train
train-02418,E/train-02418.mp4,我们/租/房子/时间/长/。,train
train-02419,E/train-02419.mp4,我们/常常/去/那/家/汉堡/。,train
train-02420,E/train-02420.mp4,我们/不去/看/球/比赛/为什么/？,train
train-02421,E/train-02421.mp4,我们/年年/都/去/相同/地方/过/假/。,train
train-02422,E/train-02422.mp4,我们/应该/对/所以/工作/严格/要求/。,train
train-02423,E/train-02423.mp4,我们/应该/节约1/时间/做/更多/事/。,train
train-02424,E/train-02424.mp4,我们/应该/用/好/我们/时间/。,train
train-02425,E/train-02425.mp4,我们/应该/帮助/那些/需要/帮助/人/。,train
train-02426,E/train-02426.mp4,我们/应该/怎么/描述/自己/需求/？,train
train-02427,E/train-02427.mp4,我们/应该/节约1/没必要/开支/。,train
train-02428,E/train-02428.mp4,我们/开车/去/兜风/。,train
train-02429,E/train-02429.mp4,我们/里/害怕/困难1/一个/没有/。,train
train-02430,E/train-02430.mp4,我们/彼此/相遇/偶然/。,train
train-02431,E/train-02431.mp4,我们/有/完整/航母/生产/技术/困难1/。,train
train-02432,E/train-02432.mp4,我们/要/多/等/一会/。,train
train-02433,E/train-02433.mp4,我们/要/继续/进行/这/工程/。,train
train-02434,E/train-02434.mp4,我们/必须/先/查看/这/房子/再/决定/租/或者/不租/。,train
train-02435,E/train-02435.mp4,我们/必须/加快/度/。,train
train-02436,E/train-02436.mp4,我们/必须/努力/完成/任务/。,train
train-02437,E/train-02437.mp4,我们/必须/调整/适合/恶劣/经济/形势/。,train
train-02438,E/train-02438.mp4,我们/必须/快/去/医院/。,train
train-02439,E/train-02439.mp4,我们/坐/靠后/为什么/？,train
train-02440,E/train-02440.mp4,我们/怎么/避免/堵车/？,train
train-02441,E/train-02441.mp4,我们/怎么/才能/经济/活力/？,train
train-02442,E/train-02442.mp4,我们/想买/一些/纪念品/。,train
train-02443,E/train-02443.mp4,我们/想要/买/一些/。,train
train-02444,E/train-02444.mp4,我们/所有/洗衣机/都有/标准/保修期/3年/。,train
train-02445,E/train-02445.mp4,我们/阅读/书本/会/影响/我们/思想/。,train
train-02446,E/train-02446.mp4,我们/手提箱/架子/放/。,train
train-02447,E/train-02447.mp4,按照/钱/我们/收取/最低/1元/最高/50元/。,train
train-02448,E/train-02448.mp4,我们/改变/明天/去/怎么样/？,train
train-02449,E/train-02449.mp4,我们/明天/再见/。,train
train-02450,E/train-02450.mp4,我们/明天/去看/日落/。,train
train-02451,E/train-02451.mp4,我们/在哪/见面/是不是/？,train
train-02452,E/train-02452.mp4,我们/应该/停车/前/行李/拿下来/是不是/？,train
train-02453,E/train-02453.mp4,我们/是/双胞胎/。,train
train-02454,E/train-02454.mp4,我们/是/好朋友/。,train
train-02455,E/train-02455.mp4,我们/是/昨天/刚/移动/进去/。,train
train-02456,E/train-02456.mp4,我们/是/直达/还是/拐弯/。,train
train-02457,E/train-02457.mp4,我们/晚饭/后/一起/足球/可以/。,train
train-02458,E/train-02458.mp4,我们/有/中午/休息/时间/1小时/。,train
train-02459,E/train-02459.mp4,我们/有/空/时间/30/分钟/。,train
train-02460,E/train-02460.mp4,我们/有/几个/问题/想/问/你/。,train
train-02461,E/train-02461.mp4,我们/有/孩子/。,train
train-02462,E/train-02462.mp4,我们/有/选择/区/超/百/。,train
train-02463,E/train-02463.mp4,我们/来/做/句/型/练习/。,train
train-02464,E/train-02464.mp4,我们/来/擦地板/。,train
train-02465,E/train-02465.mp4,我们/来/玩/捉迷藏/。,train
train-02466,E/train-02466.mp4,我们/来/进行/日常/交流/。,train
train-02467,E/train-02467.mp4,我们/正/计划/包饺子/。,train
train-02468,E/train-02468.mp4,我们/正/需要/一个/好/词典/。,train
train-02469,E/train-02469.mp4,我们/比赛/谁/先/到/一楼/。,train
train-02470,E/train-02470.mp4,我们/永远/不会/忘记/还有/远/路/走/。,train
train-02471,E/train-02471.mp4,我们/在/这/吃过/没有2/。,train
train-02472,E/train-02472.mp4,我/从前/至/现在/买/彩/票/没有/。,train
train-02473,E/train-02473.mp4,我们/是/新/时代/接班人/。,train
train-02474,E/train-02474.mp4,我们/要/实际/行动/付出/。,train
train-02475,E/train-02475.mp4,我们/要/爱护/环境/。,train
train-02476,E/train-02476.mp4,我们/迷路/天/依旧/下雨/。,train
train-02477,E/train-02477.mp4,我/烧烤/时/喜欢/啤酒/。,train
train-02478,E/train-02478.mp4,我/喝/果汁/冰/块/加/喜欢/。,train
train-02479,E/train-02479.mp4,我/喜欢/汉堡/薯条/。,train
train-02480,E/train-02480.mp4,我/这个/T恤/宽松/喜欢/。,train
train-02481,E/train-02481.mp4,我/妈妈/喜欢/摇滚/。,train
train-02482,E/train-02482.mp4,我/希望/爸爸/原谅（我）/。,train
train-02483,E/train-02483.mp4,我/平时/牛仔裤/宽松/不喜欢/。,train
train-02484,E/train-02484.mp4,我/在家/看/不喜欢/。,train
train-02485,E/train-02485.mp4,我/喜欢/他/踢球/样子/。,train
train-02486,E/train-02486.mp4,我/喜欢/做/家务/。,train
train-02487,F/train-02487.mp4,我们/牙膏/完了/。,train
train-02488,F/train-02488.mp4,我们/猫/粮食/完了/。,train
train-02489,F/train-02489.mp4,我们/挑选/菜/。,train
train-02490,F/train-02490.mp4,我们/事情/多/现在/。,train
train-02491,F/train-02491.mp4,我们/讨价还价/不/。,train
train-02492,F/train-02492.mp4,我们/领导2/被/解雇/。,train
train-02493,F/train-02493.mp4,我们/卫生间/事情2/什么/？,train
train-02494,F/train-02494.mp4,我们/旅行/计划/决定/没有/。,train
train-02495,F/train-02495.mp4,保卫/国家/我们/职责/是/。,train
train-02496,F/train-02496.mp4,我们/菜/久/长/没有/？,train
train-02497,F/train-02497.mp4,我们/菜/多/很/。,train
train-02498,F/train-02498.mp4,我们/离婚/。,train
train-02499,F/train-02499.mp4,我们/建立/学习/组/怎么/？,train
train-02500,F/train-02500.mp4,我们/经历1/困难1/多/。,train
train-02501,F/train-02501.mp4,我们/经常/叫2/他/外/叫1/。,train
train-02502,F/train-02502.mp4,我们/最2/初/目标/忘记/不能/。,train
train-02503,F/train-02503.mp4,我们/休息/不行1/赢/快/。,train
train-02504,F/train-02504.mp4,轮胎/送/汽车1/保养/补/可以/？,train
train-02505,F/train-02505.mp4,池塘/鸭子/我们/喂/可以/？,train
train-02506,F/train-02506.mp4,我们/进/里面/可以/？,train
train-02507,F/train-02507.mp4,飞机/大/我们/自己/有/。,train
train-02508,F/train-02508.mp4,我们/赢/机会/大/。,train
train-02509,F/train-02509.mp4,我们/去/迪士尼乐园/。,train
train-02510,F/train-02510.mp4,政策/不符合/现在/我们/废除/。,train
train-02511,F/train-02511.mp4,我们/前程/开拓/大/。,train
train-02512,F/train-02512.mp4,我们/楼层/按/几/？,train
train-02513,F/train-02513.mp4,我们/实际1/行动/证明1/。,train
train-02514,F/train-02514.mp4,我们/房间/抹布/用/。,train
train-02515,F/train-02515.mp4,我们/圣诞/树2/装饰/怎么/？,train
train-02516,F/train-02516.mp4,我们/楼梯/。,train
train-02517,F/train-02517.mp4,我们/再/见/可以/？,train
train-02518,F/train-02518.mp4,我们/考虑/现在/。,train
train-02519,F/train-02519.mp4,我们/蛋糕2/蜡烛/没有/？,train
train-02520,F/train-02520.mp4,到/山/顶/时间/多少/？,train
train-02521,F/train-02521.mp4,我们/位置2/棒/真1/。,train
train-02522,F/train-02522.mp4,你/进步/我们/都/高兴/。,train
train-02523,F/train-02523.mp4,幸福/我们/都/想/要/。,train
train-02524,F/train-02524.mp4,我们/觉得/她/老师/是/负责/很/。,train
train-02525,F/train-02525.mp4,我们/买/卫生/纸/要/。,train
train-02526,F/train-02526.mp4,我们/练习/多/做/要/。,train
train-02527,F/train-02527.mp4,我们/协调/配合/更/要/。,train
train-02528,F/train-02528.mp4,我们/状态/调整/好/要/。,train
train-02529,F/train-02529.mp4,我们/自行车1/。,train
train-02530,F/train-02530.mp4,我/守口如瓶/。,train
train-02531,F/train-02531.mp4,我/秘密/告诉（你）/。,train
train-02532,F/train-02532.mp4,我/注意2/。,train
train-02533,F/train-02533.mp4,我/核对/快/。,train
train-02534,F/train-02534.mp4,坏/机器/修/我/尽力/。,train
train-02535,F/train-02535.mp4,我/帮助/打电话/给/他/。,train
train-02536,F/train-02536.mp4,照片/我/快递/你/。,train
train-02537,F/train-02537.mp4,我/排队/第一/会/。,train
train-02538,F/train-02538.mp4,我/洗/烹饪/会/。,train
train-02539,F/train-02539.mp4,我/留/美国/一星期/。,train
train-02540,F/train-02540.mp4,我/注意/。,train
train-02541,F/train-02541.mp4,我/穿/裙子/蓝色/。,train
train-02542,F/train-02542.mp4,我/给（你）/幸福/。,train
train-02543,F/train-02543.mp4,收入/支出2/每/我/都/写/。,train
train-02544,F/train-02544.mp4,我/记/。,train
train-02545,F/train-02545.mp4,我/试试/。,train
train-02546,F/train-02546.mp4,他/上课/应该/。,train
train-02547,F/train-02547.mp4,住/这/感觉/像/家/一样/。,train
train-02548,F/train-02548.mp4,咱俩/酒/瓶/完/。,train
train-02549,F/train-02549.mp4,我/做/不行2/我/不行2/。,train
train-02550,F/train-02550.mp4,我/做/不行2/我/忍/不行2/。,train
train-02551,F/train-02551.mp4,我/睡/噩梦/。,train
train-02552,F/train-02552.mp4,给（你）/礼物/我/做/希望/你/喜欢/。,train
train-02553,F/train-02553.mp4,我/实现/。,train
train-02554,F/train-02554.mp4,菜单2/我/看/。,train
train-02555,F/train-02555.mp4,先/体温计/。,train
train-02556,F/train-02556.mp4,我/全部/力气/支持你/。,train
train-02557,F/train-02557.mp4,我/见/你/6点/。,train
train-02558,F/train-02558.mp4,我/忍/不行2/。,train
train-02559,F/train-02559.mp4,我/走/不行2/。,train
train-02560,F/train-02560.mp4,我/说/句/再/。,train
train-02561,F/train-02561.mp4,我/睡觉/准备/。,train
train-02562,F/train-02562.mp4,我/去/电影院/少/看/电影/都/电视/。,train
train-02563,F/train-02563.mp4,我/中国/出生/。,train
train-02564,F/train-02564.mp4,我/大学/完成/希望/找/工作/。,train
train-02565,F/train-02565.mp4,我/大学/完成/找/工作/现在/。,train
train-02566,F/train-02566.mp4,我/请/病假/刚才/打电话/完/。,train
train-02567,F/train-02567.mp4,她们/挽/路/走/刚刚/我/看/。,train
train-02568,F/train-02568.mp4,我/学校/完成/以前/工作/没有/。,train
train-02569,F/train-02569.mp4,我/准备/中午/吃饭/时间/去/健身房/。,train
train-02570,F/train-02570.mp4,我/去/加油/房/。,train
train-02571,F/train-02571.mp4,我/找/人/来/修/。,train
train-02572,F/train-02572.mp4,卷/头发/工具/我/那/拿/。,train
train-02573,F/train-02573.mp4,我/检查/。,train
train-02574,F/train-02574.mp4,我/去/二/美国/德国/。,train
train-02575,F/train-02575.mp4,我/等/去/。,train
train-02576,F/train-02576.mp4,我/去/买/东西/。,train
train-02577,F/train-02577.mp4,课/外/活动/我/参加/多/。,train
train-02578,F/train-02578.mp4,我/知道/。,train
train-02579,F/train-02579.mp4,我/错/什么/？,train
train-02580,F/train-02580.mp4,我/计算/什么/。,train
train-02581,F/train-02581.mp4,我/钱/来/意外/。,train
train-02582,F/train-02582.mp4,我/认识/不/我/发誓/。,train
train-02583,F/train-02583.mp4,我/叔叔2/吸烟/戒{戒毒第二个手势}/没有/。,train
train-02584,F/train-02584.mp4,那/话/我/受不了/。,train
train-02585,F/train-02585.mp4,我/安排/外/有/。,train
train-02586,F/train-02586.mp4,我/想/挑选/谁/保护/我们/园/能力/谁/。,train
train-02587,F/train-02587.mp4,我/衣服/随意/买/现在/有/。,train
train-02588,F/train-02588.mp4,我/想/灰/拍/。,train
train-02589,F/train-02589.mp4,我/看/随意/。,train
train-02590,F/train-02590.mp4,包/手/提/我/有/一/。,train
train-02591,F/train-02591.mp4,给/你/30/秒/。,train
train-02592,F/train-02592.mp4,我/穿/这些/衣服/。,train
train-02593,F/train-02593.mp4,我/迟到2/3分钟/只/。,train
train-02594,F/train-02594.mp4,我/做/什么/给（你）/？,train
train-02595,F/train-02595.mp4,我/微信/加/你/可以/？,train
train-02596,F/train-02596.mp4,我/十点/以后/到/家/可以/？,train
train-02597,F/train-02597.mp4,我/看/你/房间/可以/？,train
train-02598,F/train-02598.mp4,我/卫生间/可以/？,train
train-02599,F/train-02599.mp4,零/食/我/吃/可以/？,train
train-02600,F/train-02600.mp4,你/我/咱俩/交流/可以/？,train
train-02601,F/train-02601.mp4,我/梳头/洗脸/在/哪/？,train
train-02602,F/train-02602.mp4,行李/放/推/在/哪/？,train
train-02603,F/train-02603.mp4,我/帮助/可以/？,train
train-02604,F/train-02604.mp4,我/帮助/可以/？,train
train-02605,F/train-02605.mp4,椅子/平/可以/？,train
train-02606,F/train-02606.mp4,行李/箱/放/里/可以/。,train
train-02607,F/train-02607.mp4,车/放/这/可以/？,train
train-02608,F/train-02608.mp4,我/问题/说/可以/？,train
train-02609,F/train-02609.mp4,我/教（你）/可以/。,train
train-02610,F/train-02610.mp4,我/工作/到/你/公司/可以/？,train
train-02611,F/train-02611.mp4,我/洗澡/可以/？,train
train-02612,F/train-02612.mp4,我/牵/你/可以/？,train
train-02613,F/train-02613.mp4,你/笔/借（我）/可以/？,train
train-02614,F/train-02614.mp4,超市/所有/买/它/可以/？,train
train-02615,F/train-02615.mp4,我/英语/表达/观点/好/我/可以/。,train
train-02616,F/train-02616.mp4,我/看/可以/？,train
train-02617,F/train-02617.mp4,这/沙发/套/样品/我/看/可以/？,train
train-02618,F/train-02618.mp4,我/东西/租（我）/可以/？,train
train-02619,F/train-02619.mp4,我/吃/等/一会儿/可以/？,train
train-02620,F/train-02620.mp4,我/句子/说/留/给/可以/？,train
train-02621,F/train-02621.mp4,饼干/我/要/可以/？,train
train-02622,F/train-02622.mp4,书柜/我/订/买/可以/？,train
train-02623,F/train-02623.mp4,这/裙子/我/试/穿/可以/？,train
train-02624,F/train-02624.mp4,走/到/那/我/可以/？,train
train-02625,F/train-02625.mp4,我/请/你/参加/。,train
train-02626,F/train-02626.mp4,我/妈妈/病情/我/问/可以/？,train
train-02627,F/train-02627.mp4,我/第一次/是/。,train
train-02628,F/train-02628.mp4,我/右/我/爸爸/是/。,train
train-02629,F/train-02629.mp4,我/晚上/饭/完/做/作业/。,train
train-02630,F/train-02630.mp4,我/同意1/。,train
train-02631,F/train-02631.mp4,我/学习/努力/没有/我/后悔/。,train
train-02632,F/train-02632.mp4,我/道歉/。,train
train-02633,F/train-02633.mp4,吓/我/晕/。,train
train-02634,F/train-02634.mp4,我/听/不懂/。,train
train-02635,F/train-02635.mp4,我/听/懂/。,train
train-02636,F/train-02636.mp4,笑/声/我/听/有/。,train
train-02637,F/train-02637.mp4,别人/介绍/下雨/要/。,train
train-02638,F/train-02638.mp4,蔬菜/直接/吃/身体/好/别人/介绍/。,train
train-02639,F/train-02639.mp4,别人/介绍/。,train
train-02640,F/train-02640.mp4,别人/介绍/自私/学校/穿/学校/衣服/要/。,train
train-02641,F/train-02641.mp4,照相/房子/附近/好/别人/介绍/。,train
train-02642,F/train-02642.mp4,我/共同/话/妻子/没有/。,train
train-02643,F/train-02643.mp4,我/家/人/一起/住/。,train
train-02644,F/train-02644.mp4,我/所有/老/朋友/联系/没有/。,train
train-02645,F/train-02645.mp4,我/咳嗽/一直/有/。,train
train-02646,F/train-02646.mp4,我/唱歌/不行/。,train
train-02647,F/train-02647.mp4,上海/六月/我/喜欢/。,train
train-02648,F/train-02648.mp4,交流/面/对/我/喜欢/网/打字/不喜欢/。,train
train-02649,F/train-02649.mp4,你/幽默/感/我/喜欢/。,train
train-02650,F/train-02650.mp4,你/想法/我/喜欢/。,train
train-02651,F/train-02651.mp4,你/画/我/喜欢/。,train
train-02652,F/train-02652.mp4,你/风格/我/喜欢/。,train
train-02653,F/train-02653.mp4,冰淇淋/我/喜欢/。,train
train-02654,F/train-02654.mp4,品尝/重/我/喜欢/。,train
train-02655,F/train-02655.mp4,咖啡/甜/我/喜欢/。,train
train-02656,F/train-02656.mp4,牛奶/我/喜欢/。,train
train-02657,F/train-02657.mp4,花园/忙/我/喜欢/。,train
train-02658,F/train-02658.mp4,帮助/妈妈/家务/我/喜欢/。,train
train-02659,F/train-02659.mp4,小提琴/我/喜欢/。,train
train-02660,F/train-02660.mp4,火柴/盒/收集/我/喜欢/。,train
train-02661,F/train-02661.mp4,游泳/我/喜欢/。,train
train-02662,F/train-02662.mp4,童话/故事/我/喜欢/。,train
train-02663,F/train-02663.mp4,东西/位置/合适/我/喜欢/。,train
train-02664,F/train-02664.mp4,二/读书/交往/朋友/我/都/喜欢/。,train
train-02665,F/train-02665.mp4,科学/幻想/书/我/喜欢/。,train
train-02666,F/train-02666.mp4,这/我/喜欢/。,train
train-02667,F/train-02667.mp4,背心/我/喜欢/我/牛仔裤/宽/适合/。,train
train-02668,F/train-02668.mp4,魔术2/我/喜欢/。,train
train-02669,F/train-02669.mp4,邮票/我/喜欢/。,train
train-02670,F/train-02670.mp4,我/到/完/。,train
train-02671,F/train-02671.mp4,我/感冒/重/喉/哑/。,train
train-02672,F/train-02672.mp4,我/国/主要/下雨/地方/移/南/。,train
train-02673,F/train-02673.mp4,我/国/人/多/消费/市场/规模/大/。,train
train-02674,F/train-02674.mp4,我/国/气候/类型/多/有/。,train
train-02675,F/train-02675.mp4,我/国/北1/方/气候/灾/沙/爆发/有/。,train
train-02676,F/train-02676.mp4,我/国/千万/考试/学生/进/考试/房间/。,train
train-02677,F/train-02677.mp4,我/国/现象/奇怪/有/。,train
train-02678,F/train-02678.mp4,我/国/外汇/储备/规模/连续/第三/月亮/高/。,train
train-02679,F/train-02679.mp4,我/国/大豆/消费2/多/。,train
train-02680,F/train-02680.mp4,我/国/疫苗/研究/有/。,train
train-02681,F/train-02681.mp4,我/国/粮食/进口/国家/不是/。,train
train-02682,F/train-02682.mp4,我/国/渔业/资源/枯竭/政府/想/到/以前/有/。,train
train-02683,F/train-02683.mp4,大豆/进口/世界/最/大/中国/是/。,train
train-02684,F/train-02684.mp4,我/国/长江/部分/钓/鱼/禁止1/十年/开始/。,train
train-02685,F/train-02685.mp4,我/国/第一/航空母舰/名字/辽宁/号/。,train
train-02686,F/train-02686.mp4,我/国/综合/军/力/增强/一直/。,train
train-02687,F/train-02687.mp4,我/国/高铁/网/大/。,train
train-02688,F/train-02688.mp4,我/国/经济/困难1/挑战/多/。,train
train-02689,F/train-02689.mp4,我/国/航空母舰/系统/样子/现在/？,train
train-02690,F/train-02690.mp4,我/国/内/雨水/重庆/有/。,train
train-02691,F/train-02691.mp4,我/国/第一次/探测/火/行星/任务/成功/。,train
train-02692,F/train-02692.mp4,我/计算机/公司/工作/。,train
train-02693,F/train-02693.mp4,我/学校/里/教/英语/。,train
train-02694,F/train-02694.mp4,我/在/上海/。,train
train-02695,F/train-02695.mp4,我/工作/乡/政府1/。,train
train-02696,F/train-02696.mp4,我/支付1/在/哪/？,train
train-02697,F/train-02697.mp4,角/桌子/买/哪里/？,train
train-02698,F/train-02698.mp4,我/学习/商业/管理/现在/。,train
train-02699,F/train-02699.mp4,我/钢琴/学习/。,train
train-02700,F/train-02700.mp4,我/考虑/课程/读/什么/。,train
train-02701,F/train-02701.mp4,计算机/黑/K/信息/我/找/。,train
train-02702,F/train-02702.mp4,我/政府1/工作/。,train
train-02703,F/train-02703.mp4,我/工作/机械/工厂/。,train
train-02704,F/train-02704.mp4,我/楼/下/等/你/。,train
train-02705,F/train-02705.mp4,我/鼻涕/有/。,train
train-02706,F/train-02706.mp4,我/工作/火车/。,train
train-02707,F/train-02707.mp4,我/法律/学校/申请/正在/。,train
train-02708,F/train-02708.mp4,方案/我/看/。,train
train-02709,F/train-02709.mp4,我/读/医/学校/我/考虑/。,train
train-02710,F/train-02710.mp4,我/学校/读/什么/我/考虑/。,train
train-02711,F/train-02711.mp4,我/捡/美元/十/路/。,train
train-02712,F/train-02712.mp4,我/时间/不够/。,train
train-02713,F/train-02713.mp4,我/住/这/一年/不够/。,train
train-02714,F/train-02714.mp4,我/买/电视/问题/有/。,train
train-02715,F/train-02715.mp4,我/这/待/时间/长/。,train
train-02716,F/train-02716.mp4,我/地铁/。,train
train-02717,F/train-02717.mp4,我/船/预订/要/？,train
train-02718,F/train-02718.mp4,我/去/北京/高铁/。,train
train-02719,F/train-02719.mp4,我/心情/好/每/天/。,train
train-02720,F/train-02720.mp4,我/粗心/很/。,train
train-02721,F/train-02721.mp4,筷子/菜/没有/。,train
train-02722,F/train-02722.mp4,我/奶奶/院子/里/茄子/发生/菜/黄瓜/有/。,train
train-02723,F/train-02723.mp4,我/到/天堂/好像/。,train
train-02724,F/train-02724.mp4,我/见/你/之前/有/好像/？,train
train-02725,F/train-02725.mp4,我/手机/忘/车/好像/。,train
train-02726,F/train-02726.mp4,这/牛仔裤/紧/我/想/裤子/。,train
train-02727,F/train-02727.mp4,我/妈妈/做/主/家/是/。,train
train-02728,F/train-02728.mp4,我/妹妹/自行车/会/。,train
train-02729,F/train-02729.mp4,我/妻子/怀孕/羊/水/破/。,train
train-02730,F/train-02730.mp4,我/委屈/哭/。,train
train-02731,F/train-02731.mp4,我/自己/家里/期待/。,train
train-02732,F/train-02732.mp4,我/家/空调/安装/完/。,train
train-02733,F/train-02733.mp4,我/家/水果/园/树/多/。,train
train-02734,F/train-02734.mp4,我/家/树/水果/种植/。,train
train-02735,F/train-02735.mp4,我/家/门/口/树/杏/有/。,train
train-02736,F/train-02736.mp4,他/工作/我/满意/很/。,train
train-02737,F/train-02737.mp4,你/卖/业务/我/不满意/。,train
train-02738,F/train-02738.mp4,工作/我/烦/很/。,train
train-02739,F/train-02739.mp4,建筑1/我/兴趣/有/。,train
train-02740,F/train-02740.mp4,地/法规/我/了解1/不/。,train
train-02741,F/train-02741.mp4,我/将来/茫然/。,train
train-02742,F/train-02742.mp4,棒球/我/兴趣/有/。,train
train-02743,F/train-02743.mp4,烹饪/我/没兴趣/。,train
train-02744,F/train-02744.mp4,我/生活/现在/满意/。,train
train-02745,F/train-02745.mp4,歌/我/兴趣/有/。,train
train-02746,F/train-02746.mp4,你们/老师/工作/我/代/。,train
train-02747,F/train-02747.mp4,你/我/记/永远/。,train
train-02748,F/train-02748.mp4,我/住/一周/多/。,train
train-02749,F/train-02749.mp4,相信/你/我/错/。,train
train-02750,F/train-02750.mp4,我/衬衣/牛仔裤/。,train
train-02751,F/train-02751.mp4,我/做/尽力/。,train
train-02752,F/train-02752.mp4,我/帮助/拖拉/延长/尽力/。,train
train-02753,F/train-02753.mp4,我/裤子/小便/有/。,train
train-02754,F/train-02754.mp4,我/工作/努力/很/。,train
train-02755,F/train-02755.mp4,我/左/我/妈妈/是/。,train
train-02756,F/train-02756.mp4,我/差点儿1/忘/。,train
train-02757,F/train-02757.mp4,孩子/多/推/我/差点儿1/摔倒/。,train
train-02758,F/train-02758.mp4,我/决心/。,train
train-02759,F/train-02759.mp4,我/决定/读书/到/中国/外/。,train
train-02760,F/train-02760.mp4,我/准备/好/。,train
train-02761,F/train-02761.mp4,我/饱/谢谢/。,train
train-02762,F/train-02762.mp4,我/忍/不行2/。,train
train-02763,F/train-02763.mp4,我/崩溃/要/。,train
train-02764,F/train-02764.mp4,我/放弃/完/。,train
train-02765,F/train-02765.mp4,我/等/一周/有/答案1/没有/。,train
train-02766,F/train-02766.mp4,我/练习/多/有/。,train
train-02767,F/train-02767.mp4,我/试验1/多/有/。,train
train-02768,F/train-02768.mp4,我/希望/一切/顺利/。,train
train-02769,F/train-02769.mp4,我/希望/他/话/遵守/。,train
train-02770,F/train-02770.mp4,我/希望/我们/孩子/高/壮/。,train
train-02771,F/train-02771.mp4,我/希望/梦想/实现/。,train
train-02772,F/train-02772.mp4,我/希望/锻炼/我/身体/保持/。,train
train-02773,F/train-02773.mp4,我/希望/答案1/明确/。,train
train-02774,F/train-02774.mp4,我/希望/去/你/家乡/时间/有/。,train
train-02775,F/train-02775.mp4,我/希望/迈/向前/。,train
train-02776,F/train-02776.mp4,我/希望/这个/了解1/多/。,train
train-02777,F/train-02777.mp4,那/家/重庆/小/面/味道/棒/我/带1/你/去/吃/。,train
train-02778,F/train-02778.mp4,我/带2/病历/有/。,train
train-02779,F/train-02779.mp4,你/广场/我/帮助/拍照/好不好/。,train
train-02780,F/train-02780.mp4,我/帮助/好不好/。,train
train-02781,F/train-02781.mp4,我/右/。,train
train-02782,F/train-02782.mp4,我/补/票/在/哪里/？,train
train-02783,F/train-02783.mp4,医生/我/找/哪/？,train
train-02784,F/train-02784.mp4,我/同学/暑假/打工/一起/去/。,train
train-02785,F/train-02785.mp4,我/建议（你）/去/公安局/问/。,train
train-02786,F/train-02786.mp4,我/提议（你）/地图/城市/带/。,train
train-02787,F/train-02787.mp4,我/提议（你）/鸡尾酒/品尝/。,train
train-02788,F/train-02788.mp4,我/开/账户/储蓄/手续/要/什么/？,train
train-02789,F/train-02789.mp4,韩国/菜/我/开始/喜欢/。,train
train-02790,F/train-02790.mp4,我/想/小孩/年/。,train
train-02791,F/train-02791.mp4,我/目标/寻找/。,train
train-02792,F/train-02792.mp4,我/钱/借（你）/我/愿意/。,train
train-02793,F/train-02793.mp4,我/蛋糕1/吃/饱/。,train
train-02794,F/train-02794.mp4,我/喜欢/你/房子/很/。,train
train-02795,F/train-02795.mp4,工作/你/一起/我/喜欢/很/。,train
train-02796,F/train-02796.mp4,这里/我/喜欢/很/。,train
train-02797,F/train-02797.mp4,我/瞌睡/很/。,train
train-02798,F/train-02798.mp4,我/锻炼2/少/。,train
train-02799,F/train-02799.mp4,我/想/去/但是1/高尔夫/我/不会/。,train
train-02800,F/train-02800.mp4,我/想/去/但是1/我/工作/需要2/。,train
train-02801,F/train-02801.mp4,二/妻子/孩子/我/都/感谢/。,train
train-02802,F/train-02802.mp4,我/抱歉/。,train
train-02803,F/train-02803.mp4,我/现在/说/辞职/我/抱歉/。,train
train-02804,F/train-02804.mp4,将来/事情2/我/期待/。,train
train-02805,F/train-02805.mp4,我/妻子/我/爱/她/。,train
train-02806,F/train-02806.mp4,我/累/很/。,train
train-02807,F/train-02807.mp4,我/聪明2/很/。,train
train-02808,F/train-02808.mp4,这/双胞胎/我/识别/难/。,train
train-02809,F/train-02809.mp4,我/履历/你们/收/我/开心/。,train
train-02810,F/train-02810.mp4,我/去/床/睡觉/要/。,train
train-02811,F/train-02811.mp4,我/感冒/重/。,train
train-02812,F/train-02812.mp4,我/作业/写/完/出去/玩/可以/。,train
train-02813,F/train-02813.mp4,我/生日1/礼物/接收/电脑/。,train
train-02814,F/train-02814.mp4,汽车1/速度/我/慢/。,train
train-02815,F/train-02815.mp4,速度/慢/。,train
train-02816,F/train-02816.mp4,我/跟/妈妈/到/外婆/家/吃饭/。,train
train-02817,F/train-02817.mp4,我/在/你/心/笑/。,train
train-02818,F/train-02818.mp4,我/先/回/车/放/好/必须/。,train
train-02819,F/train-02819.mp4,我/门/出/七点/必须/。,train
train-02820,F/train-02820.mp4,他/工作/优秀/我/说/必须/。,train
train-02821,F/train-02821.mp4,我/安静/休养/必须/。,train
train-02822,F/train-02822.mp4,我/忍/不行2/。,train
train-02823,F/train-02823.mp4,我/打电话/给（你）/想/。,train
train-02824,F/train-02824.mp4,我/课程/表/忘/我/买/书/什么/不知道/。,train
train-02825,F/train-02825.mp4,我/汤/加/盐/忘/。,train
train-02826,F/train-02826.mp4,我/做/样子/忘/。,train
train-02827,F/train-02827.mp4,我/火/水/壶/忘/。,train
train-02828,F/train-02828.mp4,我/忙/很/。,train
train-02829,F/train-02829.mp4,我/怀孕/一/月/左右/。,train
train-02830,F/train-02830.mp4,那/故事/真/假/我/怀疑/。,train
train-02831,F/train-02831.mp4,我/什么/？,train
train-02832,F/train-02832.mp4,书/我/要/找/怎么/？,train
train-02833,F/train-02833.mp4,你/妈妈/昨天/告诉（我）/公交车/我/看/没有/？,train
train-02834,F/train-02834.mp4,我/登机/怎么/？,train
train-02835,F/train-02835.mp4,我/联系/你/怎么/？,train
train-02836,F/train-02836.mp4,我/担心/今天/去/上班/不行2/。,train
train-02837,F/train-02837.mp4,我们/合作/关系/公司/会/停止/应该/。,train
train-02838,F/train-02838.mp4,我/担心/这/事/不行2/。,train
train-02839,F/train-02839.mp4,我/考虑/。,train
train-02840,F/train-02840.mp4,我/想/房子/住/和/男/一/。,train
train-02841,F/train-02841.mp4,我/想/买/冬/衣服/几/给（我）/女/朋友/。,train
train-02842,F/train-02842.mp4,我/想/买/桌子/放/书/。,train
train-02843,F/train-02843.mp4,我/想/买/洗衣机/。,train
train-02844,F/train-02844.mp4,我/想/买/相机/便宜/。,train
train-02845,F/train-02845.mp4,我/想/买/玩具/。,train
train-02846,F/train-02846.mp4,我/想/买/香水/。,train
train-02847,F/train-02847.mp4,我/想/买/沙发/样子/L/组/。,train
train-02848,F/train-02848.mp4,明天/到/上海/软/睡/票/买/二/。,train
train-02849,F/train-02849.mp4,我/买/送/亲戚/朋友/。,train
train-02850,F/train-02850.mp4,我/想/休息/一周/家/人/一起/。,train
train-02851,F/train-02851.mp4,我/想/休息/时间/阶段2/。,train
train-02852,F/train-02852.mp4,你/跳舞/经常/是/。,train
train-02853,F/train-02853.mp4,你/住院2/要/你/应该/知道/。,train
train-02854,F/train-02854.mp4,我/想/学/课/二/现代/管理/和/通信/。,train
train-02855,F/train-02855.mp4,我/想/做/脸/美容/。,train
train-02856,F/train-02856.mp4,我/这/账户/想/停/。,train
train-02857,F/train-02857.mp4,我/想/取款/3000/。,train
train-02858,F/train-02858.mp4,我/想/吃/法国/菜/。,train
train-02859,F/train-02859.mp4,衣服/大小/适合/你/卖/完/。,train
train-02860,F/train-02860.mp4,我/想/告诉/大家/一起/工作/我/开心/真1/。,train
train-02861,F/train-02861.mp4,我/你/咱俩/说话/。,train
train-02862,F/train-02862.mp4,我/冰/茶/要/冰/块/没有/。,train
train-02863,F/train-02863.mp4,房子/我/想/买/农村/。,train
train-02864,F/train-02864.mp4,旅行/支票/我/想/兑现/一些/。,train
train-02865,F/train-02865.mp4,喝[左]/冰[右]/块/抓[右]/放[左]/。,train
train-02866,F/train-02866.mp4,旅游/我/想/出租车/。,train
train-02867,F/train-02867.mp4,复印/机器/纸/完/应该/。,train
train-02868,F/train-02868.mp4,我/想/了解1/多/。,train
train-02869,F/train-02869.mp4,我/想/等/一会儿/。,train
train-02870,F/train-02870.mp4,我/想/学习/东西/多/。,train
train-02871,F/train-02871.mp4,炒/肉/丝2/我/想/学/。,train
train-02872,F/train-02872.mp4,汉堡包/土豆/条/我/要/。,train
train-02873,F/train-02873.mp4,东西/小/速递/到/加拿大/办法/怎么/？,train
train-02874,F/train-02874.mp4,我/小便/。,train
train-02875,F/train-02875.mp4,昨天/你/给（我）/书/我/想/带1/。,train
train-02876,F/train-02876.mp4,我/住/时间/延长/要/。,train
train-02877,F/train-02877.mp4,我/想/开/账户/支票/。,train
train-02878,F/train-02878.mp4,水1/桶/我/买/应该/。,train
train-02879,F/train-02879.mp4,我/感冒/应该/。,train
train-02880,F/train-02880.mp4,我/晕/车/应该/。,train
train-02881,F/train-02881.mp4,我/想/打听/事/。,train
train-02882,F/train-02882.mp4,第二次/世界/战争/信息/我/找/。,train
train-02883,F/train-02883.mp4,我/想/剩余/打/包/带2/。,train
train-02884,F/train-02884.mp4,我/想/宠物/寄存/这/。,train
train-02885,F/train-02885.mp4,肉/火/小/慢慢/十分钟/。,train
train-02886,F/train-02886.mp4,窗户/我/想/改/落地窗/。,train
train-02887,F/train-02887.mp4,我/想/这/包2/礼物/可以/？,train
train-02888,F/train-02888.mp4,我/想/这/衬衫/干/洗/。,train
train-02889,F/train-02889.mp4,我/想/信/写/完成/。,train
train-02890,F/train-02890.mp4,我/想/这/100/钱/分开2/零/钱/。,train
train-02891,F/train-02891.mp4,那/画/我/想/挂/墙/。,train
train-02892,F/train-02892.mp4,课/我/想/报名/学习/。,train
train-02893,F/train-02893.mp4,我/想/大便/。,train
train-02894,F/train-02894.mp4,我/想/看/开拓/。,train
train-02895,F/train-02895.mp4,水果/新鲜/我/想/挑选/一些1/。,train
train-02896,F/train-02896.mp4,我/想/手机/换/。,train
train-02897,F/train-02897.mp4,水1/我/要/。,train
train-02898,F/train-02898.mp4,我/想/核查/。,train
train-02899,F/train-02899.mp4,我/想/求/你/事/。,train
train-02900,F/train-02900.mp4,我/想/点/歌/一/。,train
train-02901,F/train-02901.mp4,我/想/装饰/用/象/牙/白/。,train
train-02902,F/train-02902.mp4,我/想/申请/职业/专业/联系/。,train
train-02903,F/train-02903.mp4,我/想/寸头/。,train
train-02904,F/train-02904.mp4,我/想/看/0/0/7/。,train
train-02905,F/train-02905.mp4,我/想/看/什么/我/最/喜欢/动画片/。,train
train-02906,F/train-02906.mp4,你/自助餐/样子/什么/。,train
train-02907,F/train-02907.mp4,你/所有/我/想/知道/。,train
train-02908,F/train-02908.mp4,周六/周日/你/做/什么/。,train
train-02909,F/train-02909.mp4,我/想/出去/一小时/。,train
train-02910,F/train-02910.mp4,我/想/租/房间/二/卧室/客厅/。,train
train-02911,F/train-02911.mp4,我/想/买/玩具/给/我/儿子/。,train
train-02912,F/train-02912.mp4,我/想/买/护肤霜/给/我/妈妈/。,train
train-02913,F/train-02913.mp4,我/打电话/给/我/律师/。,train
train-02914,F/train-02914.mp4,导游/我/要/一/。,train
train-02915,F/train-02915.mp4,头发/样子/新2/我/要/。,train
train-02916,F/train-02916.mp4,导游/会/日本/说话/我/要/。,train
train-02917,F/train-02917.mp4,我/想/婚姻/幸福/要/。,train
train-02918,F/train-02918.mp4,那/我/要/一样/。,train
train-02919,F/train-02919.mp4,我/想/开/账户/存钱/定期/。,train
train-02920,F/train-02920.mp4,我/要/床/大/。,train
train-02921,F/train-02921.mp4,房间/里/家具/有/我/要/。,train
train-02922,F/train-02922.mp4,颜色/浅2/我/要/。,train
train-02923,F/train-02923.mp4,我/预约/飞机/座位/现在/我/核对/。,train
train-02924,F/train-02924.mp4,睡觉/房间/我/要/一/。,train
train-02925,F/train-02925.mp4,座位/靠近/道路/走/我/要/。,train
train-02926,F/train-02926.mp4,我/想/带1/你/我/父母/见/。,train
train-02927,F/train-02927.mp4,外/生意/公司/我/想/试验1/。,train
train-02928,F/train-02928.mp4,我/请假/去/计算机/课/可以/？,train
train-02929,F/train-02929.mp4,我/想/请假/回家/照顾/宝宝/。,train
train-02930,F/train-02930.mp4,我/想/请/病假/。,train
train-02931,F/train-02931.mp4,我/想/门/去/和/爸爸/。,train
train-02932,F/train-02932.mp4,我/想/环境/换/。,train
train-02933,F/train-02933.mp4,我/想/追求/她/。,train
train-02934,F/train-02934.mp4,我/想/裤子/退/。,train
train-02935,F/train-02935.mp4,我/想/这/笔记本/退/。,train
train-02936,F/train-02936.mp4,我/失望/。,train
train-02937,F/train-02937.mp4,我/感觉/自由/不/。,train
train-02938,F/train-02938.mp4,我/感觉/差/。,train
train-02939,F/train-02939.mp4,我/不/舒服/一点/。,train
train-02940,F/train-02940.mp4,我/饿/一点/你/？,train
train-02941,F/train-02941.mp4,我/精力/多/。,train
train-02942,F/train-02942.mp4,和/你/过/一生/我/愿意/。,train
train-02943,F/train-02943.mp4,帮助/我/愿意/。,train
train-02944,F/train-02944.mp4,我/想/变/更/好/。,train
train-02945,F/train-02945.mp4,我/手机/丢/。,train
train-02946,F/train-02946.mp4,我/主动/烹饪/不会/。,train
train-02947,F/train-02947.mp4,我/学习/刚才/开始/。,train
train-02948,F/train-02948.mp4,我/打算/买/新/电脑/。,train
train-02949,F/train-02949.mp4,我/打算/约会/她/。,train
train-02950,F/train-02950.mp4,我/号码/打/错/。,train
train-02951,F/train-02951.mp4,我/行李/找/没有/。,train
train-02952,F/train-02952.mp4,我/新/工作/找/到/有/。,train
train-02953,F/train-02953.mp4,它/我/挂/窗户/前面/。,train
train-02954,F/train-02954.mp4,我/房间/打扫/干净/完了/。,train
train-02955,F/train-02955.mp4,我/（指一下手）烫/。,train
train-02956,F/train-02956.mp4,我/钥匙/给（你）/。,train
train-02957,F/train-02957.mp4,钱/我/借2/他/。,train
train-02958,F/train-02958.mp4,篮球/比赛/我/报名/。,train
train-02959,F/train-02959.mp4,我/担心/人/多/我/说话/不行2/。,train
train-02960,F/train-02960.mp4,我/担心/老板/对/我/印象/不好/。,train
train-02961,F/train-02961.mp4,我/担心/事情/多/。,train
train-02962,F/train-02962.mp4,我/担心/转机/时间/够/。,train
train-02963,F/train-02963.mp4,那/公司/生意/再/我/拒绝/。,train
train-02964,F/train-02964.mp4,问题/答案1/我/拒绝/。,train
train-02965,F/train-02965.mp4,我/想/去/。,train
train-02966,F/train-02966.mp4,我/敬/。,train
train-02967,F/train-02967.mp4,肺/新冠/注射/我/国/研究/有/。,train
train-02968,F/train-02968.mp4,我/国/首都/北京/是/。,train
train-02969,F/train-02969.mp4,我/想/静/我/烦/很/。,train
train-02970,F/train-02970.mp4,我/锻炼2/胸/肌肉1/怎么/？,train
train-02971,F/train-02971.mp4,我/害怕/你/感冒/传染/我/。,train
train-02972,F/train-02972.mp4,明天/早上1/五点/半/我/起床/。,train
train-02973,F/train-02973.mp4,我/财物/宝贵/最/什么/知识/是/。,train
train-02974,F/train-02974.mp4,淘气/男/我/弟弟/是/。,train
train-02975,F/train-02975.mp4,文{文章的第一个手势动作}/ZH/秘书/我/应该/聘用/。,train
train-02976,F/train-02976.mp4,我/朋友/不理睬/。,train
train-02977,F/train-02977.mp4,我/爸爸/老师/是/教/古典/奏乐1/。,train
train-02978,F/train-02978.mp4,我/橡皮/丢/。,train
train-02979,G/train-02979.mp4,我/无所谓2/。,train
train-02980,G/train-02980.mp4,你/说/我/相信/不/。,train
train-02981,G/train-02981.mp4,我/对/你/感谢/表达1/不够/。,train
train-02982,G/train-02982.mp4,办法/我/没有1/。,train
train-02983,G/train-02983.mp4,我/早上2/了解/清楚/应该/。,train
train-02984,G/train-02984.mp4,我/一直/想/你/。,train
train-02985,G/train-02985.mp4,明天/和/你/网球/不行1/。,train
train-02986,G/train-02986.mp4,明天/我/年龄/20/3/。,train
train-02987,G/train-02987.mp4,明天/我/去/练习/开车/。,train
train-02988,G/train-02988.mp4,我/明年/退休/。,train
train-02989,G/train-02989.mp4,我/明白/。,train
train-02990,G/train-02990.mp4,我/昨天/泡温泉/。,train
train-02991,G/train-02991.mp4,昨天/我/在/这/买/书/这/有/问题/想/换/。,train
train-02992,G/train-02992.mp4,昨天/我/失业/。,train
train-02993,G/train-02993.mp4,我/昨天/晚上/梦/有/你/。,train
train-02994,G/train-02994.mp4,我/昨天/晚上/睡觉/不好/。,train
train-02995,G/train-02995.mp4,我/是/老师/。,train
train-02996,G/train-02996.mp4,我/是/农民/。,train
train-02997,G/train-02997.mp4,我/是/工人/。,train
train-02998,G/train-02998.mp4,我/是/森林/保护1/员/。,train
train-02999,G/train-02999.mp4,那/样子/事情2/我/做/不/。,train
train-03000,G/train-03000.mp4,我/对/食物/零食/态度/应该/改变/是/？,train
train-03001,G/train-03001.mp4,我/应该/约/她/出去/是/？,train
train-03002,G/train-03002.mp4,我/是/乐观/女孩/。,train
train-03003,G/train-03003.mp4,我/是/个体户/。,train
train-03004,G/train-03004.mp4,我/是/小/女孩/。,train
train-03005,G/train-03005.mp4,我/工作/上瘾/是/。,train
train-03006,G/train-03006.mp4,我/是/公司/普通/职员/。,train
train-03007,G/train-03007.mp4,我/热爱/足球/。,train
train-03008,G/train-03008.mp4,我/是/中国/人/。,train
train-03009,G/train-03009.mp4,我/是/二年级/学生/。,train
train-03010,G/train-03010.mp4,我/喜欢/他/演的/电影/。,train
train-03011,G/train-03011.mp4,我/是/你们/新/英国/语言/老师/。,train
train-03012,G/train-03012.mp4,我/是/公务员/。,train
train-03013,G/train-03013.mp4,我/座位/倾斜/可以/？,train
train-03014,G/train-03014.mp4,我/是/国家/公务员/。,train
train-03015,G/train-03015.mp4,我/学习1/是/生物2/学/。,train
train-03016,G/train-03016.mp4,我/按照/约/来/面试/见（你）/高兴/。,train
train-03017,G/train-03017.mp4,我/热爱/棒球/。,train
train-03018,G/train-03018.mp4,我/是/接待/员/。,train
train-03019,G/train-03019.mp4,我/以前/工作/推广/卖/卖/卖/。,train
train-03020,G/train-03020.mp4,我/以前/在/贸易/公司/做/秘书/。,train
train-03021,G/train-03021.mp4,这里/风景/我/最2/喜欢/。,train
train-03022,G/train-03022.mp4,他/生气/我/最1/害怕/。,train
train-03023,G/train-03023.mp4,这里/课/我/最2/讨厌/。,train
train-03024,G/train-03024.mp4,它/我/最2/讨厌/。,train
train-03025,G/train-03025.mp4,我/有/一/好/方法/。,train
train-03026,G/train-03026.mp4,我/有/一/好/消息/告诉/你/。,train
train-03027,G/train-03027.mp4,我/有/农场/一/大/。,train
train-03028,G/train-03028.mp4,我/有/一/工作/机会/更/好/。,train
train-03029,G/train-03029.mp4,我/有/行李/二/在/出租车/里/。,train
train-03030,G/train-03030.mp4,我/有/事情2/和/你/商量1/。,train
train-03031,G/train-03031.mp4,我/有/铅笔/五/。,train
train-03032,G/train-03032.mp4,我/有/美国/邮票/这里/用/可以/？,train
train-03033,G/train-03033.mp4,我/时间/充足/。,train
train-03034,G/train-03034.mp4,我/有/一/消费2/计划/都/推迟/。,train
train-03035,G/train-03035.mp4,我/有/多/事情2/要/做/。,train
train-03036,G/train-03036.mp4,我/有/事情2/着急/。,train
train-03037,G/train-03037.mp4,我/有/事/急/脱离/不行2/。,train
train-03038,G/train-03038.mp4,我/有/时候/忙/很/。,train
train-03039,G/train-03039.mp4,我/有/少/难受/。,train
train-03040,G/train-03040.mp4,我/有/少/累/。,train
train-03041,G/train-03041.mp4,我/有/男/朋友/。,train
train-03042,G/train-03042.mp4,我/朋友/了不起/。,train
train-03043,G/train-03043.mp4,我/朋友/帮助（我）/预约/了/房间/1/。,train
train-03044,G/train-03044.mp4,我/期待/现在/星期日2/。,train
train-03045,G/train-03045.mp4,原来/计划/书/今天/给你/但是2/忘记/。,train
train-03046,G/train-03046.mp4,我/来/为/你/加油/。,train
train-03047,G/train-03047.mp4,垃圾/我/倒/。,train
train-03048,G/train-03048.mp4,它/我/处理2/。,train
train-03049,G/train-03049.mp4,黑板/我/擦/。,train
train-03050,G/train-03050.mp4,我/收拾/。,train
train-03051,G/train-03051.mp4,我/日程/安排/看1/。,train
train-03052,G/train-03052.mp4,土豆/削皮/我/帮助/。,train
train-03053,G/train-03053.mp4,我/籍贯/中国/。,train
train-03054,G/train-03054.mp4,我/来/这里/为了/学习/中国/语言/。,train
train-03055,G/train-03055.mp4,我/请假/条/给/。,train
train-03056,G/train-03056.mp4,晚上/吃饭/钱/我/欠/你/。,train
train-03057,G/train-03057.mp4,我/现在/做/包子/。,train
train-03058,G/train-03058.mp4,我/现在/走/那/杂/东西2/房子/。,train
train-03059,G/train-03059.mp4,我/现在/开会/如果/有/事情2/着急/短信/。,train
train-03060,G/train-03060.mp4,我/现在/找/腰带2/搭配/新/牛仔裤/。,train
train-03061,G/train-03061.mp4,我/现在/找/工作/。,train
train-03062,G/train-03062.mp4,我/现在/钱/存储/等/以后/买/房子/。,train
train-03063,G/train-03063.mp4,我/现在/调动2/工作/。,train
train-03064,G/train-03064.mp4,我/正好/想/回家1/。,train
train-03065,G/train-03065.mp4,我/正好/准备/去/突然/下雨/。,train
train-03066,G/train-03066.mp4,我/每月/看/电影/二/次/。,train
train-03067,G/train-03067.mp4,我/每个/周日/去/健身房/。,train
train-03068,G/train-03068.mp4,我/每天/无聊/像/现在/一样/。,train
train-03069,G/train-03069.mp4,每/次/锻炼2/前2/都/做/伸展/要/？,train
train-03070,G/train-03070.mp4,头发/直/中长/我/喜欢/。,train
train-03071,G/train-03071.mp4,跑/慢1/我/喜欢/。,train
train-03072,G/train-03072.mp4,热2/我/受不了/。,train
train-03073,G/train-03073.mp4,毕业/以后/我/想/去/留学/。,train
train-03074,G/train-03074.mp4,我/始终/在/你/边/。,train
train-03075,G/train-03075.mp4,我/事情2/没有2/。,train
train-03076,G/train-03076.mp4,企图/我/没有2/。,train
train-03077,G/train-03077.mp4,我/听/清楚/没有2/。,train
train-03078,G/train-03078.mp4,你/做/这里/我/没想到/。,train
train-03079,G/train-03079.mp4,我/思想/空/。,train
train-03080,G/train-03080.mp4,这/集会/我/去/想/不/。,train
train-03081,G/train-03081.mp4,我/电话/你/没有2/。,train
train-03082,G/train-03082.mp4,他/我/见面/了/没有2/。,train
train-03083,G/train-03083.mp4,任何/药/我/没有2/。,train
train-03084,G/train-03084.mp4,火车/我/到/晚了/。,train
train-03085,G/train-03085.mp4,那里/意思/我/没有2/。,train
train-03086,G/train-03086.mp4,我/浑身/冷/。,train
train-03087,G/train-03087.mp4,我/浑身/汗/。,train
train-03088,G/train-03088.mp4,我/工资/涨钱/。,train
train-03089,G/train-03089.mp4,我/每/次/演讲/都/紧张/。,train
train-03090,G/train-03090.mp4,我/点/菜/端/没有2/。,train
train-03091,G/train-03091.mp4,我/做/米饭/水/倒/多少/合适/？,train
train-03092,G/train-03092.mp4,我/爱/你/但是2/咱俩/结婚/不行2/。,train
train-03093,G/train-03093.mp4,炒/菜/我/喜欢/吃/。,train
train-03094,G/train-03094.mp4,烤串/我/喜欢/吃/。,train
train-03095,G/train-03095.mp4,我/爱/故乡/特色/产品/柿子/名字/火/J/。,train
train-03096,G/train-03096.mp4,这/运动/我/喜欢/。,train
train-03097,G/train-03097.mp4,我/爸爸/帮助（我）/挑选/新1/书/一/。,train
train-03098,G/train-03098.mp4,我/爸爸/是/做/木头/。,train
train-03099,G/train-03099.mp4,我/爸爸/妈妈/想/我/国家/出/。,train
train-03100,G/train-03100.mp4,我/牙齿/疼痛/一天/。,train
train-03101,G/train-03101.mp4,老师/说/我/都/记忆/。,train
train-03102,G/train-03102.mp4,古典2/音乐/我/喜欢/很/。,train
train-03103,G/train-03103.mp4,这里/球/比赛/我/想/看/很/。,train
train-03104,G/train-03104.mp4,我/现在/出去/不行2/。,train
train-03105,G/train-03105.mp4,我/现在/去/卫生间/可以/？,train
train-03106,G/train-03106.mp4,我/现在/失业/。,train
train-03107,G/train-03107.mp4,我/现在/无聊/很/。,train
train-03108,G/train-03108.mp4,我/车2/现在/一定/加油/。,train
train-03109,G/train-03109.mp4,我/现在/去/看/房子/可以/？,train
train-03110,G/train-03110.mp4,我/现在/真1/想/去/见面/他/。,train
train-03111,G/train-03111.mp4,我/现在/出去/玩1/可以/？,train
train-03112,G/train-03112.mp4,我/现在/门/出去/。,train
train-03113,G/train-03113.mp4,如果/我/现在/订/东西/做/好/什么/时候/？,train
train-03114,G/train-03114.mp4,我/身体/现在/健康/。,train
train-03115,G/train-03115.mp4,我/现在/钱/没有1/。,train
train-03116,G/train-03116.mp4,我/现在/钱/需要/。,train
train-03117,G/train-03117.mp4,你/心情/我/理解/。,train
train-03118,G/train-03118.mp4,我/书/消失/。,train
train-03119,G/train-03119.mp4,我/作业/本/里/分数1/一百/多/。,train
train-03120,G/train-03120.mp4,我/头发/长/眼睛/。,train
train-03121,G/train-03121.mp4,我/存折/丢/怎么/办/？,train
train-03122,G/train-03122.mp4,我/建议/情绪/表达2/可以/去/表演/房子/。,train
train-03123,G/train-03123.mp4,我/弟弟/淘气/很/。,train
train-03124,G/train-03124.mp4,我/弟弟/跑步/第一名/。,train
train-03125,G/train-03125.mp4,警察/打/他/证据/有/。,train
train-03126,G/train-03126.mp4,我/微博/有人/转/短信/。,train
train-03127,G/train-03127.mp4,我/成绩/进步2/请/大佬/讲话/。,train
train-03128,G/train-03128.mp4,我/手/疼/好/了/。,train
train-03129,G/train-03129.mp4,我/籍贯/临潼/。,train
train-03130,G/train-03130.mp4,我/日本/语言/差/拜托/多/教导（我）/。,train
train-03131,G/train-03131.mp4,我/洗衣液/完了/。,train
train-03132,G/train-03132.mp4,美术2/我/兴趣/。,train
train-03133,G/train-03133.mp4,我/生活/钱/完了/。,train
train-03134,G/train-03134.mp4,我/电脑/网络/不行2/。,train
train-03135,G/train-03135.mp4,我/皮肤/感觉/有/少/松弛/。,train
train-03136,G/train-03136.mp4,我/皮肤/干/很1/。,train
train-03137,G/train-03137.mp4,我/想/法1/和/你/一样/。,train
train-03138,G/train-03138.mp4,笔记本电脑/我/。,train
train-03139,G/train-03139.mp4,我/考试/成绩/低/失落/。,train
train-03140,G/train-03140.mp4,我/花园/近/河/。,train
train-03141,G/train-03141.mp4,我/衣服/挂/一星期/干/不行2/。,train
train-03142,G/train-03142.mp4,我/车2/发生/问题/我/估计/车胎/爆炸/。,train
train-03143,G/train-03143.mp4,我/车2/发动/不行2/不知道/为什么/。,train
train-03144,G/train-03144.mp4,我/车2/电/没有1/。,train
train-03145,G/train-03145.mp4,我/车2/油/完了/。,train
train-03146,G/train-03146.mp4,我/车2/坐/人/四/可以/。,train
train-03147,G/train-03147.mp4,我/铅笔/哪/？,train
train-03148,G/train-03148.mp4,我/银行卡/不行2/帮助（我）/看1/可以/？,train
train-03149,G/train-03149.mp4,我/鞋/带/松了/。,train
train-03150,G/train-03150.mp4,害怕/哭/。,train
train-03151,G/train-03151.mp4,我/相信/你/。,train
train-03152,G/train-03152.mp4,我/相信/你/做/成功1/可以/。,train
train-03153,G/train-03153.mp4,我/相信/我们/危险/转化/安全/可以/。,train
train-03154,G/train-03154.mp4,我/相信/祖国/二十/年/以后/转化/发达/国家/可以/。,train
train-03155,G/train-03155.mp4,我/相信/老板/理解/可以/。,train
train-03156,G/train-03156.mp4,我/看/了/记忆/好/。,train
train-03157,G/train-03157.mp4,我/看（你）/精神/棒/。,train
train-03158,G/train-03158.mp4,照片/看/回忆/以前/事情2/。,train
train-03159,G/train-03159.mp4,我/看/洞/兔子2/钻进/。,train
train-03160,G/train-03160.mp4,看（我）/怎么/？,train
train-03161,G/train-03161.mp4,起床/我/不愿意/。,train
train-03162,G/train-03162.mp4,他/我/受不了/。,train
train-03163,G/train-03163.mp4,我/想/中午1/睡觉/。,train
train-03164,G/train-03164.mp4,这/歌唱/我/受不了/。,train
train-03165,G/train-03165.mp4,对不起2/很1/。,train
train-03166,G/train-03166.mp4,现在/次/工作/面试/我/担心/很/。,train
train-03167,G/train-03167.mp4,我/烦/你/很1/。,train
train-03168,G/train-03168.mp4,我/痛苦/很1/。,train
train-03169,G/train-03169.mp4,我/做/乱/很1/。,train
train-03170,G/train-03170.mp4,和/你/分别/我/舍不得/。,train
train-03171,G/train-03171.mp4,我/知道/你/喜欢/面条/。,train
train-03172,G/train-03172.mp4,你/想/要/什么/我/知道/。,train
train-03173,G/train-03173.mp4,我/知道/咱俩/讲话/淡/。,train
train-03174,G/train-03174.mp4,和/它/有/联系/全部/我/知道/。,train
train-03175,G/train-03175.mp4,我/知道/这里/近/监督/车2/速度/东西/有/。,train
train-03176,G/train-03176.mp4,我/知道/这里/近/车2/修理/房子/一/。,train
train-03177,G/train-03177.mp4,我/相信/我/服务/你/一定1/满意/。,train
train-03178,G/train-03178.mp4,公园/我/走/。,train
train-03179,G/train-03179.mp4,我/第一次/来/这里/请教（你）/可以/？,train
train-03180,G/train-03180.mp4,我/说/不行2/。,train
train-03181,G/train-03181.mp4,你/我/都/知道/。,train
train-03182,G/train-03182.mp4,我/坐/不行2/为什么/紧张/。,train
train-03183,G/train-03183.mp4,爸爸/我/抱/。,train
train-03184,G/train-03184.mp4,我/累/。,train
train-03185,G/train-03185.mp4,我/说/不行2/为什么/累/。,train
train-03186,G/train-03186.mp4,梯子/我/爬/顶部/。,train
train-03187,G/train-03187.mp4,我/常常/薯片/多/。,train
train-03188,G/train-03188.mp4,它/我/常常/保养/。,train
train-03189,G/train-03189.mp4,蔬菜/我/常常/盘子/蘸着吃/。,train
train-03190,G/train-03190.mp4,我/真实1/身份/常常/隐藏/。,train
train-03191,G/train-03191.mp4,给（你）/二/选择/。,train
train-03192,G/train-03192.mp4,你/牛奶/改变/热1/要/。,train
train-03193,G/train-03193.mp4,我/推荐/网络/游戏/你/。,train
train-03194,G/train-03194.mp4,我/考试/成绩/100/。,train
train-03195,G/train-03195.mp4,我/肚子/疼/。,train
train-03196,G/train-03196.mp4,我/一定1/给/一/个/满意/答案/。,train
train-03197,G/train-03197.mp4,我/为/你/服务/可以/？,train
train-03198,G/train-03198.mp4,我/可以/为/你/做/什么/？,train
train-03199,G/train-03199.mp4,咱俩/约会/可以/？,train
train-03200,G/train-03200.mp4,我/在/其他/地方/买/更/便宜/可以/。,train
train-03201,G/train-03201.mp4,我/处理2/可以/。,train
train-03202,G/train-03202.mp4,我/手提/箱子/放/这/可以/？,train
train-03203,G/train-03203.mp4,我/带/朋友/去/可以/？,train
train-03204,G/train-03204.mp4,我/开窗/气/对流/呼吸/可以/？,train
train-03205,G/train-03205.mp4,这/洗衣机/退1/钱/我/接收/到/可以/？,train
train-03206,G/train-03206.mp4,我/坐/你/边/可以/？,train
train-03207,G/train-03207.mp4,这/我/拍照/可以/？,train
train-03208,G/train-03208.mp4,你/卫生间/我/去/可以/？,train
train-03209,G/train-03209.mp4,你/电话/我/借/用/可以/？,train
train-03210,G/train-03210.mp4,你/飞机/票/我/看/可以/？,train
train-03211,G/train-03211.mp4,我/要/热狗/2/可以/？,train
train-03212,G/train-03212.mp4,这/我/试试/可以/？,train
train-03213,G/train-03213.mp4,我/自己/刷牙/。,train
train-03214,G/train-03214.mp4,我/心中有数/。,train
train-03215,G/train-03215.mp4,树丛/草丛/我/自己/整理/。,train
train-03216,G/train-03216.mp4,我/玩/网络/游戏/时间/多/很/。,train
train-03217,G/train-03217.mp4,公司/辞退（我）/解释/没有2/。,train
train-03218,G/train-03218.mp4,我/要/巴黎/卷心菜/一/。,train
train-03219,G/train-03219.mp4,我/要/苹果/三/可以/？,train
train-03220,G/train-03220.mp4,我/要/10点/最2/车/票/2/。,train
train-03221,G/train-03221.mp4,我/要/买/10月3号/票/2/。,train
train-03222,G/train-03222.mp4,我/账户/取款/人民币/8000/。,train
train-03223,G/train-03223.mp4,我/付钱/多少/？,train
train-03224,G/train-03224.mp4,我/住院1/久/要/？,train
train-03225,G/train-03225.mp4,我/美容/化妆/半/小时/要/。,train
train-03226,G/train-03226.mp4,我/先/走/。,train
train-03227,G/train-03227.mp4,我/要/用/热水/洗澡/。,train
train-03228,G/train-03228.mp4,这/胶卷/我/要/冲洗/。,train
train-03229,G/train-03229.mp4,我/要/买/电风扇/。,train
train-03230,G/train-03230.mp4,我/去/厕所/。,train
train-03231,G/train-03231.mp4,我/去/逛街/。,train
train-03232,G/train-03232.mp4,发票/我/要/单位/名字/这/。,train
train-03233,G/train-03233.mp4,我/挑战/你/。,train
train-03234,G/train-03234.mp4,我/寄包裹1/要/。,train
train-03235,G/train-03235.mp4,我/有/一些1/寄信/法国/要/。,train
train-03236,G/train-03236.mp4,我/玩1/游戏/要/。,train
train-03237,G/train-03237.mp4,你/工资/我/扣除/要/。,train
train-03238,G/train-03238.mp4,我/房间/整理/要/。,train
train-03239,G/train-03239.mp4,如果/我/说/那/没有2/就/好/。,train
train-03240,G/train-03240.mp4,如果/我/再/认真/努力/就/好/。,train
train-03241,G/train-03241.mp4,如果/我/问（他）/就/好/。,train
train-03242,G/train-03242.mp4,我/回家1/要/迟/少/。,train
train-03243,G/train-03243.mp4,我/馋/。,train
train-03244,G/train-03244.mp4,我/住宿/登记/要/。,train
train-03245,G/train-03245.mp4,等/几天/这/城市/我/出/。,train
train-03246,G/train-03246.mp4,我/租/合同/签名/12个月/要/？,train
train-03247,G/train-03247.mp4,我/签名/哪/？,train
train-03248,G/train-03248.mp4,我/见/船/领导2/要/。,train
train-03249,G/train-03249.mp4,我/要/订/9月15日/飞/纽约/票/。,train
train-03250,G/train-03250.mp4,我/请假/一周/要/为什么/我/结婚/。,train
train-03251,G/train-03251.mp4,咱俩/（我）比一比（你）/。,train
train-03252,G/train-03252.mp4,那/汉堡/名字/特别/我/要/那/里面/各种/全部/有/。,train
train-03253,G/train-03253.mp4,我/看1/这/全部/真1/不是/。,train
train-03254,G/train-03254.mp4,我/感觉/你/全部/钱/应该/储存/。,train
train-03255,G/train-03255.mp4,我/感觉/鸟/喂养/花/时间/多/不/。,train
train-03256,G/train-03256.mp4,我/感觉/它/颜色/杂/。,train
train-03257,G/train-03257.mp4,我/感觉/工资/少/很1/。,train
train-03258,G/train-03258.mp4,我/感觉/难受/。,train
train-03259,G/train-03259.mp4,我/感觉/我/一样/锻炼2/要/。,train
train-03260,G/train-03260.mp4,我/感觉/整容/了/人/变/自信/可以/。,train
train-03261,G/train-03261.mp4,我/感觉/压/力/有/。,train
train-03262,G/train-03262.mp4,我/感觉/浑身/湿/。,train
train-03263,G/train-03263.mp4,我/感觉/生活/质量/进步2/有/。,train
train-03264,G/train-03264.mp4,我/感觉/电影/棒/但是2/结尾/悲惨/我/不喜欢/。,train
train-03265,G/train-03265.mp4,我/感觉/饿/。,train
train-03266,G/train-03266.mp4,我/感觉/现在/我/应该/走/。,train
train-03267,G/train-03267.mp4,我/感觉/身体/难受/少/。,train
train-03268,G/train-03268.mp4,我/感觉/可以/。,train
train-03269,G/train-03269.mp4,我/感觉/这/衣服/不合适/。,train
train-03270,G/train-03270.mp4,我/感觉/这/算/错/。,train
train-03271,G/train-03271.mp4,我/想/法律/建议/要/政治1/大/党/支持/。,train
train-03272,G/train-03272.mp4,我/认为/网络/聊天/浪费/时间/是/。,train
train-03273,G/train-03273.mp4,我/认为/你/同意2/不/。,train
train-03274,G/train-03274.mp4,我/认为/工会/计划/撕/和/政府2/协议/撕/。,train
train-03275,G/train-03275.mp4,我/认为/房子/价格/政府2/控制/会/。,train
train-03276,G/train-03276.mp4,我/看/应该/左拐/。,train
train-03277,G/train-03277.mp4,我/认为/跟上/时代/重要/。,train
train-03278,G/train-03278.mp4,我/认为/这/问题/重要/很/。,train
train-03279,G/train-03279.mp4,我/认为/这/看/每个/人/自己/观点/。,train
train-03280,G/train-03280.mp4,我/认为/那/偷/应该/处罚1/重2/。,train
train-03281,G/train-03281.mp4,我/认识/你/但是2/你/名字/我/忘了/。,train
train-03282,G/train-03282.mp4,人/坐/我/站/演讲/不愿意/。,train
train-03283,G/train-03283.mp4,我/告诉/了/他们/来/不/。,train
train-03284,G/train-03284.mp4,你/地址/我/记录1/可以/？,train
train-03285,G/train-03285.mp4,我/试/正规/吃/控制/减肥/。,train
train-03286,G/train-03286.mp4,我/找/材料1/应该/去/哪/？,train
train-03287,G/train-03287.mp4,我/应该/在/哪/拐弯/？,train
train-03288,G/train-03288.mp4,车2/我/应该/在/哪/等/？,train
train-03289,G/train-03289.mp4,这个/坏/消息/我/应该/怎么/告诉/他/？,train
train-03290,G/train-03290.mp4,我/应该/怎么/做/？,train
train-03291,G/train-03291.mp4,我/应该/怎么/说/？,train
train-03292,G/train-03292.mp4,我/车1/应该/车2/保养/。,train
train-03293,G/train-03293.mp4,植物/我/应该/放/哪/？,train
train-03294,G/train-03294.mp4,我/说/事实/是/。,train
train-03295,G/train-03295.mp4,我/说/必须/全部/遵守/。,train
train-03296,G/train-03296.mp4,我/说/维吾尔族/语言/你/懂/可以/？,train
train-03297,G/train-03297.mp4,我/说话/一定2/。,train
train-03298,G/train-03298.mp4,我/请/你/外面/吃饭/我/付钱/。,train
train-03299,G/train-03299.mp4,我/请客/。,train
train-03300,G/train-03300.mp4,我/跑步/比赛/第一名/。,train
train-03301,G/train-03301.mp4,我/去/时/这/坐/帮助（我）/保留/可以/？,train
train-03302,G/train-03302.mp4,车2/我/到/这/是/一天/最后/一/。,train
train-03303,G/train-03303.mp4,新/歌/节奏/快/我/跟/不行2/。,train
train-03304,G/train-03304.mp4,你/我/跟/。,train
train-03305,G/train-03305.mp4,我/朋友/一起/逛街/。,train
train-03306,G/train-03306.mp4,我/躺/久/但是/睡/不行2/。,train
train-03307,G/train-03307.mp4,我/车2/洗/要/。,train
train-03308,G/train-03308.mp4,我/转身/这/厨房/烹饪/。,train
train-03309,G/train-03309.mp4,我/辞职2/为什么/想/试试/不一样/东西/。,train
train-03310,G/train-03310.mp4,我/去/看看/。,train
train-03311,G/train-03311.mp4,和/她/结婚/我/决定/没有2/犹豫/。,train
train-03312,G/train-03312.mp4,我/现在/认真/很/不愿意/。,train
train-03313,G/train-03313.mp4,我/现在/结婚/想/不/。,train
train-03314,G/train-03314.mp4,我/现在/订婚/想/不/。,train
train-03315,G/train-03315.mp4,我/今天/体育/测验/要/。,train
train-03316,G/train-03316.mp4,我/本来/想/今天/太阳/晒/可以/。,train
train-03317,G/train-03317.mp4,我/现在/瞌睡/。,train
train-03318,G/train-03318.mp4,我/再/新1/做/要/？,train
train-03319,G/train-03319.mp4,我/想/染发/再/。,train
train-03320,G/train-03320.mp4,电视/我/想/看1/再/再/。,train
train-03321,G/train-03321.mp4,这/鞋/我/喜欢/仍然/。,train
train-03322,G/train-03322.mp4,大学/读书/我/经历/没有2/。,train
train-03323,G/train-03323.mp4,我/演讲/草稿/写/完/没有2/。,train
train-03324,G/train-03324.mp4,我/去/了/没有2/。,train
train-03325,G/train-03325.mp4,我/来不及/吃/。,train
train-03326,G/train-03326.mp4,茄子/树1/样子/什么/我/看1/没有2/。,train
train-03327,G/train-03327.mp4,我/再/工作/多/年/可以/。,train
train-03328,G/train-03328.mp4,我/工作/久/可以/。,train
train-03329,G/train-03329.mp4,我/还/要/一些2/面包/。,train
train-03330,G/train-03330.mp4,我/现在/月/拮据/。,train
train-03331,G/train-03331.mp4,我/现在/带1/你/去/。,train
train-03332,G/train-03332.mp4,我/等/不行/新娘/花/我/接/要/。,train
train-03333,G/train-03333.mp4,我/地图1/不知道1/。,train
train-03334,G/train-03334.mp4,我/送/你/电梯/。,train
train-03335,G/train-03335.mp4,我/送（你）/去/医院/看1/。,train
train-03336,G/train-03336.mp4,我/礼物/他/一/为什么/谢谢/他/帮助（我）/。,train
train-03337,G/train-03337.mp4,我/每天/早上1/跑步/保持/健康/。,train
train-03338,G/train-03338.mp4,我/遇到/一些2/问题/。,train
train-03339,G/train-03339.mp4,我/流口水/。,train
train-03340,G/train-03340.mp4,我/等/不行/。,train
train-03341,G/train-03341.mp4,我/想/放/盐/最后/放/糖/错/。,train
train-03342,G/train-03342.mp4,我/从小到大/像/现在/热/很1/这/第一次/。,train
train-03343,G/train-03343.mp4,我/问（他）/完了/。,train
train-03344,G/train-03344.mp4,房子/安静/我/要/。,train
train-03345,G/train-03345.mp4,打包/塑料袋/我/要/一/。,train
train-03346,G/train-03346.mp4,我/要/一/明确/答案/。,train
train-03347,G/train-03347.mp4,帮助（我）/我/要/。,train
train-03348,G/train-03348.mp4,我/买/一些2/水果/要/。,train
train-03349,G/train-03349.mp4,我/休息/要/为什么/我/忙/久/。,train
train-03350,G/train-03350.mp4,报告/这/你/签名/要/。,train
train-03351,G/train-03351.mp4,参考/材料/我/要/。,train
train-03352,G/train-03352.mp4,我/要/休息/。,train
train-03353,G/train-03353.mp4,这个/我/学习1/要/。,train
train-03354,G/train-03354.mp4,我/自己/一/安静/一会/。,train
train-03355,G/train-03355.mp4,一些2/书/文件2/寄/加拿大/要/。,train
train-03356,G/train-03356.mp4,菜/剩余/我/打包/要/。,train
train-03357,G/train-03357.mp4,注射/我/要/？,train
train-03358,G/train-03358.mp4,我/投诉/要/。,train
train-03359,G/train-03359.mp4,我/要/报案/有/人/失踪1/。,train
train-03360,G/train-03360.mp4,我/要/提供/材料/什么/？,train
train-03361,G/train-03361.mp4,我/放松/要/。,train
train-03362,G/train-03362.mp4,我/需要/时间/想想/。,train
train-03363,G/train-03363.mp4,信息/多/更/我/要/。,train
train-03364,G/train-03364.mp4,我/需要/自己/一/房子/想/。,train
train-03365,G/train-03365.mp4,菠萝/我/喜欢/很1/。,train
train-03366,G/train-03366.mp4,它/颜色/我/喜欢/。,train
train-03367,G/train-03367.mp4,这个/我/特别/喜欢/。,train
train-03368,G/train-03368.mp4,你/努力/我/欣赏/很/。,train
train-03369,G/train-03369.mp4,我/饿/很1/。,train
train-03370,G/train-03370.mp4,我/需要/你/帮助（我）/。,train
train-03371,G/train-03371.mp4,我/预定/花/到/？,train
train-03372,G/train-03372.mp4,我/食物/中毒/。,train
train-03373,G/train-03373.mp4,你/等/你/。,train
train-03374,G/train-03374.mp4,我/叫1/修理/工人/立刻/来/检查/。,train
train-03375,G/train-03375.mp4,我/一会儿/回来/。,train
train-03376,G/train-03376.mp4,我/现在/办理/。,train
train-03377,G/train-03377.mp4,我/立刻/给（你）/。,train
train-03378,G/train-03378.mp4,我/立刻/帮助/换/。,train
train-03379,G/train-03379.mp4,我/立刻/送（你）/去/。,train
train-03380,G/train-03380.mp4,我/高兴/跳/。,train
train-03381,G/train-03381.mp4,吸烟/断/人/越来越1/多/。,train
train-03382,G/train-03382.mp4,也许2/我们/应该/帮/他/烹饪/。,train
train-03383,G/train-03383.mp4,那/女/房东/人/好/。,train
train-03384,G/train-03384.mp4,房东/工作/调动2/他/房子/着急/卖/。,train
train-03385,G/train-03385.mp4,房子/可能2/慢2/降价/。,train
train-03386,G/train-03386.mp4,房子/价格/钱/价值/比较/比/上升/很1/。,train
train-03387,G/train-03387.mp4,房子/价格/稳定/一些/月/现在/升/又/。,train
train-03388,G/train-03388.mp4,房子/里/家具/全部/有/。,train
train-03389,G/train-03389.mp4,租/房子/钱/包括1/水1/电/煤气/钱/三/。,train
train-03390,G/train-03390.mp4,房间/在/几楼/？,train
train-03391,G/train-03391.mp4,房间/有/壁橱/一/大/。,train
train-03392,G/train-03392.mp4,房间/里/家具/有/？,train
train-03393,G/train-03393.mp4,房间/里/老鼠/那/有/。,train
train-03394,G/train-03394.mp4,全部/书/按照/课/数字/加/上课/老师/确定/顺序/。,train
train-03395,G/train-03395.mp4,政治1/权/人/全部/是/欺骗/。,train
train-03396,G/train-03396.mp4,全部/节目/通过2/卫星/播/。,train
train-03397,G/train-03397.mp4,全部/飞机/员/应该/对待/旅客1/安全/负责/。,train
train-03398,G/train-03398.mp4,手/手（进）/手（出）/随便2/可以/。,train
train-03399,G/train-03399.mp4,手机/关/。,train
train-03400,G/train-03400.mp4,手机/借1（我）/可以/？,train
train-03401,G/train-03401.mp4,洗手/干净/干净/？,train
train-03402,G/train-03402.mp4,手球/传（对方）/好/厉害/很1/。,train
train-03403,G/train-03403.mp4,工人/技术/差/常常/抱怨/工具/用/困难1/。,train
train-03404,G/train-03404.mp4,做/基础/稳健/。,train
train-03405,G/train-03405.mp4,出勤/打卡/了/？,train
train-03406,G/train-03406.mp4,打/棒/。,train
train-03407,G/train-03407.mp4,打扰/。,train
train-03408,G/train-03408.mp4,打扰/咨询/台/哪里/？,train
train-03409,G/train-03409.mp4,打扰/行李/取/区/哪里/？,train
train-03410,G/train-03410.mp4,精神/。,train
train-03411,G/train-03411.mp4,打车/贵/很1/。,train
train-03412,G/train-03412.mp4,谢谢/帮助（我）/幸福/我/好/我/好/。,train
train-03413,G/train-03413.mp4,找/地方/吃饭/。,train
train-03414,G/train-03414.mp4,找/场地/宽/。,train
train-03415,G/train-03415.mp4,书/合起来/。,train
train-03416,G/train-03416.mp4,事情2/搞砸了/。,train
train-03417,G/train-03417.mp4,来/抓/他/。,train
train-03418,G/train-03418.mp4,花生/剩余/放/袋子/里/。,train
train-03419,G/train-03419.mp4,地图2/摊开/我们/看1/。,train
train-03420,G/train-03420.mp4,它/扔（回来）/。,train
train-03421,G/train-03421.mp4,手/放下/。,train
train-03422,G/train-03422.mp4,那/方便面/拿（来）/。,train
train-03423,G/train-03423.mp4,球/球（我）/我/。,train
train-03424,G/train-03424.mp4,盘子/中间/。,train
train-03425,G/train-03425.mp4,这/碗/菜/吃/光2/。,train
train-03426,G/train-03426.mp4,考验2/成效/标准/什么/是/群众/满意/。,train
train-03427,G/train-03427.mp4,蔬菜/水2/浸泡/一会儿/。,train
train-03428,G/train-03428.mp4,被子/叠1/。,train
train-03429,G/train-03429.mp4,请柬/扔（向外）/。,train
train-03430,G/train-03430.mp4,这里/自己/家/一样/。,train
train-03431,G/train-03431.mp4,遥控/给（我）/。,train
train-03432,G/train-03432.mp4,那/放/原来/位置2/。,train
train-03433,G/train-03433.mp4,那/玩具/放/箱子/内/。,train
train-03434,G/train-03434.mp4,那里/肉/切/方/。,train
train-03435,G/train-03435.mp4,那/投资/项目/好不好/？,train
train-03436,G/train-03436.mp4,小麦/收获/这/机会/损失/不行1/。,train
train-03437,G/train-03437.mp4,去/什么/红包/抢/。,train
train-03438,G/train-03438.mp4,皮肤/保养/是/现代/社会1/一/学问/。,train
train-03439,G/train-03439.mp4,报告/截止/日期/？,train
train-03440,G/train-03440.mp4,抱歉/我/迟到2/。,train
train-03441,G/train-03441.mp4,抱歉/没有1/了/。,train
train-03442,G/train-03442.mp4,抱歉/你/等/悠久/。,train
train-03443,G/train-03443.mp4,拜托/你/。,train
train-03444,G/train-03444.mp4,拼搏/给（我）/快乐/。,train
train-03445,G/train-03445.mp4,指导/二/地/在/主题/教育/推动/高/质量/发展/。,train
train-03446,G/train-03446.mp4,指导/组/和/二/地方/主题/教育/领导1/小/组/一起/研究/。,train
train-03447,G/train-03447.mp4,按钮/关门/。,train
train-03448,G/train-03448.mp4,按钮/开门/。,train
train-03449,G/train-03449.mp4,按照/交通/部门/有/关系/数据/看1/。,train
train-03450,G/train-03450.mp4,快递/是/航空/或者/船/道路/哪/。,train
train-03451,G/train-03451.mp4,振作/。,train
train-03452,G/train-03452.mp4,碰巧2/。,train
train-03453,G/train-03453.mp4,热闹2/。,train
train-03454,G/train-03454.mp4,换/看1/角/天空/看（向下）/。,train
train-03455,G/train-03455.mp4,换/运动/鞋/。,train
train-03456,G/train-03456.mp4,听说/这里/房子/价格/暴跌/会/。,train
train-03457,G/train-03457.mp4,然后/你/计划/做/什么/？,train
train-03458,G/train-03458.mp4,然后/你/做/什么/？,train
train-03459,G/train-03459.mp4,我/最2/痛恨/人/谁/信用/没有/这/。,train
train-03460,G/train-03460.mp4,我/作业/全部/抄写/他/。,train
train-03461,G/train-03461.mp4,我/鞋带松/帮助（我）/系/可以/？,train
train-03462,G/train-03462.mp4,打印机/纸/完了/去/哪里/买/？,train
train-03463,G/train-03463.mp4,吸烟/健康/不利于/。,train
train-03464,G/train-03464.mp4,演讲/稿/星期二2/必须/提供/。,train
train-03465,G/train-03465.mp4,最2/有/意义/事情2/什么/积极/进步1/。,train
train-03466,G/train-03466.mp4,现在/电子商务/平/台2/哪些1/？,train
train-03467,G/train-03467.mp4,想/清楚/决策/理性/要/。,train
train-03468,G/train-03468.mp4,老师/教学/对（我）/影响/大/很1/。,train
train-03469,H/train-03469.mp4,然后/我/做/什么/？,train
train-03470,H/train-03470.mp4,推/城市/城市/2/主/题目2/教育/深/扎实/开展/。,train
train-03471,H/train-03471.mp4,推/经济/健康/发展/。,train
train-03472,H/train-03472.mp4,推/经济/持续/升高/好转/。,train
train-03473,H/train-03473.mp4,推/生产/业/链/现/代/化/。,train
train-03474,H/train-03474.mp4,推/红/基因/传承/。,train
train-03475,H/train-03475.mp4,全/生产/业/链/自己/控制/能力/绿/发展/水平/俩/提升/。,train
train-03476,H/train-03476.mp4,质量/速度/提升/给/人民/幸福/发展/推/指/主动/更/。,train
train-03477,H/train-03477.mp4,提议/沙漠/指/你/联系/想/什么/？,train
train-03478,H/train-03478.mp4,你/兴趣/内容/搜查/。,train
train-03479,H/train-03479.mp4,胜利/姿势/摆/你/可以/？,train
train-03480,H/train-03480.mp4,操场/小孩/玩2/多/。,train
train-03481,H/train-03481.mp4,泪/擦/。,train
train-03482,H/train-03482.mp4,支票/账户/服务/钱/要/现/金/账户/不要/。,train
train-03483,H/train-03483.mp4,结账/桌子/指/。,train
train-03484,H/train-03484.mp4,桌子/指/放/。,train
train-03485,H/train-03485.mp4,放学/羽毛球/一起去/。,train
train-03486,H/train-03486.mp4,解放/。,train
train-03487,H/train-03487.mp4,政府1/发展/经济/想方设法/。,train
train-03488,H/train-03488.mp4,课本/放进去/。,train
train-03489,H/train-03489.mp4,数学/语文/指/指/喜欢/什么/？,train
train-03490,H/train-03490.mp4,数学/困难/。,train
train-03491,H/train-03491.mp4,数学/怎么/？,train
train-03492,H/train-03492.mp4,厕所/指/指/水/水/。,train
train-03493,H/train-03493.mp4,文化2/力量/基础/是/。,train
train-03494,H/train-03494.mp4,文化2/遗产2/是/什么/人类/回复/改变/革命/历史/结/。,train
train-03495,H/train-03495.mp4,新冠/害怕/。,train
train-03496,H/train-03496.mp4,新1/学校/建设/继续/。,train
train-03497,H/train-03497.mp4,新1/家/怎么/？,train
train-03498,H/train-03498.mp4,新1/时代/指/追/梦想/人/时代/。,train
train-03499,H/train-03499.mp4,新1/时代/青年/为/梦想/奋斗/。,train
train-03500,H/train-03500.mp4,微博/指/中国/最2/大/社会/交流/网/站/。,train
train-03501,H/train-03501.mp4,新/学生/规定2/适应/慢1/。,train
train-03502,H/train-03502.mp4,电/汽车1/指/汽车1/生产1/业/提升/主要/方向/。,train
train-03503,H/train-03503.mp4,旅客2/注意1/。,train
train-03504,H/train-03504.mp4,旅游/信息/问/桌子/哪里/？,train
train-03505,H/train-03505.mp4,感受/说/表达2/不/清楚/。,train
train-03506,H/train-03506.mp4,早上1/出门/伞/忘记/。,train
train-03507,H/train-03507.mp4,早上1/好/先生/。,train
train-03508,H/train-03508.mp4,早上1/公交/拥挤/。,train
train-03509,H/train-03509.mp4,早上1/闹钟/没有2/。,train
train-03510,H/train-03510.mp4,解决/完了/。,train
train-03511,H/train-03511.mp4,早上1/5点/左右/。,train
train-03512,H/train-03512.mp4,以前/航空母舰/蒸汽/弹射/。,train
train-03513,H/train-03513.mp4,提前1/回来/玩2/。,train
train-03514,H/train-03514.mp4,提前1/起床/对/身体/好/？,train
train-03515,H/train-03515.mp4,提前1/起床/鸟/虫/吃/有/。,train
train-03516,H/train-03516.mp4,时间/差不多/我/走/。,train
train-03517,H/train-03517.mp4,时间/经过/多少/不知道1/？,train
train-03518,H/train-03518.mp4,时间/精力/给/人/事情2/合适2/要/。,train
train-03519,H/train-03519.mp4,时间/等于/钱/。,train
train-03520,H/train-03520.mp4,时间/快/到/。,train
train-03521,H/train-03521.mp4,时间/经过/快/。,train
train-03522,H/train-03522.mp4,明天/6点/叫1/我/。,train
train-03523,H/train-03523.mp4,明天/7点/叫1/我/。,train
train-03524,H/train-03524.mp4,明天/中/考试1/。,train
train-03525,H/train-03525.mp4,明天/一起去/篮球/。,train
train-03526,H/train-03526.mp4,明天/天气/怎么/？,train
train-03527,H/train-03527.mp4,明天/高/考试1/。,train
train-03528,H/train-03528.mp4,明天/我/班2/演讲/。,train
train-03529,H/train-03529.mp4,明天/高尔夫球/可以/？,train
train-03530,H/train-03530.mp4,明天/星期二1/。,train
train-03531,H/train-03531.mp4,明天/我/妈妈/生日2/。,train
train-03532,H/train-03532.mp4,明天/可以/？,train
train-03533,H/train-03533.mp4,明天/补课/？,train
train-03534,H/train-03534.mp4,明天/早上/再/走/。,train
train-03535,H/train-03535.mp4,应该/喜欢/。,train
train-03536,H/train-03536.mp4,星期二1/雪/？,train
train-03537,H/train-03537.mp4,星期五1/帮助（我）/工作2/可以/？,train
train-03538,H/train-03538.mp4,星期日1/你/工作/时间/几点到几点/？,train
train-03539,H/train-03539.mp4,春节/全部/国/治安/秩序/好/。,train
train-03540,H/train-03540.mp4,春/晚/全部/国/群众/看/。,train
train-03541,H/train-03541.mp4,昨天/晚上/你/打呼噜/。,train
train-03542,H/train-03542.mp4,昨天/晚上/我/梦/。,train
train-03543,H/train-03543.mp4,昨天/你/熬夜/。,train
train-03544,H/train-03544.mp4,昨天/晚上/电视机/节目/好/？,train
train-03545,H/train-03545.mp4,昨天/晚上/睡/好不好/？,train
train-03546,H/train-03546.mp4,爱/心/人/是/。,train
train-03547,H/train-03547.mp4,酸/菜/鱼/家/指/是/。,train
train-03548,H/train-03548.mp4,夸张/是不是/？,train
train-03549,H/train-03549.mp4,感冒/是不是/？,train
train-03550,H/train-03550.mp4,累/是不是/？,train
train-03551,H/train-03551.mp4,你/救/我/。,train
train-03552,H/train-03552.mp4,建立/实践/正确/政治1/成绩/观点{观点的第一个手势}/是不是/？,train
train-03553,H/train-03553.mp4,目标/左右偏移/不/真1/工作/是不是/？,train
train-03554,H/train-03554.mp4,我们/告诉/美国/不/时候/到/。,train
train-03555,H/train-03555.mp4,我/妹妹/属于2/。,train
train-03556,H/train-03556.mp4,我/思考/不够/。,train
train-03557,H/train-03557.mp4,误会/。,train
train-03558,H/train-03558.mp4,找茬/你/。,train
train-03559,H/train-03559.mp4,苹果/里面的/一/。,train
train-03560,H/train-03560.mp4,乱/谁/？,train
train-03561,H/train-03561.mp4,派（你）/指/谁/？,train
train-03562,H/train-03562.mp4,是/先生1/。,train
train-03563,H/train-03563.mp4,等/都/告诉/。,train
train-03564,H/train-03564.mp4,晚会/穿/什么/？,train
train-03565,H/train-03565.mp4,晚上/六点/吃饭/。,train
train-03566,H/train-03566.mp4,晚上/吃饭/完了/咖啡/茶/喝/什么/？,train
train-03567,H/train-03567.mp4,晚上/吃饭/时间/没有2/到/。,train
train-03568,H/train-03568.mp4,国家/国家/文化/文化/各不相同/。,train
train-03569,H/train-03569.mp4,跑/一千/没问题/。,train
train-03570,J/train-03570.mp4,风景/漂亮/。,train
train-03571,J/train-03571.mp4,暂时/乱/走/不/。,train
train-03572,J/train-03572.mp4,暂时/计划/没有/。,train
train-03573,J/train-03573.mp4,暑假/老家/去/要/？,train
train-03574,J/train-03574.mp4,暑假/你/去/玩/哪里/？,train
train-03575,J/train-03575.mp4,暴风骤雨/停止/海/平/安静/。,train
train-03576,J/train-03576.mp4,新/时代/担负/新/文化1/使命/好/。,train
train-03577,J/train-03577.mp4,存款/最2/低/5/钱/。,train
train-03578,J/train-03578.mp4,温度/最2/低/20/4/摄氏度/。,train
train-03579,J/train-03579.mp4,人民/群众/腹/饱1/关键/要/。,train
train-03580,J/train-03580.mp4,来/杯子/1/最后/。,train
train-03581,J/train-03581.mp4,走/迈/最后/。,train
train-03582,J/train-03582.mp4,电视机/文艺/节目/喜欢/什么/？,train
train-03583,J/train-03583.mp4,飞机/60/搭/可以/。,train
train-03584,J/train-03584.mp4,安全/可靠2/游泳/地方/选择/这/好/。,train
train-03585,J/train-03585.mp4,最近/他/样子/看/幸福/。,train
train-03586,J/train-03586.mp4,最近/兴趣/事情2/有/什么/？,train
train-03587,J/train-03587.mp4,最近/旅游/去/哪里/？,train
train-03588,J/train-03588.mp4,最近/流行/唱歌/听/什么/？,train
train-03589,J/train-03589.mp4,最近/家人/和/兴趣/事情2/做/什么/？,train
train-03590,J/train-03590.mp4,最近/忙/什么/？,train
train-03591,J/train-03591.mp4,最近/兴趣/书/看/。,train
train-03592,J/train-03592.mp4,最近/天气/变化/多/注意/身体/。,train
train-03593,J/train-03593.mp4,最近/呼吸/时间/没有/。,train
train-03594,J/train-03594.mp4,最近/怎么/？,train
train-03595,J/train-03595.mp4,最近/网购/你/体验/怎么/？,train
train-03596,J/train-03596.mp4,最近/我/压/力量/感觉/大/。,train
train-03597,J/train-03597.mp4,最近/展示/有/什么/？,train
train-03598,J/train-03598.mp4,最近/挑战/自己/新/事情2/有/？,train
train-03599,J/train-03599.mp4,最近/生意/怎么/？,train
train-03600,J/train-03600.mp4,高档/法1/句子/餐厅/。,train
train-03601,J/train-03601.mp4,温度/最1/高/20/7/摄氏度/。,train
train-03602,J/train-03602.mp4,床/特别/大/1/有/你/看/要/？,train
train-03603,J/train-03603.mp4,我/要/书/1/你们/卖/完成/。,train
train-03604,J/train-03604.mp4,专家/喊/有/？,train
train-03605,J/train-03605.mp4,小孩/2/舞蹈/准备/。,train
train-03606,J/train-03606.mp4,中药/有/？,train
train-03607,J/train-03607.mp4,争议/性质/问题/有/。,train
train-03608,J/train-03608.mp4,农作物/数量/丰富/存储/他们/可以/现在/以后/吃/。,train
train-03609,J/train-03609.mp4,荒地/地方/扩大/继续/老百姓/生活/威胁/。,train
train-03610,J/train-03610.mp4,人/在/有/？,train
train-03611,J/train-03611.mp4,家/人/在/有/？,train
train-03612,J/train-03612.mp4,门/铃/人/按钮/。,train
train-03613,J/train-03613.mp4,招呼/你/人/有/？,train
train-03614,J/train-03614.mp4,2/0/0/9/年/工作/有/幸福/人/说/。,train
train-03615,J/train-03615.mp4,事情/什么/一起/解决/。,train
train-03616,J/train-03616.mp4,地方/好/玩/哪里/推荐/？,train
train-03617,J/train-03617.mp4,目的/有/什么/？,train
train-03618,J/train-03618.mp4,新闻/有/什么/？,train
train-03619,J/train-03619.mp4,新鲜/事情/有/什么/？,train
train-03620,J/train-03620.mp4,票/时间/有/什么/？,train
train-03621,J/train-03621.mp4,消息/有/什么/？,train
train-03622,J/train-03622.mp4,甜/食/有/什么/？,train
train-03623,J/train-03623.mp4,要求/有/什么/？,train
train-03624,J/train-03624.mp4,问题/有/什么/？,train
train-03625,J/train-03625.mp4,偶像/有/？,train
train-03626,J/train-03626.mp4,支持/理由/充满/有/。,train
train-03627,J/train-03627.mp4,来/台湾/飞机/票/有/？,train
train-03628,J/train-03628.mp4,提升/自己/方法/哪里/推荐/有/？,train
train-03629,J/train-03629.mp4,困难/有/找/我/。,train
train-03630,J/train-03630.mp4,导游2/说/解释/有/？,train
train-03631,J/train-03631.mp4,这里/网/站/多/有/。,train
train-03632,J/train-03632.mp4,旅游/汽车2/有/？,train
train-03633,J/train-03633.mp4,热2/说/菜单/有/？,train
train-03634,J/train-03634.mp4,什么/特别/车/吸引/你/有/？,train
train-03635,J/train-03635.mp4,喜欢/运动/或者/运动员/有/？,train
train-03636,J/train-03636.mp4,自己/小/项目/1/想/做/有/？,train
train-03637,J/train-03637.mp4,捷径/可以/走/有/？,train
train-03638,J/train-03638.mp4,做/错误/你/有/。,train
train-03639,J/train-03639.mp4,梦想/分享/你/有/？,train
train-03640,J/train-03640.mp4,咳嗽/药/有/？,train
train-03641,J/train-03641.mp4,游览/团/有/？,train
train-03642,J/train-03642.mp4,事情/跟/你/说/。,train
train-03643,J/train-03643.mp4,看/熟悉/。,train
train-03644,J/train-03644.mp4,差点儿2/难/。,train
train-03645,J/train-03645.mp4,时间/有/来/我/家/玩/。,train
train-03646,J/train-03646.mp4,自信/好/事情/是/。,train
train-03647,J/train-03647.mp4,西红柿/汤/有/？,train
train-03648,J/train-03648.mp4,颜色/衣服/这里/放/。,train
train-03649,J/train-03649.mp4,朋友/关键/时间/救助/你/是/。,train
train-03650,J/train-03650.mp4,少年/节目/朋友/喜欢/看/。,train
train-03651,J/train-03651.mp4,珍珠/鸟/2/朋友/送/我/。,train
train-03652,J/train-03652.mp4,服务/指导/桌子/平/。,train
train-03653,J/train-03653.mp4,给/你/菜单/服务员/来/。,train
train-03654,J/train-03654.mp4,宝宝/生/一刹那/期待/。,train
train-03655,J/train-03655.mp4,将来/多少/天/天气/怎么/？,train
train-03656,J/train-03656.mp4,将来/城市/各/迈/继续/发展/道路/。,train
train-03657,J/train-03657.mp4,这里/没有2/人/卖/汽车1/票/。,train
train-03658,J/train-03658.mp4,飞机/票/钱/多少/？,train
train-03659,J/train-03659.mp4,大/小/和/唱歌/来/。,train
train-03660,J/train-03660.mp4,来/这里/玩/都/是/。,train
train-03661,J/train-03661.mp4,杯子/后面/铅笔/1/。,train
train-03662,J/train-03662.mp4,林/场合/山/头/百/千/。,train
train-03663,J/train-03663.mp4,颜色/头发/以后/注意/什么/？,train
train-03664,J/train-03664.mp4,校长/办公室/哪里/？,train
train-03665,J/train-03665.mp4,根据/规定1/国际/包裹2/人/各/1000/钱/。,train
train-03666,J/train-03666.mp4,根据/规定1/包裹2/小/快递/不行1/。,train
train-03667,J/train-03667.mp4,根据/规定1/这里/东西/快递/外面/国家/。,train
train-03668,J/train-03668.mp4,桌子/电话/有/1/。,train
train-03669,J/train-03669.mp4,我们/一起/旅游/梦/。,train
train-03670,J/train-03670.mp4,梦想/力量/看不起/不行1/。,train
train-03671,J/train-03671.mp4,梦想/结果/美/很2/。,train
train-03672,J/train-03672.mp4,植树/做/林/效果/理想/不够/。,train
train-03673,J/train-03673.mp4,植物/春1/天/新/成长/开始/。,train
train-03674,J/train-03674.mp4,楼/内/照片/禁止/。,train
train-03675,J/train-03675.mp4,榴莲/称号/水果/王/。,train
train-03676,J/train-03676.mp4,欢迎2/以后/来/。,train
train-03677,J/train-03677.mp4,欢迎2/以后/来/酒店/。,train
train-03678,J/train-03678.mp4,欢迎2/到/我们/学校/。,train
train-03679,J/train-03679.mp4,欢迎2/来/我们/学校/。,train
train-03680,J/train-03680.mp4,欢迎2/意见/提议/你/说/。,train
train-03681,J/train-03681.mp4,欢迎2/来/我们/酒店/。,train
train-03682,J/train-03682.mp4,小孩/发育/睡觉/够/肯定/。,train
train-03683,J/train-03683.mp4,工作/刚才/正好/完成/。,train
train-03684,J/train-03684.mp4,准备/肉/买/烤串/做/。,train
train-03685,J/train-03685.mp4,另外/花/钱/有/？,train
train-03686,J/train-03686.mp4,我/G/海军/开始/厉害/航空母舰/时/代/。,train
train-03687,J/train-03687.mp4,书柜/各/课程/课表/有/。,train
train-03688,J/train-03688.mp4,成长/环境/各/人不同/。,train
train-03689,J/train-03689.mp4,减少/污染/各/人/给/尽力/应该/。,train
train-03690,J/train-03690.mp4,各/人/应该/做/是/。,train
train-03691,J/train-03691.mp4,各/人/参加/活动/愿意/。,train
train-03692,J/train-03692.mp4,各/代表/政治2/党2/属于3/是/。,train
train-03693,J/train-03693.mp4,各/选择/区/投票/议会/通过2/。,train
train-03694,J/train-03694.mp4,各/买/糖/三/收获/1/交换/票/。,train
train-03695,J/train-03695.mp4,每天/G/说/一起/学/。,train
train-03696,J/train-03696.mp4,每天/目标/小/1/完成/。,train
train-03697,J/train-03697.mp4,每天/这里/时间/汽车1/多/。,train
train-03698,J/train-03698.mp4,每/年/给/处罚1/数量/小/钱/不是/。,train
train-03699,J/train-03699.mp4,比赛/保持/冷静/重要/。,train
train-03700,J/train-03700.mp4,比赛/下/雨/刚才/开始/。,train
train-03701,J/train-03701.mp4,咖啡/红/茶/我/喜欢/这/。,train
train-03702,J/train-03702.mp4,水果/健康/好处/有/所以1/水果/我/喜欢/。,train
train-03703,J/train-03703.mp4,水果/卖/多少/？,train
train-03704,J/train-03704.mp4,水龙头/坏/时间/多少/？,train
train-03705,J/train-03705.mp4,水龙头/漏/水/。,train
train-03706,J/train-03706.mp4,汇款/手续/费/你们/收拾/？,train
train-03707,J/train-03707.mp4,江苏/西1/南1/部/暴雨/有/。,train
train-03708,J/train-03708.mp4,汽车1/来/。,train
train-03709,J/train-03709.mp4,沉迷/网路/游戏/不行2/。,train
train-03710,I/train-03710.mp4,沙尘暴/是/自然/。,train
train-03711,I/train-03711.mp4,沙拉/做/谁/？,train
train-03712,I/train-03712.mp4,沙漠/下/储蓄/水/多/足/。,train
train-03713,I/train-03713.mp4,没事/。,train
train-03714,I/train-03714.mp4,担心/不/。,train
train-03715,I/train-03715.mp4,没关系1/。,train
train-03716,I/train-03716.mp4,想/知道/难/。,train
train-03717,I/train-03717.mp4,时间/不够/。,train
train-03718,I/train-03718.mp4,碰见/你/没有/想/到/。,train
train-03719,I/train-03719.mp4,你/吹牛/没有/想/到/。,train
train-03720,I/train-03720.mp4,葡萄/熟/没有/小/。,train
train-03721,I/train-03721.mp4,它/一样/水果/没有/。,train
train-03722,I/train-03722.mp4,不知道/没有/。,train
train-03723,I/train-03723.mp4,你/第一1/。,train
train-03724,I/train-03724.mp4,知道/人/没有/。,train
train-03725,I/train-03725.mp4,事情1/小/。,train
train-03726,I/train-03726.mp4,特别/地方/没有/。,train
train-03727,I/train-03727.mp4,给/没有/接收/没有/。,train
train-03728,I/train-03728.mp4,你们/帮助/没有/我们/靠/自己/做/可以/。,train
train-03729,I/train-03729.mp4,你/没有/我/活/不行/。,train
train-03730,I/train-03730.mp4,没关系1/。,train
train-03731,I/train-03731.mp4,意见/不一样/没有/。,train
train-03732,I/train-03732.mp4,忘记/没有/。,train
train-03733,I/train-03733.mp4,这/高兴/最/。,train
train-03734,I/train-03734.mp4,问题/没有/。,train
train-03735,I/train-03735.mp4,限制/没有/。,train
train-03736,I/train-03736.mp4,没有/见面/第一次/。,train
train-03737,I/train-03737.mp4,问题/没有/。,train
train-03738,I/train-03738.mp4,问题/没有/搬/一起/。,train
train-03739,I/train-03739.mp4,油1/盒子/满/。,train
train-03740,I/train-03740.mp4,油1/盒子/漏/油/。,train
train-03741,I/train-03741.mp4,法国/1/8/1/6/年/粮食/产量/下降/20%/。,train
train-03742,I/train-03742.mp4,法国/女人/浪漫/多情/。,train
train-03743,I/train-03743.mp4,泥石流/灾害/大/。,train
train-03744,I/train-03744.mp4,前进/方向/注意/。,train
train-03745,I/train-03745.mp4,饮食/注意/病/关系/有/。,train
train-03746,I/train-03746.mp4,用/可以/。,train
train-03747,I/train-03747.mp4,浴缸/水/外溢/。,train
train-03748,I/train-03748.mp4,浴缸/洗/要/。,train
train-03749,I/train-03749.mp4,海/旅游/飞机/旅游/这/这/哪儿/快乐/？,train
train-03750,I/train-03750.mp4,打折/卡/用/没有/和/，/给/他/人/拿/用/。,train
train-03751,I/train-03751.mp4,房子/着火/消防/员/到/。,train
train-03752,I/train-03752.mp4,中国/文明/最2/点/知道/要/。,train
train-03753,I/train-03753.mp4,中国/人/买/多/。,train
train-03754,I/train-03754.mp4,他/心/想/法/清楚/知道/。,train
train-03755,I/train-03755.mp4,渔具/你/有/？,train
train-03756,I/train-03756.mp4,渤海/在/东/B/偏/北/方/。,train
train-03757,I/train-03757.mp4,渤海/周围/海港/有/。,train
train-03758,I/train-03758.mp4,渤海/鱼/多/。,train
train-03759,I/train-03759.mp4,渤海/宽/东/到/西/300/40/6/公里/差不多/。,train
train-03760,I/train-03760.mp4,渤海/面积/缩小/。,train
train-03761,I/train-03761.mp4,游戏/够/。,train
train-03762,I/train-03762.mp4,游泳/心理/素质/提高/可以/。,train
train-03763,I/train-03763.mp4,游泳/对/身体/好/。,train
train-03764,I/train-03764.mp4,游泳/时间/呼吸/习惯/保持/好/。,train
train-03765,I/train-03765.mp4,游泳/全/身体/运动/是/。,train
train-03766,I/train-03766.mp4,游泳/累/累/。,train
train-03767,I/train-03767.mp4,湖/冰/硬/没有/。,train
train-03768,I/train-03768.mp4,潜艇/烹调/不行/。,train
train-03769,I/train-03769.mp4,火山/喷/海啸/大/。,train
train-03770,I/train-03770.mp4,火车/停/时间/多少/？,train
train-03771,I/train-03771.mp4,灯/前/这/铅笔/1/。,train
train-03772,I/train-03772.mp4,炸/土豆/品尝/好/不/好/？,train
train-03773,I/train-03773.mp4,香烟/叶子/是/生产1/成本/。,train
train-03774,I/train-03774.mp4,旅游/地方/哪/好玩/？,train
train-03775,I/train-03775.mp4,这/专辑/2/0/1/5/年/卖/卖/火/。,train
train-03776,J/train-03776.mp4,香烟/东西/坏/血管/萎缩/会/。,train
train-03777,J/train-03777.mp4,香烟/做/市场/大/1/是/。,train
train-03778,J/train-03778.mp4,热水/火/少/没有2/。,train
train-03779,J/train-03779.mp4,引号/辽宁/叫1/新2/正式/送给/人民/海军/。,train
train-03780,J/train-03780.mp4,爸爸/我/榜样/。,train
train-03781,J/train-03781.mp4,爸爸/妈妈/买/礼物/给/小孩/不/给/小孩/红包/钱/是/。,train
train-03782,J/train-03782.mp4,爸爸/妈妈/给/我/说/故事/经常/。,train
train-03783,J/train-03783.mp4,爸爸/带/我/去/仓库/。,train
train-03784,J/train-03784.mp4,物/价格/升/控制/不能/。,train
train-03785,J/train-03785.mp4,快递/分配/送/速度/影响/你/是/？,train
train-03786,J/train-03786.mp4,特别/快递/重量/限制/最/大/20/千克/。,train
train-03787,J/train-03787.mp4,狗/人类/彼此/朋友/忠实/最1/。,train
train-03788,J/train-03788.mp4,玩/高兴/。,train
train-03789,J/train-03789.mp4,现代/人/兴趣/喜欢/有/什么/？,train
train-03790,J/train-03790.mp4,现代/农业/细致/是/。,train
train-03791,J/train-03791.mp4,现在/公/群众/免费/开放2/。,train
train-03792,J/train-03792.mp4,交通/现在/拥挤/。,train
train-03793,J/train-03793.mp4,听/先/现在/重复/1/其次/。,train
train-03794,J/train-03794.mp4,公交车/现在/提前1/。,train
train-03795,J/train-03795.mp4,公交车/现在/晚了/。,train
train-03796,J/train-03796.mp4,台湾/军队/20/万/。,train
train-03797,J/train-03797.mp4,后悔/现在/晚了/。,train
train-03798,J/train-03798.mp4,国家/内/就业/形势/严重/现在/。,train
train-03799,J/train-03799.mp4,天气/每天/暖和/升/现在/。,train
train-03800,J/train-03800.mp4,现在/害怕/。,train
train-03801,J/train-03801.mp4,多/人/香烟/1/上瘾1/现在/。,train
train-03802,J/train-03802.mp4,经济/危险/多/公司/开除/现在/。,train
train-03803,J/train-03803.mp4,现在/新冠/感冒/彼此/差不多/。,train
train-03804,J/train-03804.mp4,你/有/空/现在/？,train
train-03805,J/train-03805.mp4,工作/这/我/现在/放弃/不能/。,train
train-03806,J/train-03806.mp4,现在/我/满意/很/。,train
train-03807,J/train-03807.mp4,日子/钱/缺/不/现在/想/买/什么/可以/。,train
train-03808,J/train-03808.mp4,雨/季节/现在/是/。,train
train-03809,J/train-03809.mp4,Y/T/网/现在/火/很/。,train
train-03810,J/train-03810.mp4,安全带1/现在/要/？,train
train-03811,J/train-03811.mp4,场合/这/适合/西服/哪/我们/现在/决定/。,train
train-03812,J/train-03812.mp4,现在/没有/。,train
train-03813,J/train-03813.mp4,场面/爆炸/又/二/次/。,train
train-03814,J/train-03814.mp4,分钟/秒钟/珍惜/。,train
train-03815,J/train-03815.mp4,理论/听/可以/但是/顺利/好不好/？,train
train-03816,J/train-03816.mp4,理论/实践/彼此/联系/。,train
train-03817,J/train-03817.mp4,W/L/G/叫1/苏/联系/造型/航空母舰/第二2/。,train
train-03818,J/train-03818.mp4,瓶/水/少/没有/。,train
train-03819,J/train-03819.mp4,生命/运动/一样/。,train
train-03820,J/train-03820.mp4,生态/文明/核心/人/自然/和/团结2/坚持/是/。,train
train-03821,J/train-03821.mp4,生态/环境/弱/最1/。,train
train-03822,J/train-03822.mp4,生态/环境/改善/困难1/程度/大/。,train
train-03823,J/train-03823.mp4,生态/环境/人类/生活/发展/基础/是/。,train
train-03824,J/train-03824.mp4,生活/交易/机会/到处2/有/。,train
train-03825,J/train-03825.mp4,生活/工作/遇到/选择/题目/同意/反对/哪/？,train
train-03826,J/train-03826.mp4,生活/不/容易/是/。,train
train-03827,J/train-03827.mp4,作用/广泛/最1/。,train
train-03828,J/train-03828.mp4,田野/彩色/平面/图/效果/像/。,train
train-03829,J/train-03829.mp4,田野/表面/饱1/满/最1/。,train
train-03830,J/train-03830.mp4,电动车/老百姓/用/交通/工具/经常/是/。,train
train-03831,J/train-03831.mp4,电影/表演/多少/时候/结束/？,train
train-03832,J/train-03832.mp4,电池/电/没有2/。,train
train-03833,J/train-03833.mp4,电视/一些2/体育/评论/有/。,train
train-03834,J/train-03834.mp4,电视台/依靠/广告/赚/钱/。,train
train-03835,J/train-03835.mp4,电话/不行1/。,train
train-03836,J/train-03836.mp4,电话/连续/响/。,train
train-03837,J/train-03837.mp4,保留/我/旁边/。,train
train-03838,J/train-03838.mp4,番茄/西红柿/一样/。,train
train-03839,J/train-03839.mp4,癌/症状/丧失/生命/1/病/是/。,train
train-03840,J/train-03840.mp4,衣服/白色/放/哪/？,train
train-03841,J/train-03841.mp4,生日1/开会/是/？,train
train-03842,J/train-03842.mp4,盐/湖/大/地/周转/颜色/圆/1/像/。,train
train-03843,J/train-03843.mp4,盐/湖/季节/每/美/不同/。,train
train-03844,J/train-03844.mp4,现在/全部/好/。,train
train-03845,J/train-03845.mp4,现在/就/黑色/有/。,train
train-03846,J/train-03846.mp4,现在/电动自行车/市场/主要/电/自行车/有/。,train
train-03847,J/train-03847.mp4,现在/市场/电脑/牌子/多/好/有/。,train
train-03848,J/train-03848.mp4,现在/我们/技术/先进/最1/但是/另外/国家/跟随/。,train
train-03849,J/train-03849.mp4,现在/我/手/东西/足够/没有2/。,train
train-03850,J/train-03850.mp4,鼻涕/受不了/真2/。,train
train-03851,J/train-03851.mp4,相信/我/国家/航空/规模/越来越1/好/。,train
train-03852,J/train-03852.mp4,相信/人/每/心/善良/。,train
train-03853,J/train-03853.mp4,相信/人/每/事实/知道/。,train
train-03854,J/train-03854.mp4,看/什么/就/说/。,train
train-03855,J/train-03855.mp4,看/起来/玩/好/。,train
train-03856,J/train-03856.mp4,看/不/。,train
train-03857,J/train-03857.mp4,看不起/我们/是/。,train
train-03858,J/train-03858.mp4,看/你/自己/。,train
train-03859,J/train-03859.mp4,看/你/高兴/最1/。,train
train-03860,J/train-03860.mp4,看/哪/？,train
train-03861,J/train-03861.mp4,看/我/收拾/你/怎么样/。,train
train-03862,J/train-03862.mp4,看/开会/多少/时间/开始/。,train
train-03863,J/train-03863.mp4,看/不够/。,train
train-03864,J/train-03864.mp4,看/缘分/有/。,train
train-03865,J/train-03865.mp4,看/问题/没有/。,train
train-03866,J/train-03866.mp4,看/样子/我们/遇到/雷/雨/会/。,train
train-03867,J/train-03867.mp4,看/看/你/事情/做/好/。,train
train-03868,J/train-03868.mp4,看/起来/好/。,train
train-03869,J/train-03869.mp4,看/起来/你/忙/最1/。,train
train-03870,J/train-03870.mp4,看/起来/坏/像/。,train
train-03871,J/train-03871.mp4,看/起来/像/你/很1/。,train
train-03872,J/train-03872.mp4,看/起来/漂亮/很1/。,train
train-03873,J/train-03873.mp4,看/样子/是/。,train
train-03874,J/train-03874.mp4,看/起来/好/真2/。,train
train-03875,J/train-03875.mp4,看/树/上/鸟/。,train
train-03876,J/train-03876.mp4,看/画画/美/很1/我们/照片/。,train
train-03877,J/train-03877.mp4,有/意思/真2/。,train
train-03878,J/train-03878.mp4,真1/对不起1/给/你/麻烦/。,train
train-03879,J/train-03879.mp4,真1/对不起1/晚了/给/你/电话/。,train
train-03880,J/train-03880.mp4,运气/好/真2/。,train
train-03881,J/train-03881.mp4,抱歉2/真2/我/来/不能/。,train
train-03882,J/train-03882.mp4,脸/潇洒2/是/。,train
train-03883,J/train-03883.mp4,真2/不好意思/请/你/辛苦/。,train
train-03884,J/train-03884.mp4,真2/天气/好/。,train
train-03885,J/train-03885.mp4,真2/好/孩子/。,train
train-03886,J/train-03886.mp4,真2/好/消息/。,train
train-03887,J/train-03887.mp4,真2/男/人/好/。,train
train-03888,J/train-03888.mp4,真2/姑娘/美/。,train
train-03889,J/train-03889.mp4,真2/好/事情/。,train
train-03890,J/train-03890.mp4,真2/好/笑/。,train
train-03891,J/train-03891.mp4,真2/般配/。,train
train-03892,J/train-03892.mp4,真2/好/孩子/。,train
train-03893,J/train-03893.mp4,真2/浪费/。,train
train-03894,J/train-03894.mp4,真2/驾驶/船/度假/天气/好/。,train
train-03895,J/train-03895.mp4,真2/这里/相遇/你/没想到/。,train
train-03896,J/train-03896.mp4,真2/假/？,train
train-03897,J/train-03897.mp4,真2/抱歉/。,train
train-03898,J/train-03898.mp4,真2/抱歉/这/我/失职/是/。,train
train-03899,J/train-03899.mp4,真2/想/听/。,train
train-03900,J/train-03900.mp4,真2/高兴/我们/一起/度假/时间/。,train
train-03901,J/train-03901.mp4,眼睛/不/看/干净/。,train
train-03902,J/train-03902.mp4,睡觉/前2/窗/关/记忆/。,train
train-03903,J/train-03903.mp4,看/我/桌子/事情/堆积/。,train
train-03904,J/train-03904.mp4,知识/力量/是/。,train
train-03905,J/train-03905.mp4,满足/发财/大/是/。,train
train-03906,J/train-03906.mp4,短/裙子/流行/很1/现在/。,train
train-03907,J/train-03907.mp4,短/视频/一/代/年轻/人/影响/。,train
train-03908,J/train-03908.mp4,短/视频/沉迷/原因/内/有/。,train
train-03909,J/train-03909.mp4,绿色/灯/时候/肯定/能/走/。,train
train-03910,J/train-03910.mp4,社会/发展/结果/肯定/。,train
train-03911,J/train-03911.mp4,体现/社会/进步/。,train
train-03912,J/train-03912.mp4,祖国/人民/年轻/力量/贡献/。,train
train-03913,J/train-03913.mp4,庆祝/1/了不起/朋友/生日2/快乐/。,train
train-03914,J/train-03914.mp4,庆祝/你/家/1/和/团结1/。,train
train-03915,J/train-03915.mp4,庆祝/你/1/年/高兴/高兴/。,train
train-03916,J/train-03916.mp4,庆祝/你/一生/快乐/快乐/。,train
train-03917,J/train-03917.mp4,庆祝/你/1/道路/平安/。,train
train-03918,J/train-03918.mp4,庆祝/你/健康/活/长/。,train
train-03919,J/train-03919.mp4,庆祝/你/运气/。,train
train-03920,J/train-03920.mp4,庆祝/你/运气/连续/。,train
train-03921,J/train-03921.mp4,庆祝/你/学习1/成功2/。,train
train-03922,J/train-03922.mp4,庆祝/你/工作/顺利/。,train
train-03923,J/train-03923.mp4,庆祝/你/玩/高兴/。,train
train-03924,J/train-03924.mp4,庆祝/你/全/家/身体/健康/。,train
train-03925,J/train-03925.mp4,庆祝/你/健康/。,train
train-03926,J/train-03926.mp4,庆祝/来/年/运气/收获/成就/很1/。,train
train-03927,J/train-03927.mp4,庆祝/你/成功1/。,train
train-03928,J/train-03928.mp4,庆祝/你/今天/以后/幸福/很1/。,train
train-03929,J/train-03929.mp4,票/价格/2元/全/部/。,train
train-03930,J/train-03930.mp4,卖/没有/成年人/香烟/禁止1/。,train
train-03931,J/train-03931.mp4,距离1/生产1/初期/天/有/多少/？,train
train-03932,J/train-03932.mp4,山/C/种植/时间/悠久/。,train
train-03933,J/train-03933.mp4,榴莲/种植/真2/好处/。,train
train-03934,J/train-03934.mp4,种植/Y/金2/香/或者/种植/一些/植物/。,train
train-03935,J/train-03935.mp4,科学/给/我们/生活/变化/多/。,train
train-03936,J/train-03936.mp4,科学/家/依靠/实验1/研究/理论/。,train
train-03937,J/train-03937.mp4,科学/自己/1/双/剑/是/。,train
train-03938,J/train-03938.mp4,科学/更新/快/。,train
train-03939,J/train-03939.mp4,等/一会儿/我/处理2/。,train
train-03940,J/train-03940.mp4,等/一会儿/。,train
train-03941,J/train-03941.mp4,空气/越来越2/干净/。,train
train-03942,J/train-03942.mp4,你/鞋/要/。,train
train-03943,J/train-03943.mp4,我/夹克/穿/可以/。,train
train-03944,J/train-03944.mp4,穿/舒服/可以/。,train
train-03945,J/train-03945.mp4,走/道路/时候/注意1/汽车2/。,train
train-03946,J/train-03946.mp4,想/突然/什么/。,train
train-03947,J/train-03947.mp4,窗/外/蓝/天/美/。,train
train-03948,J/train-03948.mp4,窗/朝/东1/是/。,train
train-03949,J/train-03949.mp4,竞争/合作/精神/。,train
train-03950,J/train-03950.mp4,竟然/失败2/。,train
train-03951,J/train-03951.mp4,等/一会儿/河/边/散步/我们/再/去/。,train
train-03952,J/train-03952.mp4,等/我/去/。,train
train-03953,J/train-03953.mp4,事情2/没有/瞎说/不/。,train
train-03954,J/train-03954.mp4,爸爸/带/我/葡萄/摘/。,train
train-03955,J/train-03955.mp4,生命/意义/什么/？,train
train-03956,J/train-03956.mp4,等/红绿灯/。,train
train-03957,J/train-03957.mp4,绿/发展/必要/。,train
train-03958,J/train-03958.mp4,老师/说/我/惦记/。,train
train-03959,J/train-03959.mp4,自己/先生2/保管/肯定/。,train
train-03960,J/train-03960.mp4,茶叶2/有效1/期间/时间/多少/？,train
train-03961,J/train-03961.mp4,这里/场合/高贵/客人/卡1/去/可以/。,train
train-03962,J/train-03962.mp4,这里/社区/环境/好/。,train
train-03963,J/train-03963.mp4,这里/卧室/空间1/没有/东西1/放/。,train
train-03964,J/train-03964.mp4,这里/桌子/角/光滑/安全/很2/。,train
train-03965,J/train-03965.mp4,这里/桌子/角/尖/。,train
train-03966,K/train-03966.mp4,等/时间/有/房子/看1/。,train
train-03967,K/train-03967.mp4,等/。,train
train-03968,K/train-03968.mp4,等/我/。,train
train-03969,K/train-03969.mp4,简练/是/智慧/精华/。,train
train-03970,K/train-03970.mp4,亲密/。,train
train-03971,K/train-03971.mp4,棒/。,train
train-03972,K/train-03972.mp4,法律/约束/不行/坏/事情2/做/多/。,train
train-03973,K/train-03973.mp4,管理/班1/里/小孩/不/简单/。,train
train-03974,K/train-03974.mp4,粮食/价格/浮动/大/不/。,train
train-03975,K/train-03975.mp4,天气/坏/。,train
train-03976,K/train-03976.mp4,安全带1/好/。,train
train-03977,K/train-03977.mp4,文件/材料/样品/商品/省略号/着急/都/可以/用/特快专递/。,train
train-03978,K/train-03978.mp4,今天/一天/累/。,train
train-03979,K/train-03979.mp4,拜年/期间/红/是/吉祥/颜色/。,train
train-03980,K/train-03980.mp4,约会/时候/最1/喜欢/做/什么/？,train
train-03981,K/train-03981.mp4,网/差劲/你/说/什么/听/不/清楚/？,train
train-03982,K/train-03982.mp4,终于/来/。,train
train-03983,K/train-03983.mp4,经济/全球/是/必然/趋势/。,train
train-03984,K/train-03984.mp4,经济/恢复/基础/不/稳定/。,train
train-03985,K/train-03985.mp4,经济/发展/还/有/长/道路/走/要/。,train
train-03986,K/train-03986.mp4,经济/发展/快/。,train
train-03987,K/train-03987.mp4,五/万/给（我）/做/可以/。,train
train-03988,K/train-03988.mp4,给（你）/一分钟/考虑/。,train
train-03989,K/train-03989.mp4,给（你）/增加/麻烦/。,train
train-03990,K/train-03990.mp4,宝宝/牛奶/给（宝宝）/喝/。,train
train-03991,K/train-03991.mp4,水果/带/给（你）/。,train
train-03992,K/train-03992.mp4,因为/明天/开会/事情2/给（你）/电话/。,train
train-03993,K/train-03993.mp4,给（你）/增加/麻烦/。,train
train-03994,K/train-03994.mp4,冰箱/水/一/瓶/拿/给（我）/好不好/？,train
train-03995,K/train-03995.mp4,咖啡/倒/一/给（我）/好不好/？,train
train-03996,K/train-03996.mp4,汽油/加油/满/谢谢/。,train
train-03997,K/train-03997.mp4,给（我）/牛奶/一杯/。,train
train-03998,K/train-03998.mp4,你/收据/给（我）/看1/这/查询/单据/写字/。,train
train-03999,K/train-03999.mp4,楼梯/跑/不行1/。,train
train-04000,K/train-04000.mp4,加油/继续/。,train
train-04001,K/train-04001.mp4,努力/继续/。,train
train-04002,K/train-04002.mp4,绿/水/青/山/是/金/山/银/山/。,train
train-04003,K/train-04003.mp4,绿/颜色/食品/多/宝贵/。,train
train-04004,K/train-04004.mp4,网/恋爱/他们/爱/真实2/？,train
train-04005,K/train-04005.mp4,网络/环境/是/经营/环境/重要/部分/。,train
train-04006,K/train-04006.mp4,美元/今天/卖/钱/多少/？,train
train-04007,K/train-04007.mp4,美元/人民币/汇率/1/比/7/差不多/。,train
train-04008,K/train-04008.mp4,美/好/一天/。,train
train-04009,K/train-04009.mp4,美/好/一天/早上1/饭/开始/。,train
train-04010,K/train-04010.mp4,美/好/生活/。,train
train-04011,K/train-04011.mp4,羡慕/有用2/？,train
train-04012,K/train-04012.mp4,老人/读书/聚精会神/。,train
train-04013,K/train-04013.mp4,老师/叫1/你/去/找/他/。,train
train-04014,K/train-04014.mp4,老师/叫1/小孩儿/大家/站/一/排/。,train
train-04015,K/train-04015.mp4,老师/严肃/厉害/。,train
train-04016,K/train-04016.mp4,老师/早上/好/。,train
train-04017,K/train-04017.mp4,老师/生气/。,train
train-04018,K/train-04018.mp4,老板/冰镇/啤酒/2/要/。,train
train-04019,K/train-04019.mp4,老板/烤串/要/。,train
train-04020,K/train-04020.mp4,老板/心情/好/。,train
train-04021,K/train-04021.mp4,常常/考试1/考试1/考试1/变化/过去/。,train
train-04022,K/train-04022.mp4,考卷/困难1/很1/。,train
train-04023,K/train-04023.mp4,因素/多/考虑/要/。,train
train-04024,K/train-04024.mp4,考试1/通过1/？,train
train-04025,K/train-04025.mp4,耽误2/你/时间/对不起2/。,train
train-04026,K/train-04026.mp4,集合/看1/企业/反映1/突出/问题/。,train
train-04027,K/train-04027.mp4,我/幻觉/肯定/是/。,train
train-04028,K/train-04028.mp4,问题/肯定/没有2/。,train
train-04029,K/train-04029.mp4,背包/好/。,train
train-04030,K/train-04030.mp4,再/说/一/次/可以/？,train
train-04031,K/train-04031.mp4,乐队/桌子/近/这里/安排/一/可以/？,train
train-04032,K/train-04032.mp4,电话/可以/？,train
train-04033,K/train-04033.mp4,例子/一些1/提供/可以/？,train
train-04034,K/train-04034.mp4,我/行李/你/帮助（我）/看1/可以/？,train
train-04035,K/train-04035.mp4,你/解释/可以/？,train
train-04036,K/train-04036.mp4,漂亮/衣服/买/好/多/可以/？,train
train-04037,K/train-04037.mp4,新潮/毛衣/拿/一/给（我）/看1/可以/？,train
train-04038,K/train-04038.mp4,帮助（我）/钱/换/一元/五块/十块/一些/可以/？,train
train-04039,K/train-04039.mp4,你/姓名/告诉（我）/可以/？,train
train-04040,K/train-04040.mp4,告诉（我）/你/衣服/长/短/多少/可以/？,train
train-04041,K/train-04041.mp4,这/城市/好/玩2/地方/有/哪/告诉（我）/可以/？,train
train-04042,K/train-04042.mp4,和/我/照相/可以/？,train
train-04043,K/train-04043.mp4,帮助（我）/可以/？,train
train-04044,K/train-04044.mp4,可以/帮助/我/高兴/。,train
train-04045,K/train-04045.mp4,帮助（我）/铃/关/可以/？,train
train-04046,K/train-04046.mp4,帮助（我）/盘子/收拾/可以/？,train
train-04047,K/train-04047.mp4,帮助（我）/高尔夫球/预约/可以/？,train
train-04048,K/train-04048.mp4,声音/降/小/可以/？,train
train-04049,K/train-04049.mp4,美容/意见/有/哪些2/说/可以/？,train
train-04050,K/train-04050.mp4,动作/换/可以/？,train
train-04051,K/train-04051.mp4,城市/地图2/免费/给（我）/一/可以/？,train
train-04052,K/train-04052.mp4,晚会/衣服/拿/一/给（我）/可以/？,train
train-04053,K/train-04053.mp4,钱/给（我）/可以/？,train
train-04054,K/train-04054.mp4,你/房/卡1/给（我）/看1/可以/？,train
train-04055,K/train-04055.mp4,给（我）/解释/可以/？,train
train-04056,K/train-04056.mp4,这/职位/要求/有/什么/给（我）/说/可以/？,train
train-04057,K/train-04057.mp4,认识/你/我/感觉/光荣/幸亏/。,train
train-04058,K/train-04058.mp4,那里/家/我/下车/可以/？,train
train-04059,K/train-04059.mp4,储蓄/支票/不同/有/什么/说/可以/？,train
train-04060,K/train-04060.mp4,陪（我）/可以/？,train
train-04061,K/train-04061.mp4,自己/帮助/取款/机器/可以/取款/。,train
train-04062,K/train-04062.mp4,自助餐/主食/有/什么/？,train
train-04063,K/train-04063.mp4,自助餐/房/这里/经常/看1/。,train
train-04064,K/train-04064.mp4,怀疑/他/我/为什么/？,train
train-04065,K/train-04065.mp4,医生/技术/自己/认为/知道/一些1/。,train
train-04066,K/train-04066.mp4,主菜/鸡/肉/给（我）/一/。,train
train-04067,K/train-04067.mp4,航空/天空/梦/中国/梦/连/。,train
train-04068,K/train-04068.mp4,航空母舰/是/国家/海/力量/象征/。,train
train-04069,K/train-04069.mp4,船/这/音乐家/表演/传统/音乐/有/。,train
train-04070,K/train-04070.mp4,船/发动2/时间/多少/？,train
train-04071,K/train-04071.mp4,生态/环境/好/是/国家/长/时间/发展/富强/基础/。,train
train-04072,K/train-04072.mp4,芭蕾舞/好不好/？,train
train-04073,K/train-04073.mp4,花园/大/很1/。,train
train-04074,K/train-04074.mp4,我/最2/喜欢/食品/花生/。,train
train-04075,K/train-04075.mp4,互联网/优点/多/。,train
train-04076,K/train-04076.mp4,苹果/大家/都/知道/。,train
train-04077,K/train-04077.mp4,茶/保护2/质量/期限/有/？,train
train-04078,K/train-04078.mp4,草/树木/成长/可以/。,train
train-04079,K/train-04079.mp4,获得感/美感/一样/。,train
train-04080,K/train-04080.mp4,菜/一般/多/包涵1/。,train
train-04081,K/train-04081.mp4,菠萝/别名/凤梨/是/著名/热带/水果/。,train
train-04082,K/train-04082.mp4,菠萝/营养/丰富/。,train
train-04083,K/train-04083.mp4,经营/环境/变化/更2/好/会/。,train
train-04084,K/train-04084.mp4,葡萄/营养/价值/高/。,train
train-04085,K/train-04085.mp4,每年/蒙古/煤/90%/多/出口/运输/这/中国/。,train
train-04086,K/train-04086.mp4,天空/蓝2/像/海/一样/。,train
train-04087,K/train-04087.mp4,努力/了/，/但是2/感觉/这里/工作2/胜任/我/不行2/。,train
train-04088,K/train-04088.mp4,行李/丢失/申请/汇报/处/在/哪里/？,train
train-04089,K/train-04089.mp4,法律/提议/完了/讨论/投票/通过2/要/。,train
train-04090,K/train-04090.mp4,样子/伪装/听/懂/。,train
train-04091,K/train-04091.mp4,西1/区/我/负责/。,train
train-04092,K/train-04092.mp4,西瓜1/甜/？,train
train-04093,K/train-04093.mp4,我们/坐/聊天/汽车1/好不好/？,train
train-04094,K/train-04094.mp4,水果/要/？,train
train-04095,K/train-04095.mp4,你/换/另外/买/。,train
train-04096,K/train-04096.mp4,时间/多少/要/什么/？,train
train-04097,K/train-04097.mp4,跟（我）/高尔夫球/去/？,train
train-04098,K/train-04098.mp4,跟（我）/玩1/？,train
train-04099,K/train-04099.mp4,去/之前/来/我/家/玩2/一些/天/完了/去/。,train
train-04100,K/train-04100.mp4,桌子/边/坐/吃饭/。,train
train-04101,K/train-04101.mp4,坚定/文化2/自信/。,train
train-04102,K/train-04102.mp4,坚持/实事求是/。,train
train-04103,K/train-04103.mp4,押金/多少/？,train
train-04104,K/train-04104.mp4,东西/要/多少/？,train
train-04105,K/train-04105.mp4,租/钱/多少/？,train
train-04106,K/train-04106.mp4,要/拿/不要/算了/。,train
train-04107,K/train-04107.mp4,我/帮助/小/胡子/剪子/要/？,train
train-04108,K/train-04108.mp4,我/帮助/辫子/要/？,train
train-04109,K/train-04109.mp4,我/开车/接收（你）/要/？,train
train-04110,K/train-04110.mp4,石膏/时间/多少/长/？,train
train-04111,K/train-04111.mp4,水龙头/关/好/。,train
train-04112,K/train-04112.mp4,如果/我/冰棍儿/可以/多/好/。,train
train-04113,K/train-04113.mp4,如果/那里/蛋糕1/吃/一/口/多/好/。,train
train-04114,K/train-04114.mp4,如果/飞机/可以/多/好/。,train
train-04115,K/train-04115.mp4,脏/衣服/多/堆积/像/山/一样/。,train
train-04116,K/train-04116.mp4,计划/时间/多少/长/？,train
train-04117,K/train-04117.mp4,迟到2/差点儿1/。,train
train-04118,K/train-04118.mp4,中国/城市/多少/十/覆盖/。,train
train-04119,K/train-04119.mp4,墙壁/墙壁/这里/电视机/搁置/有/。,train
train-04120,K/train-04120.mp4,和/家庭/成员/矛盾1/解决/要/。,train
train-04121,K/train-04121.mp4,大/门/前1/警卫2/走/走/走/。,train
train-04122,K/train-04122.mp4,值班/时候/警察/吸烟/禁止1/。,train
train-04123,K/train-04123.mp4,计算机/发生/错误/是不是/？,train
train-04124,K/train-04124.mp4,订货/时候/签订/单据/有/？,train
train-04125,K/train-04125.mp4,中央/部署/要求/认真/落实/？,train
train-04126,K/train-04126.mp4,认识/你/高兴/。,train
train-04127,K/train-04127.mp4,你俩/等/时间/长/。,train
train-04128,K/train-04128.mp4,我们/一起/中午1/吃饭/。,train
train-04129,K/train-04129.mp4,我们/休息/一会儿/。,train
train-04130,K/train-04130.mp4,那/警察/有/我们/去/问/走/哪/？,train
train-04131,K/train-04131.mp4,我们/一起/庆祝/。,train
train-04132,K/train-04132.mp4,你/意见/什么/我/看1/。,train
train-04133,K/train-04133.mp4,我/想/。,train
train-04134,K/train-04134.mp4,我/帮助/挑选/。,train
train-04135,K/train-04135.mp4,你/收据/给（我）/看1/好不好/？,train
train-04136,K/train-04136.mp4,我/示范/用/方法/你/看1/。,train
train-04137,K/train-04137.mp4,我/第一/祝（你）/生日2/快乐/。,train
train-04138,K/train-04138.mp4,我/给（你）/示范/用/方法/。,train
train-04139,K/train-04139.mp4,迟到2/理由/我/解释/可以/。,train
train-04140,K/train-04140.mp4,罪恶/谎话/地方/隐藏/没有2/。,train
train-04141,K/train-04141.mp4,关/记住/。,train
train-04142,K/train-04142.mp4,电视机/多/广告/有/。,train
train-04143,K/train-04143.mp4,男孩/多/梦想/变化/为/飞行员/。,train
train-04144,K/train-04144.mp4,考试1/以前/她/笔记/浏览/快/。,train
train-04145,K/train-04145.mp4,诚实/人/生活/依靠/自己/勤劳/。,train
train-04146,K/train-04146.mp4,扫地/时间/到/。,train
train-04147,K/train-04147.mp4,事情1/具体/去/柜台/问/。,train
train-04148,K/train-04148.mp4,语文/好不好/？,train
train-04149,K/train-04149.mp4,假/可能1/是/。,train
train-04150,K/train-04150.mp4,大家/共同/喜欢/运动/是/什么/说/。,train
train-04151,K/train-04151.mp4,说/真2/这里/酒/不喜欢/。,train
train-04152,K/train-04152.mp4,说/一般/。,train
train-04153,K/train-04153.mp4,说/好/听/我/看1/。,train
train-04154,K/train-04154.mp4,说/做/比较/这里/简单/。,train
train-04155,K/train-04155.mp4,讲话/客气/。,train
train-04156,K/train-04156.mp4,讲话/发音/大/。,train
train-04157,K/train-04157.mp4,说/到/这里/感觉/可怜/。,train
train-04158,K/train-04158.mp4,教室/里面/说/发音/大/不行2/。,train
train-04159,K/train-04159.mp4,汽车1/窗/手/外/不行2/。,train
train-04160,K/train-04160.mp4,闪光灯/不行2/。,train
train-04161,K/train-04161.mp4,你/汽车1/行驶/动/不行2/。,train
train-04162,K/train-04162.mp4,汽车1/后2/门/下车/。,train
train-04163,K/train-04163.mp4,你们/手机/都/关/。,train
train-04164,K/train-04164.mp4,你们/动作/准备/好/等/拍照/。,train
train-04165,K/train-04165.mp4,你/准备/好/。,train
train-04166,K/train-04166.mp4,我/结婚/典礼/邀请（你）/参加/你/来/是不是/？,train
train-04167,K/train-04167.mp4,你/听/我/解释/。,train
train-04168,K/train-04168.mp4,你/来/这里/排队/。,train
train-04169,K/train-04169.mp4,女士/你/请/坐/。,train
train-04170,K/train-04170.mp4,你/这里/走/。,train
train-04171,K/train-04171.mp4,你/水果/洗/可以/？,train
train-04172,K/train-04172.mp4,你/吸烟/这里/熄灭/可以/？,train
train-04173,K/train-04173.mp4,你/同志/他们/介绍（我）/我们/认识/？,train
train-04174,K/train-04174.mp4,你/开门/。,train
train-04175,K/train-04175.mp4,你/帮助（她）/。,train
train-04176,K/train-04176.mp4,安全带1/好/。,train
train-04177,K/train-04177.mp4,你/工作2/经历2/说/。,train
train-04178,K/train-04178.mp4,收据/保留/好/这里/消费1/凭证/以后/维修/可以/。,train
train-04179,K/train-04179.mp4,汽车1/票/保留/好/等/检查/。,train
train-04180,K/train-04180.mp4,存折/银行卡/保管/好/如果/丢/了/告诉（我）/我们/。,train
train-04181,K/train-04181.mp4,身体/照顾/好/。,train
train-04182,K/train-04182.mp4,停车位/这里/空/倒车/好/。,train
train-04183,K/train-04183.mp4,倒车/50/英尺/。,train
train-04184,K/train-04184.mp4,停车道/这里/空/倒车/好/。,train
train-04185,K/train-04185.mp4,首先/汤/给(我）/一/。,train
train-04186,K/train-04186.mp4,再/增加/汤/给(我）/一/。,train
train-04187,K/train-04187.mp4,护照/给（我）/看1/密码/输入/完了/给（你）/打开/可以/。,train
train-04188,K/train-04188.mp4,大厅/开放/柜台/去/这/办理/。,train
train-04189,K/train-04189.mp4,前2/门/上车/。,train
train-04190,K/train-04190.mp4,挂失/手续/钱/办理/。,train
train-04191,K/train-04191.mp4,汽车1/门/依靠/近/禁止1/。,train
train-04192,K/train-04192.mp4,中国/大/酒店/去/。,train
train-04193,K/train-04193.mp4,为/在/这里/所有/朋友/健康/我们/一起/干杯/。,train
train-04194,K/train-04194.mp4,给/所有/朋友/问/好/。,train
train-04195,K/train-04195.mp4,你/喜欢/商品/哪些1/告诉（我）/？,train
train-04196,K/train-04196.mp4,冷冻/食品/区/在/哪里/告诉（我）/？,train
train-04197,K/train-04197.mp4,下/一/站/我/下车/。,train
train-04198,K/train-04198.mp4,我/现在/地方/在/哪/地图2/找/到/帮助（我）/。,train
train-04199,K/train-04199.mp4,站台/前2/站/等/汽车1/。,train
train-04200,K/train-04200.mp4,这里/签字/可以/？,train
train-04201,K/train-04201.mp4,这里/签字/下面/身份证/号码/写字/。,train
train-04202,K/train-04202.mp4,这/躺/等/我/去/准备/。,train
train-04203,K/train-04203.mp4,事项/哪/重要/下面/划线/需要1/。,train
train-04204,K/train-04204.mp4,坐/好/抓/稳定/。,train
train-04205,K/train-04205.mp4,细/情况/单据/写/文件夹1/文件1/夹/。,train
train-04206,K/train-04206.mp4,存款/单据/写/数额/姓名/地址/工作2/单位/。,train
train-04207,K/train-04207.mp4,大家/注意2/。,train
train-04208,K/train-04208.mp4,信箱/信/投放/。,train
train-04209,K/train-04209.mp4,你/东西/拿/好/。,train
train-04210,K/train-04210.mp4,你/行李/全部/拿/好/准备/下车/。,train
train-04211,K/train-04211.mp4,帮助（我）/这里/鱼/刮/干净/。,train
train-04212,K/train-04212.mp4,帮助（我）/账户/里面/美元/部分/换/人民币/。,train
train-04213,K/train-04213.mp4,帮助（我）/这里/包1/好/。,train
train-04214,K/train-04214.mp4,帮助（我）/展厅/去/走/哪/。,train
train-04215,K/train-04215.mp4,帮助（我）/账户/余/钱/查询/。,train
train-04216,K/train-04216.mp4,帮助（我）/水果/秤/。,train
train-04217,K/train-04217.mp4,帮助（我）/再/新/绑/。,train
train-04218,K/train-04218.mp4,你/再/说/一/次/。,train
train-04219,K/train-04219.mp4,我/礼貌/没有2/你/多/包涵2/。,train
train-04220,K/train-04220.mp4,写字/你/姓名/地址/电话/号码/。,train
train-04221,K/train-04221.mp4,你/里面/东西/拿/给（我）/看1/可以/？,train
train-04222,K/train-04222.mp4,你/帮助/糖/拿/可以/？,train
train-04223,K/train-04223.mp4,汽车1/窗/关/可以/？,train
train-04224,K/train-04224.mp4,你/讲话/行为/注意2/。,train
train-04225,K/train-04225.mp4,你/穿/看1/好不好/？,train
train-04226,K/train-04226.mp4,你/想/办法/。,train
train-04227,K/train-04227.mp4,刚才/你/说/所有/再/总结/说/一/次/。,train
train-04228,K/train-04228.mp4,你/行李/秤/放/。,train
train-04229,K/train-04229.mp4,道路/边/你/汽车1/行驶/。,train
train-04230,K/train-04230.mp4,梳头/那里/拿/给（我）/。,train
train-04231,K/train-04231.mp4,这/一起/装订/。,train
train-04232,K/train-04232.mp4,这/这/这/表格/全部/写字/。,train
train-04233,K/train-04233.mp4,音乐/声音/降/小/可以/？,train
train-04234,K/train-04234.mp4,你/自己/碗/拿/。,train
train-04235,K/train-04235.mp4,电话/挂断/。,train
train-04236,K/train-04236.mp4,排队/等/公交车/第一/下车/完了/第二/上车/。,train
train-04237,K/train-04237.mp4,纪念品/小/你/接受/。,train
train-04238,K/train-04238.mp4,你/行李/样子/什么/说/可以/？,train
train-04239,K/train-04239.mp4,单据/装/好/。,train
train-04240,K/train-04240.mp4,它/扔/犹豫/没用2/。,train
train-04241,K/train-04241.mp4,注意2/教室/进/错误/不/。,train
train-04242,K/train-04242.mp4,我/口语/注意2/看1/。,train
train-04243,K/train-04243.mp4,钱/数数/计算/。,train
train-04244,K/train-04244.mp4,用/英国/语言/。,train
train-04245,K/train-04245.mp4,黑板/看1/。,train
train-04246,K/train-04246.mp4,等/一会儿/。,train
train-04247,K/train-04247.mp4,等/我/去/钱/换/。,train
train-04248,K/train-04248.mp4,你/外/衣服/穿/好/。,train
train-04249,K/train-04249.mp4,代替/我/给/大家/问/好/。,train
train-04250,K/train-04250.mp4,塑料袋/给（我）/一/可以/？,train
train-04251,K/train-04251.mp4,晕/飞机/药/给（我）/一些1/可以/？,train
train-04252,K/train-04252.mp4,海关/申请/报告/表格/给（我）/一/好不好/？,train
train-04253,K/train-04253.mp4,牛/排/给（我）/一/。,train
train-04254,K/train-04254.mp4,去/北京/票/给（我）/一/。,train
train-04255,K/train-04255.mp4,消费1/收据/给（我）/一/。,train
train-04256,K/train-04256.mp4,票/给（我）/2/。,train
train-04257,K/train-04257.mp4,给（我）/我们/大/桌子/安排/一/。,train
train-04258,K/train-04258.mp4,黄瓜/给（我）/拿/一些1/。,train
train-04259,K/train-04259.mp4,你/ID卡/给（我）/看1/。,train
train-04260,K/train-04260.mp4,书/我/预约/一/书/有/电话/告诉（我）/。,train
train-04261,K/train-04261.mp4,你/毛衣/脱/。,train
train-04262,K/train-04262.mp4,钱/箱子/投入2/自己/主动/。,train
train-04263,K/train-04263.mp4,账/我/核对/核对/。,train
train-04264,K/train-04264.mp4,说/慢2/。,train
train-04265,K/train-04265.mp4,里面/东西/姓名/写字/细/。,train
train-04266,K/train-04266.mp4,旁边/手机/放/快/睡觉/。,train
train-04267,K/train-04267.mp4,红/星/酒店/去/。,train
train-04268,K/train-04268.mp4,密码/输入/。,train
train-04269,K/train-04269.mp4,房/进/坐/一会儿/。,train
train-04270,K/train-04270.mp4,再/电话/一/次/好不好/？,train
train-04271,K/train-04271.mp4,M/D/机器/这/有/？,train
train-04272,K/train-04272.mp4,这里/蔬菜/卖/有/？,train
train-04273,K/train-04273.mp4,这里/书/姓名/书名号/蓝2/海/战略/有/？,train
train-04274,K/train-04274.mp4,内科/在/哪/？,train
train-04275,K/train-04275.mp4,这里/火车/西藏/南1/道路/站/停/是不是/？,train
train-04276,K/train-04276.mp4,去/这里/北京/特别/快/火车/有/？,train
train-04277,K/train-04277.mp4,博物馆/去/走/哪/？,train
train-04278,K/train-04278.mp4,口红2/买/在/楼层/多少/？,train
train-04279,K/train-04279.mp4,挂号/在/哪/？,train
train-04280,K/train-04280.mp4,这里/邮寄/这里/法国/时间/长/多少/？,train
train-04281,K/train-04281.mp4,香/保留/时间/长/怎么/做/？,train
train-04282,K/train-04282.mp4,你/在/哪/？,train
train-04283,K/train-04283.mp4,会员/卡1/你/有/？,train
train-04284,K/train-04284.mp4,你/行李/托运/多少/？,train
train-04285,K/train-04285.mp4,换/地铁/二号/线/在/哪/？,train
train-04286,K/train-04286.mp4,房/钱/多少/？,train
train-04287,K/train-04287.mp4,你/谁/？,train
train-04288,K/train-04288.mp4,事情2/有/？,train
train-04289,K/train-04289.mp4,卫生间/在/哪/？,train
train-04290,K/train-04290.mp4,玩具/在/哪/？,train
train-04291,K/train-04291.mp4,这里/产品/特殊/功能/有/什么/？,train
train-04292,K/train-04292.mp4,这里/火车/里面/餐厅/有/？,train
train-04293,K/train-04293.mp4,门/票/钱/多少/？,train
train-04294,K/train-04294.mp4,馆长/办公室/在/哪/？,train
train-04295,K/train-04295.mp4,人事部/在/哪/？,train
train-04296,K/train-04296.mp4,这里/那里/火车/站/距离1/多少/？,train
train-04297,K/train-04297.mp4,房/空/有/？,train
train-04298,K/train-04298.mp4,牛奶/在/哪/？,train
train-04299,K/train-04299.mp4,随便1/看1/喜欢/哪些1/告诉（我）/。,train
train-04300,K/train-04300.mp4,我们/联系/时间/随便1/。,train
train-04301,K/train-04301.mp4,电话/时间/随便1/。,train
train-04302,K/train-04302.mp4,不管/障碍/什么/历史/演变/继续/。,train
train-04303,K/train-04303.mp4,谁/告诉（你）/？,train
train-04304,K/train-04304.mp4,草坪/清理/谁/？,train
train-04305,K/train-04305.mp4,你/最2/喜欢/运动员/谁/？,train
train-04306,K/train-04306.mp4,你/最2/钦佩/偶像/谁/？,train
train-04307,K/train-04307.mp4,谁/帮助（我）/可以/？,train
train-04308,K/train-04308.mp4,不知道2/？,train
train-04309,K/train-04309.mp4,你/胆量/大/是不是/？,train
train-04310,K/train-04310.mp4,答案/谁/告诉（我）/？,train
train-04311,K/train-04311.mp4,这里/问题/答案/谁/知道/？,train
train-04312,K/train-04312.mp4,你/烦躁/为什么/？,train
train-04313,K/train-04313.mp4,你/躺下/为什么/？,train
train-04314,K/train-04314.mp4,调查/研究/成果/转化/这里/问题/解决/实际1/行动/。,train
train-04315,K/train-04315.mp4,谢谢/。,train
train-04316,K/train-04316.mp4,距离1/远/特意/来/谢谢（你）/。,train
train-04317,K/train-04317.mp4,谢谢（你）/告诉（我）/。,train
train-04318,K/train-04318.mp4,你/诚恳/劝告（我）/谢谢（你）/。,train
train-04319,K/train-04319.mp4,带1（我）/电影/看1/谢谢（你）/。,train
train-04320,K/train-04320.mp4,鱼/里面/心/肝/胃/省略号/取/帮助（我）/谢谢/。,train
train-04321,K/train-04321.mp4,你/做/所有/谢谢（你）/。,train
train-04322,K/train-04322.mp4,谢谢（你）/支持（我）/。,train
train-04323,K/train-04323.mp4,谢谢（你）/关怀/。,train
train-04324,K/train-04324.mp4,谢谢（你）/支持/。,train
train-04325,K/train-04325.mp4,寄信/给（我）/谢谢（你）/你/对待（我）/真2/好/。,train
train-04326,K/train-04326.mp4,谢谢（你）/邀请（我）/但是1/另外/安排/有/。,train
train-04327,K/train-04327.mp4,我/爸爸/妈妈/他们/你/看望/谢谢（你）/。,train
train-04328,K/train-04328.mp4,礼物（我）/谢谢（你）/。,train
train-04329,K/train-04329.mp4,陪（我）/逛街/谢谢（你）/。,train
train-04330,K/train-04330.mp4,谢谢（你）/鼓励/。,train
train-04331,K/train-04331.mp4,谢谢（你）/鼓励/一直/。,train
train-04332,K/train-04332.mp4,谢谢（你）/电话（我）/。,train
train-04333,K/train-04333.mp4,谢谢（你）/救/我/。,train
train-04334,K/train-04334.mp4,谢谢（你）/好/心/。,train
train-04335,K/train-04335.mp4,谢谢（你）/邀请（我）/。,train
train-04336,K/train-04336.mp4,贝加尔湖/淡/水2/数量/世界1/最2/大/是/。,train
train-04337,K/train-04337.mp4,最近/贵州/一些1/地方/雨/比较/强/。,train
train-04338,K/train-04338.mp4,钱/赚/少/。,train
train-04339,K/train-04339.mp4,赢2/多/。,train
train-04340,K/train-04340.mp4,走/五分钟/到/。,train
train-04341,K/train-04341.mp4,走/时候/旁边/注意2/看1/。,train
train-04342,K/train-04342.mp4,快/坐/。,train
train-04343,K/train-04343.mp4,起床/早上1/饭/。,train
train-04344,K/train-04344.mp4,超级大国/苏联/瓦解/。,train
train-04345,K/train-04345.mp4,重量/超/分开2/２/包装/包装/。,train
train-04346,K/train-04346.mp4,越来越2/快/好/。,train
train-04347,K/train-04347.mp4,假期/青少年/多/越来越2/整容/。,train
train-04348,K/train-04348.mp4,跑步/一千/米2/累/很1/。,train
train-04349,K/train-04349.mp4,这里/你/关系/有/？,train
train-04350,K/train-04350.mp4,这里/你/没关系1/。,train
train-04351,K/train-04351.mp4,告诉（你）/没用2/。,train
train-04352,K/train-04352.mp4,准备/登山/去/和/朋友/计划/好/但是1/雨/。,train
train-04353,K/train-04353.mp4,你/骄傲2/什么/。,train
train-04354,K/train-04354.mp4,道路/汽车1/多/。,train
train-04355,K/train-04355.mp4,考试1/新1/道路/开始/走/。,train
train-04356,K/train-04356.mp4,蹦极/喜欢/玩2/人/多/很1/。,train
train-04357,K/train-04357.mp4,你/认为/健康/重要/为什么/。,train
train-04358,K/train-04358.mp4,现在/信息/时代/每天/我们/新1/信息/接收/多/。,train
train-04359,K/train-04359.mp4,党2/成员国{成员词汇的第二个手势}/多/到处1/有/。,train
train-04360,K/train-04360.mp4,汽车1/里面/人/多/自己/东西1/保管/好/。,train
train-04361,K/train-04361.mp4,半/小时/了/汽车1/行驶/动/没有2/。,train
train-04362,K/train-04362.mp4,汽车1/行驶/慢2/像/蜗牛/一样/。,train
train-04363,K/train-04363.mp4,转身/去/。,train
train-04364,K/train-04364.mp4,轮换/到/我/。,train
train-04365,K/train-04365.mp4,辞职1/以后/你/计划/做/什么/？,train
train-04366,K/train-04366.mp4,辽宁/航空母舰/时代/跟/不行2/真2/？,train
train-04367,K/train-04367.mp4,辽宁/航空母舰/制造/过程/艰难1/很1/。,train
train-04368,K/train-04368.mp4,你/桥/走/国家/公园/找/到/可以/。,train
train-04369,K/train-04369.mp4,以前/事情2/结束/改变/过去/完了/。,train
train-04370,K/train-04370.mp4,以前/事情2/它/结束/改变/过去/完了/。,train
train-04371,K/train-04371.mp4,拜年/时候/爸爸/妈妈/礼物/买/送（小孩儿）/小孩儿/大家/有/？,train
train-04372,K/train-04372.mp4,来/我/朋友/大家/认识/。,train
train-04373,K/train-04373.mp4,运动/少/吃饭/互相/搭配/。,train
train-04374,K/train-04374.mp4,运城/千/年/盐湖/转型/发展/过程/新1/机会/有/。,train
train-04375,K/train-04375.mp4,运城/盐湖/在/中条山/北麓/。,train
train-04376,K/train-04376.mp4,运输/钱/多少/？,train
train-04377,K/train-04377.mp4,最近/一些1/年农村/劳动/力量/去/城市/人/多/越来越2/。,train
train-04378,K/train-04378.mp4,最近/一些1/月亮/卖/数量/降/逐渐1/。,train
train-04379,K/train-04379.mp4,不知道1/。,train
train-04380,K/train-04380.mp4,坏/不是/。,train
train-04381,K/train-04381.mp4,快/给（我）/看1/。,train
train-04382,K/train-04382.mp4,再/等/一个月/。,train
train-04383,K/train-04383.mp4,发呆/做/什么/。,train
train-04384,K/train-04384.mp4,她/发现1/不/。,train
train-04385,K/train-04385.mp4,自己/关/。,train
train-04386,K/train-04386.mp4,见面/第一次/。,train
train-04387,K/train-04387.mp4,以前/规则/一样/是不是/？,train
train-04388,K/train-04388.mp4,做/事情2/踏实/要/。,train
train-04389,K/train-04389.mp4,以前/时间/一样/可以/？,train
train-04390,K/train-04390.mp4,等/一些1/站/我们/目的/地/快/到/？,train
train-04391,K/train-04391.mp4,比较/这里/更2/坏/有/。,train
train-04392,K/train-04392.mp4,知识/有/少/。,train
train-04393,K/train-04393.mp4,睡觉/没有/？,train
train-04394,K/train-04394.mp4,真2/是/自己/。,train
train-04395,K/train-04395.mp4,真2/是/你/。,train
train-04396,K/train-04396.mp4,脸/需要1/？,train
train-04397,K/train-04397.mp4,另外/需要1/？,train
train-04398,K/train-04398.mp4,我/还/可以/帮助/做/什么/？,train
train-04399,K/train-04399.mp4,理论/落实/实践/怎么/做/要/知道/。,train
train-04400,K/train-04400.mp4,这里/这里/这里/多/礼物/都/价值/昂贵/。,train
train-04401,K/train-04401.mp4,这里/都/你/做/是不是/？,train
train-04402,K/train-04402.mp4,这里/附近/房/贵/很1/。,train
train-04403,K/train-04403.mp4,现在/遗憾/。,train
train-04404,K/train-04404.mp4,感觉/不是/。,train
train-04405,K/train-04405.mp4,这里/数学/问题/简单/不是/。,train
train-04406,K/train-04406.mp4,这里/我/不是/。,train
train-04407,K/train-04407.mp4,这里/让（他）/伤脑筋1/？,train
train-04408,K/train-04408.mp4,这里/东西2/便宜/。,train
train-04409,K/train-04409.mp4,这里/这里/2/汽车1/型号/不一样/有/什么/？,train
train-04410,K/train-04410.mp4,这里/用/坏/。,train
train-04411,K/train-04411.mp4,这里/世界1/最2/幸福/事情2/。,train
train-04412,K/train-04412.mp4,这里/东西2/尝试/值/？,train
train-04413,K/train-04413.mp4,这里/东西2/钱/多少/？,train
train-04414,K/train-04414.mp4,这里/东西2/贵/很1/。,train
train-04415,K/train-04415.mp4,这里/东西2/高/级别/很1/。,train
train-04416,K/train-04416.mp4,这里/东西2/总/价值/500/万/超/。,train
train-04417,K/train-04417.mp4,这里/东西2/我/不会/。,train
train-04418,K/train-04418.mp4,这里/东西2/奇怪2/特别/。,train
train-04419,K/train-04419.mp4,这里/中文/意思/什么/？,train
train-04420,K/train-04420.mp4,这里/想/法1/好/。,train
train-04421,K/train-04421.mp4,这里/想/法1/真2/好/。,train
train-04422,K/train-04422.mp4,这里/习惯/改变/困难1/。,train
train-04423,K/train-04423.mp4,这里/人/危险2/。,train
train-04424,K/train-04424.mp4,这里/人/奇怪1/。,train
train-04425,K/train-04425.mp4,这里/价格/成本/钱/比较/这里/高/。,train
train-04426,K/train-04426.mp4,这里/农场/好/。,train
train-04427,K/train-04427.mp4,这里/单/词/意思/什么/？,train
train-04428,K/train-04428.mp4,这里/味道/好不好/？,train
train-04429,K/train-04429.mp4,现在/这里/商品/价格/降/10%/。,train
train-04430,K/train-04430.mp4,这里/国家/人/数量/一/亿/有/。,train
train-04431,K/train-04431.mp4,这里/地方/好/凉/。,train
train-04432,K/train-04432.mp4,这里/城市/中心/真2/热闹1/。,train
train-04433,K/train-04433.mp4,这里/城市/人/数量/一百/万/超/。,train
train-04434,K/train-04434.mp4,这里/钱/多少/？,train
train-04435,K/train-04435.mp4,这里/客厅/太2/大/感觉/凉/寂静/。,train
train-04436,K/train-04436.mp4,这里/工作/简单/。,train
train-04437,K/train-04437.mp4,这里/工作/辛苦/很1/。,train
train-04438,K/train-04438.mp4,这里/椅子/人/有/？,train
train-04439,K/train-04439.mp4,这里/意见/怎么/？,train
train-04440,K/train-04440.mp4,这里/很2/幽默/。,train
train-04441,K/train-04441.mp4,这里/做/怎么/？,train
train-04442,K/train-04442.mp4,这里/好不好/？,train
train-04443,K/train-04443.mp4,这里/战术/我们/改变/需要/。,train
train-04444,K/train-04444.mp4,这里/房/中央/提供/暖/有/。,train
train-04445,K/train-04445.mp4,这里/房/看1/感觉/好/。,train
train-04446,K/train-04446.mp4,这里/保护2/垫子/冲击/力量/减少/可以/。,train
train-04447,K/train-04447.mp4,这里/一个月/逮捕/人/数量/减少/。,train
train-04448,K/train-04448.mp4,这里/浴缸/人/2/坐/可以/。,train
train-04449,K/train-04449.mp4,这里/热水/机器/坏/了/。,train
train-04450,K/train-04450.mp4,乒乓球拍/这里/手感/好/。,train
train-04451,K/train-04451.mp4,这里/用/维吾尔族/语言/是/什么/？,train
train-04452,K/train-04452.mp4,警察/局/在/哪/？,train
train-04453,K/train-04453.mp4,鞋/带子/系/好/帮助（我）/谢谢/。,train
train-04454,K/train-04454.mp4,运动/能量2/消耗/多/。,train
train-04455,K/train-04455.mp4,这里/事情2/我/感觉/平常/。,train
train-04456,K/train-04456.mp4,这里/黑/裤子/打/9折/。,train
train-04457,K/train-04457.mp4,帮助（我）/这里/胶卷/这里/药/水1/放/可以/？,train
train-04458,K/train-04458.mp4,这里/时装/表演/期待/时间/长/。,train
train-04459,K/train-04459.mp4,这里/车祸/影响（我）/大/。,train
train-04460,K/train-04460.mp4,这里/楼房/里面/家具/完全2/。,train
train-04461,K/train-04461.mp4,这里/车祸/很2/严重/。,train
train-04462,K/train-04462.mp4,这里/次/旅行/记忆/深刻/。,train
train-04463,K/train-04463.mp4,这里/次/运动/会议/举行/可以/？,train
train-04464,K/train-04464.mp4,这里/书架/颜色/不喜欢/。,train
train-04465,K/train-04465.mp4,这里/护肤品/贵/。,train
train-04466,K/train-04466.mp4,商场/里面/这里/播放机/卖/完了/。,train
train-04467,L/train-04467.mp4,这/男孩/工作/没有2/。,train
train-04468,L/train-04468.mp4,这/恶心/很/。,train
train-04469,L/train-04469.mp4,这/菜/我/要/不是/。,train
train-04470,L/train-04470.mp4,这/菜/多/好/。,train
train-04471,L/train-04471.mp4,这/灯/钱/多少/？,train
train-04472,L/train-04472.mp4,这/裤子/蓝色/好不好/？,train
train-04473,L/train-04473.mp4,这/蛋糕1/闻/香/。,train
train-04474,L/train-04474.mp4,这/行业/真2/真2/好/。,train
train-04475,L/train-04475.mp4,这/西瓜1/像/皮肤/圆/。,train
train-04476,L/train-04476.mp4,这/西瓜1/重量/？,train
train-04477,L/train-04477.mp4,这/再/用/可以/？,train
train-04478,L/train-04478.mp4,这/重2/？,train
train-04479,L/train-04479.mp4,这/钻石/美/美/。,train
train-04480,L/train-04480.mp4,这/问题/今天/晚上/解决/会/。,train
train-04481,L/train-04481.mp4,这/项目/难1/很1/。,train
train-04482,L/train-04482.mp4,颜色/这/流行/。,train
train-04483,L/train-04483.mp4,这/电风扇/用/可以/？,train
train-04484,L/train-04484.mp4,这/衣服/黑/白/混合/洗/不/。,train
train-04485,L/train-04485.mp4,这/龙虾/辣/很1/。,train
train-04486,L/train-04486.mp4,这/做/错误/是/？,train
train-04487,L/train-04487.mp4,这/动物/多/多/。,train
train-04488,L/train-04488.mp4,工作/家/服务/多年/她/累了/。,train
train-04489,L/train-04489.mp4,天气/好/田/外/吃/开心/。,train
train-04490,L/train-04490.mp4,这/河/宽/辽阔/好/。,train
train-04491,L/train-04491.mp4,工钱/少/我/日子/不行2/。,train
train-04492,L/train-04492.mp4,说/跑题/。,train
train-04493,L/train-04493.mp4,这/碰巧2/。,train
train-04494,L/train-04494.mp4,这/我/也/想/做/。,train
train-04495,L/train-04495.mp4,这/事2/大惊小怪/不值/。,train
train-04496,L/train-04496.mp4,这/事1/干/困难1/少/少/。,train
train-04497,L/train-04497.mp4,这/事2/考虑/没用1/。,train
train-04498,L/train-04498.mp4,这/事1/闹事/最后/怎么/没有1/。,train
train-04499,L/train-04499.mp4,到处1/东西2/做/什么/？,train
train-04500,L/train-04500.mp4,到处1/人/专家/。,train
train-04501,L/train-04501.mp4,他们/富/贸易/人/批发/零售/。,train
train-04502,L/train-04502.mp4,他们/富/贸易/人/喜欢/批发/零售/。,train
train-04503,L/train-04503.mp4,这/够/够/。,train
train-04504,L/train-04504.mp4,这/数/年/中国/航空/技术/开始/增加/强/。,train
train-04505,L/train-04505.mp4,这/总/多少钱/？,train
train-04506,L/train-04506.mp4,这/告状/证据1/你/有/？,train
train-04507,L/train-04507.mp4,他们/小/羊/。,train
train-04508,L/train-04508.mp4,这/东西2/摆设/欣赏/可以/。,train
train-04509,L/train-04509.mp4,这/衣服/湿/太阳/晒/干/快/。,train
train-04510,L/train-04510.mp4,这/瓷器/烧/做/在/哪里/？,train
train-04511,L/train-04511.mp4,这/画/拿/免费/。,train
train-04512,L/train-04512.mp4,辽阔/花/漂亮/。,train
train-04513,L/train-04513.mp4,这/苹果/好像/新鲜/。,train
train-04514,L/train-04514.mp4,这/领带/多少钱/？,train
train-04515,L/train-04515.mp4,这/饼干/闻/好/。,train
train-04516,L/train-04516.mp4,这/交流/方法/一/。,train
train-04517,L/train-04517.mp4,这/事1/玩笑/不行2/。,train
train-04518,L/train-04518.mp4,这/事2/惊动/。,train
train-04519,L/train-04519.mp4,这/事1/严重/。,train
train-04520,L/train-04520.mp4,这/事2/我们/样子/干/不行2/。,train
train-04521,L/train-04521.mp4,这/事2/算了/。,train
train-04522,L/train-04522.mp4,这/事情2/决定/没有2/为什么/。,train
train-04523,L/train-04523.mp4,这/怎么/？,train
train-04524,L/train-04524.mp4,这/东西2/关/口/钱/你/必须/支付/。,train
train-04525,L/train-04525.mp4,我/新1/T恤/短裙/咱俩/合适1/？,train
train-04526,L/train-04526.mp4,这/衣服/可爱/但是/我/穿/小/。,train
train-04527,L/train-04527.mp4,这/衬衣/时尚/便宜/。,train
train-04528,L/train-04528.mp4,这/合同/真1/真1/。,train
train-04529,L/train-04529.mp4,这/工作/困难1/很1/。,train
train-04530,L/train-04530.mp4,这/椅子/人/有/？,train
train-04531,L/train-04531.mp4,这/新闻/主持/词/经常/说/错误/。,train
train-04532,L/train-04532.mp4,这/女/漂亮/谁/？,train
train-04533,L/train-04533.mp4,这/老/人/新1/房子/制造/着急/。,train
train-04534,L/train-04534.mp4,这/警察/帮助（我）/多/。,train
train-04535,L/train-04535.mp4,照相/可以/？,train
train-04536,L/train-04536.mp4,这/人/有/？,train
train-04537,L/train-04537.mp4,地方/欣赏/有/？,train
train-04538,L/train-04538.mp4,人/你/找/这/没有2/。,train
train-04539,L/train-04539.mp4,天气/好/舒服/舒服/。,train
train-04540,L/train-04540.mp4,这/速度/限制/多少/？,train
train-04541,L/train-04541.mp4,这/公/房子/剩/空/多少/？,train
train-04542,L/train-04542.mp4,冰2/条/好吃/。,train
train-04543,L/train-04543.mp4,这/多少/年/中国/经济/飙升/。,train
train-04544,L/train-04544.mp4,刀/好/用/。,train
train-04545,L/train-04545.mp4,这/火车/吃饭/有/？,train
train-04546,L/train-04546.mp4,火车/到/我们/这/停止/分钟/多少/？,train
train-04547,L/train-04547.mp4,这/鞋/不符合/。,train
train-04548,L/train-04548.mp4,这/是/合作/。,train
train-04549,L/train-04549.mp4,锻炼1/缺/缺/。,train
train-04550,L/train-04550.mp4,这/答案/不行2/。,train
train-04551,L/train-04551.mp4,这/你/说/。,train
train-04552,L/train-04552.mp4,新闻/这/是/。,train
train-04553,L/train-04553.mp4,这/新1/汽车1/。,train
train-04554,L/train-04554.mp4,这/机器/操作/困难2/。,train
train-04555,L/train-04555.mp4,这/机器/步骤/必须/按照/操作/。,train
train-04556,L/train-04556.mp4,这/电脑/你/随便1/用/。,train
train-04557,L/train-04557.mp4,这/食品/加工/机器/做/什么/？,train
train-04558,L/train-04558.mp4,和/照相/好/。,train
train-04559,L/train-04559.mp4,结果/想象/不行2/。,train
train-04560,L/train-04560.mp4,咖啡/凉/。,train
train-04561,L/train-04561.mp4,这/干净/干净/。,train
train-04562,L/train-04562.mp4,地方/大概/40/平/米2/。,train
train-04563,L/train-04563.mp4,声音/熟悉/。,train
train-04564,L/train-04564.mp4,天/舒服/舒服/。,train
train-04565,L/train-04565.mp4,这/不公平/不行2/。,train
train-04566,L/train-04566.mp4,这/学期/你/导师/谁/？,train
train-04567,L/train-04567.mp4,档次/不一样/。,train
train-04568,L/train-04568.mp4,客厅/广场/大/多少/？,train
train-04569,L/train-04569.mp4,这/人/意思/？,train
train-04570,L/train-04570.mp4,公司/这/钱/多/捐献/救助/组织2/。,train
train-04571,L/train-04571.mp4,这/公司/是/我们/多次/客人/。,train
train-04572,L/train-04572.mp4,这/商店/卖/种类/多/甜/食品/钱/便宜/。,train
train-04573,L/train-04573.mp4,这/家/下班/什么/时候/？,train
train-04574,L/train-04574.mp4,这/家/自助餐/菜/不一样/多/。,train
train-04575,L/train-04575.mp4,这/信/急/不/但是/重要/重要/怎么/保证/到/安全/？,train
train-04576,L/train-04576.mp4,这/人生/。,train
train-04577,L/train-04577.mp4,你/新1/学校/这/是/？,train
train-04578,L/train-04578.mp4,这/届/顾客/形势/理性/多/。,train
train-04579,L/train-04579.mp4,工作1/这/简单/完了/。,train
train-04580,L/train-04580.mp4,这/画/远/欣赏/好/。,train
train-04581,L/train-04581.mp4,这/建筑2/什么/时候/？,train
train-04582,L/train-04582.mp4,这/楼/剩余/家/空/有/？,train
train-04583,L/train-04583.mp4,床/这/我/想/要/是/。,train
train-04584,L/train-04584.mp4,城市/这/街道/每/我/都/知道/。,train
train-04585,L/train-04585.mp4,这/塔/在/元宵节/晚上/火/火/。,train
train-04586,L/train-04586.mp4,小/港口/这/现在/形势/大/城市/。,train
train-04587,L/train-04587.mp4,这/山/高/陡/厉害/。,train
train-04588,L/train-04588.mp4,山/这/高/。,train
train-04589,L/train-04589.mp4,主/专门/卖/唱歌/这/我/最2/爱/。,train
train-04590,L/train-04590.mp4,这/2/0/1/5/年/专门/畅销/。,train
train-04591,L/train-04591.mp4,这/重要/重要/。,train
train-04592,L/train-04592.mp4,看/情况/要/。,train
train-04593,L/train-04593.mp4,这/我/和/不懂/。,train
train-04594,L/train-04594.mp4,房子/这/你/想/租/时间/多少/？,train
train-04595,L/train-04595.mp4,房子/旧/刷/要/。,train
train-04596,L/train-04596.mp4,房子/装修/完了/家具/全/。,train
train-04597,L/train-04597.mp4,房子/看/好像/旧/但是/这/新/新/。,train
train-04598,L/train-04598.mp4,房子/墙壁/靠/南/。,train
train-04599,L/train-04599.mp4,中学/这/学生/大概/2000/。,train
train-04600,L/train-04600.mp4,这/房/我/爷爷/是/。,train
train-04601,L/train-04601.mp4,这/房/我/是/。,train
train-04602,L/train-04602.mp4,现在/广场/上/半/。,train
train-04603,L/train-04603.mp4,这/风景/最2/美丽/。,train
train-04604,L/train-04604.mp4,这/巴黎/方/说/好/。,train
train-04605,L/train-04605.mp4,椅子/挡/咱俩/搬/。,train
train-04606,L/train-04606.mp4,水果/喝/好吃/告诉（我）/怎么/做/可以/？,train
train-04607,L/train-04607.mp4,这/事2/人/相信/困难1/。,train
train-04608,L/train-04608.mp4,派对/这/惊奇/。,train
train-04609,L/train-04609.mp4,这/机会/珍惜/。,train
train-04610,L/train-04610.mp4,这/音乐/颤抖/协调/不好/。,train
train-04611,L/train-04611.mp4,这/友谊/比赛/。,train
train-04612,L/train-04612.mp4,这/城市/美丽/污染/没有2/。,train
train-04613,L/train-04613.mp4,这/茶/茶/。,train
train-04614,L/train-04614.mp4,鸟/这/种类/害怕/人/。,train
train-04615,L/train-04615.mp4,这/电影/感动/。,train
train-04616,L/train-04616.mp4,这/目标/有限1/。,train
train-04617,L/train-04617.mp4,这/任务/困难2/完成/不行2/。,train
train-04618,L/train-04618.mp4,水果/这/你/第一次/吃/是/？,train
train-04619,L/train-04619.mp4,这/优雅/我/记忆/。,train
train-04620,L/train-04620.mp4,这/错误/小/。,train
train-04621,L/train-04621.mp4,这/高尔夫球/。,train
train-04622,L/train-04622.mp4,这/选择/聪明1/。,train
train-04623,L/train-04623.mp4,时间/消磨/这/方法/好/。,train
train-04624,L/train-04624.mp4,这/中国/饭店/我/服务/你/可以/？,train
train-04625,L/train-04625.mp4,这/意思/？,train
train-04626,L/train-04626.mp4,街道/这/什么/？,train
train-04627,L/train-04627.mp4,这/什么/东西/？,train
train-04628,L/train-04628.mp4,这/鱼/姓名/什么/？,train
train-04629,L/train-04629.mp4,例子/好/他/创造/。,train
train-04630,L/train-04630.mp4,这/属于3/你/应该/。,train
train-04631,L/train-04631.mp4,这/你/你/？,train
train-04632,L/train-04632.mp4,时间/段/这/你/看/电影/是/？,train
train-04633,L/train-04633.mp4,这/你/请帖/去/必须/。,train
train-04634,L/train-04634.mp4,这/你/自己/问题/。,train
train-04635,L/train-04635.mp4,这/焦点/你/看1/应该/？,train
train-04636,L/train-04636.mp4,这/她/自己/行业/。,train
train-04637,L/train-04637.mp4,这/好不好/？,train
train-04638,L/train-04638.mp4,去/干/什么/？,train
train-04639,L/train-04639.mp4,这/什么/？,train
train-04640,L/train-04640.mp4,这/怎么/？,train
train-04641,L/train-04641.mp4,存折/你/你/以后/存款/拿/这/要/。,train
train-04642,L/train-04642.mp4,这/一刹那/我/成长/最/幸福/。,train
train-04643,L/train-04643.mp4,这/我们/先/选择/。,train
train-04644,L/train-04644.mp4,我们/做/这/应该/。,train
train-04645,L/train-04645.mp4,这/我们/客厅/。,train
train-04646,L/train-04646.mp4,这/我们/心/意思/。,train
train-04647,L/train-04647.mp4,这/我们/教室/。,train
train-04648,L/train-04648.mp4,椅子/这/我/做/。,train
train-04649,L/train-04649.mp4,菜/我/成长/吃/好吃/这/。,train
train-04650,L/train-04650.mp4,书/这/我/借1/是/。,train
train-04651,L/train-04651.mp4,这/中国/历史/新2/时代/。,train
train-04652,L/train-04652.mp4,纪念/东西2/这/我/带/去/中国/。,train
train-04653,L/train-04653.mp4,这/我/期待/是/。,train
train-04654,L/train-04654.mp4,这/礼物/我/收获/称赞2/。,train
train-04655,L/train-04655.mp4,礼物/这/我/新年/送/你/是/。,train
train-04656,L/train-04656.mp4,这/我/喜欢/喜欢/。,train
train-04657,L/train-04657.mp4,水果/这/我/喜欢/喜欢/。,train
train-04658,L/train-04658.mp4,这/菜/我/烹饪/技术好/。,train
train-04659,L/train-04659.mp4,这/我/朋友/。,train
train-04660,L/train-04660.mp4,这/我/自己/东西2/。,train
train-04661,L/train-04661.mp4,这/我/疏忽/。,train
train-04662,L/train-04662.mp4,行李/票/这/我/。,train
train-04663,L/train-04663.mp4,这/我/责任/和/你/没关系2/。,train
train-04664,L/train-04664.mp4,这/我/辞职1/信/。,train
train-04665,L/train-04665.mp4,这/错误/我/我/。,train
train-04666,L/train-04666.mp4,我/第一次/飞机/。,train
train-04667,L/train-04667.mp4,这/美容/广场/我/第一次/来/。,train
train-04668,L/train-04668.mp4,这/我/给/你们/少/少/心/意思/。,train
train-04669,L/train-04669.mp4,行李/这/我/托运/需要1/。,train
train-04670,L/train-04670.mp4,这/我/读书/感觉/称赞/。,train
train-04671,L/train-04671.mp4,这/明天/日程/安排/。,train
train-04672,L/train-04672.mp4,这/今天/一周/第二次/。,train
train-04673,L/train-04673.mp4,产品/菜/这/这/。,train
train-04674,L/train-04674.mp4,街道/这/卖/什么/？,train
train-04675,L/train-04675.mp4,这/历史/事实/争议/没用2/。,train
train-04676,L/train-04676.mp4,这/现在/广场/录像/是/？,train
train-04677,L/train-04677.mp4,这/著名/老师/设计/是/。,train
train-04678,L/train-04678.mp4,这/床/红/木头/。,train
train-04679,L/train-04679.mp4,这/礼物/给（你）/。,train
train-04680,L/train-04680.mp4,这/决定/文件1/。,train
train-04681,L/train-04681.mp4,让/你/离开/方法/这/好/。,train
train-04682,L/train-04682.mp4,这/主演/谁/？,train
train-04683,L/train-04683.mp4,这/繁忙/城市/统治/区/是/。,train
train-04684,L/train-04684.mp4,这/违法1/。,train
train-04685,L/train-04685.mp4,新2/时代/人/梦/追求/是/。,train
train-04686,L/train-04686.mp4,你/生日/礼物/给/。,train
train-04687,L/train-04687.mp4,这/反复/摄像/是/？,train
train-04688,L/train-04688.mp4,这/没有2/什么/。,train
train-04689,L/train-04689.mp4,这/困难2/少/少/。,train
train-04690,L/train-04690.mp4,这/书/我们/存/没有2/但是/帮助/预定/可以/。,train
train-04691,L/train-04691.mp4,这/丝2/头巾/存储/信/里/寄信/可以/？,train
train-04692,L/train-04692.mp4,这/河/窄/窄/。,train
train-04693,L/train-04693.mp4,这/裤子/洗/要/？,train
train-04694,L/train-04694.mp4,这/我/裤子/合适1/？,train
train-04695,L/train-04695.mp4,道路/这/分叉/。,train
train-04696,L/train-04696.mp4,道路/这/灯/没有2/？,train
train-04697,L/train-04697.mp4,道路/走/禁止/。,train
train-04698,L/train-04698.mp4,高铁/这/道路/和/大连/北京/联系/。,train
train-04699,L/train-04699.mp4,这/鱼/大/大/。,train
train-04700,L/train-04700.mp4,鱼/这/新鲜2/。,train
train-04701,L/train-04701.mp4,这/耽误1/耽误1/。,train
train-04702,L/train-04702.mp4,样子/这/交通/事2/不好/发生/容易/。,train
train-04703,L/train-04703.mp4,这/农/药/剩余/清除/可以/。,train
train-04704,L/train-04704.mp4,这/事2/我/知道/。,train
train-04705,L/train-04705.mp4,这/结果/处理2/显眼/。,train
train-04706,L/train-04706.mp4,会议/对/亚洲/东/这/未来/和/平/重要/。,train
train-04707,L/train-04707.mp4,这/去/困难2/。,train
train-04708,L/train-04708.mp4,这/我/破坏/。,train
train-04709,L/train-04709.mp4,这/我/请/。,train
train-04710,L/train-04710.mp4,这/经济/富/保持/时间/多久/？,train
train-04711,L/train-04711.mp4,这/口红2/卖/卖/厉害/。,train
train-04712,L/train-04712.mp4,这/手机/怎么/？,train
train-04713,L/train-04713.mp4,这/我/需要1/是/。,train
train-04714,L/train-04714.mp4,这/湖/干净/。,train
train-04715,L/train-04715.mp4,这/小/事2/。,train
train-04716,L/train-04716.mp4,照片/这/怎么/？,train
train-04717,L/train-04717.mp4,牛奶/过期/。,train
train-04718,L/train-04718.mp4,牛/肉/瘦/这/新鲜/。,train
train-04719,L/train-04719.mp4,地铁/到/这/时间/多少/？,train
train-04720,L/train-04720.mp4,火车/这/到/北京/时间/多少/？,train
train-04721,L/train-04721.mp4,飞机/这/到/时间/准/会/？,train
train-04722,L/train-04722.mp4,电影/无聊/。,train
train-04723,L/train-04723.mp4,电梯/慢2/。,train
train-04724,L/train-04724.mp4,这/看1/好/。,train
train-04725,L/train-04725.mp4,这/激动/。,train
train-04726,L/train-04726.mp4,这/称赞2/。,train
train-04727,L/train-04727.mp4,这/称赞1/。,train
train-04728,L/train-04728.mp4,这/惊奇/。,train
train-04729,L/train-04729.mp4,这/信/困难2/。,train
train-04730,L/train-04730.mp4,这/事2/发生/再/不会/。,train
train-04731,L/train-04731.mp4,这/事1/你/答应/不行2/。,train
train-04732,L/train-04732.mp4,这/事2/每/人/相遇/会/。,train
train-04733,L/train-04733.mp4,气氛/这/穿/随便1/。,train
train-04734,L/train-04734.mp4,这/情况/怎么/做/？,train
train-04735,L/train-04735.mp4,自行车1/这/形势/最/新1/。,train
train-04736,L/train-04736.mp4,水果/这/钱/贵/。,train
train-04737,L/train-04737.mp4,广场/这/人/居住/时间/长/不行2/。,train
train-04738,L/train-04738.mp4,工作/样子/这/我/以前/体验/。,train
train-04739,L/train-04739.mp4,蓝/这/和/衣服/这/浅/蓝/合适2/。,train
train-04740,L/train-04740.mp4,菜/调味酱/这/好吃/。,train
train-04741,L/train-04741.mp4,袜子/这/颜色/可以/。,train
train-04742,L/train-04742.mp4,这/最终/为什么/？,train
train-04743,L/train-04743.mp4,空调/开/做/冷/不/为什么/？,train
train-04744,L/train-04744.mp4,这/惊讶/突然/。,train
train-04745,L/train-04745.mp4,这/人/相信/困难1/。,train
train-04746,L/train-04746.mp4,厉害/不/。,train
train-04747,L/train-04747.mp4,这/给/人/快乐/多/。,train
train-04748,L/train-04748.mp4,这/不同/肯定/是/。,train
train-04749,L/train-04749.mp4,这/问题/肯定/有/。,train
train-04750,L/train-04750.mp4,船/这/快/。,train
train-04751,L/train-04751.mp4,船/这/人/坐/最2/多/多少/？,train
train-04752,L/train-04752.mp4,船/这/开始/去/上海/几点/？,train
train-04753,L/train-04753.mp4,船/这/决定/第二/天/早上1/走/。,train
train-04754,L/train-04754.mp4,这/花/漂亮/漂亮/你/破/钱/没用1/。,train
train-04755,L/train-04755.mp4,药/苦/苦/。,train
train-04756,L/train-04756.mp4,药/效果/有/？,train
train-04757,L/train-04757.mp4,萝卜/多少钱/？,train
train-04758,L/train-04758.mp4,衣服/这/合适1/。,train
train-04759,L/train-04759.mp4,薯片/这/多少钱/？,train
train-04760,L/train-04760.mp4,这/我/生气/。,train
train-04761,L/train-04761.mp4,钱/纸/这/包括/小/钱/？,train
train-04762,L/train-04762.mp4,这/公交车/去/什么/？,train
train-04763,L/train-04763.mp4,这/房/租/一个月/多少钱/？,train
train-04764,L/train-04764.mp4,这/不行2/。,train
train-04765,L/train-04765.mp4,这/句子/困难1/。,train
train-04766,L/train-04766.mp4,小说/这/模仿/历史/事情2/真1/。,train
train-04767,L/train-04767.mp4,电影/这/表演/在/什么/？,train
train-04768,L/train-04768.mp4,电影/这/主/表演/什么/？,train
train-04769,L/train-04769.mp4,电影/结束/几点/？,train
train-04770,L/train-04770.mp4,电视/故事/结果/怎么/？,train
train-04771,L/train-04771.mp4,这/几点/？,train
train-04772,L/train-04772.mp4,这/人/多/多/。,train
train-04773,L/train-04773.mp4,这/外/饭店/是/？,train
train-04774,L/train-04774.mp4,菜/这/好吃/好吃/什么/？,train
train-04775,L/train-04775.mp4,这/人/坐/有/？,train
train-04776,L/train-04776.mp4,这/修理/家/有/？,train
train-04777,L/train-04777.mp4,停车场1/哪里/？,train
train-04778,L/train-04778.mp4,衣服/东西2/样子/展示/有/。,train
train-04779,L/train-04779.mp4,这/样子/展示/有/。,train
train-04780,L/train-04780.mp4,这/房子/空/租1/有/？,train
train-04781,L/train-04781.mp4,礼物/送/你/。,train
train-04782,L/train-04782.mp4,裁缝/老师/帮助/衣袖/剪/可以/。,train
train-04783,L/train-04783.mp4,广场/水2/水2/土/富裕/。,train
train-04784,L/train-04784.mp4,这/田/繁殖/动物/休息/多/。,train
train-04785,L/train-04785.mp4,钢笔/写/质量/不好/。,train
train-04786,L/train-04786.mp4,钢笔/钱/贵/最2/多/钱/给/20/。,train
train-04787,L/train-04787.mp4,这/附近/菜/家/有/？,train
train-04788,L/train-04788.mp4,这/附近/高尔夫球/广场/有/？,train
train-04789,L/train-04789.mp4,这/重要/重要/。,train
train-04790,L/train-04790.mp4,面包/这/变化/熟/没有2/。,train
train-04791,L/train-04791.mp4,鞋子/旧/破/。,train
train-04792,L/train-04792.mp4,任务/这/困难2/困难2/。,train
train-04793,L/train-04793.mp4,这/新1/协议/主/改变/2/国家/关系/。,train
train-04794,L/train-04794.mp4,这/音乐/听/美/你/感觉/好不好/？,train
train-04795,L/train-04795.mp4,香蕉/好吃/。,train
train-04796,L/train-04796.mp4,再/促进/这/经济/发展/。,train
train-04797,L/train-04797.mp4,进口/榴莲/钱/贵/这/和/中国/榴莲/竞争/不行2/。,train
train-04798,L/train-04798.mp4,来/。,train
train-04799,L/train-04799.mp4,迟到/。,train
train-04800,L/train-04800.mp4,事2/早/晚/会/来/。,train
train-04801,L/train-04801.mp4,追求/生活/条件/更2/好/。,train
train-04802,L/train-04802.mp4,给（我）/一/。,train
train-04803,L/train-04803.mp4,我们/心/意思/送/。,train
train-04804,L/train-04804.mp4,送/吃饭/服务/我/进/可以/？,train
train-04805,L/train-04805.mp4,宏观/经济/这/伤害/穷/人/这/富/人/没关系1/。,train
train-04806,L/train-04806.mp4,宏观/经济/让/人/多/丢失/工作/会/。,train
train-04807,L/train-04807.mp4,道歉/首先/承认/错误/。,train
train-04808,L/train-04808.mp4,下/次/我/挑选/自来水/好/买/。,train
train-04809,L/train-04809.mp4,那/人/在/什么/？,train
train-04810,L/train-04810.mp4,那/农场/主/人/饲养/猪/多少/一百/。,train
train-04811,L/train-04811.mp4,区域/那/我们/司法/权限/管理/范围/不/属于3/。,train
train-04812,L/train-04812.mp4,国家/那/自然/资源/丰富/。,train
train-04813,L/train-04813.mp4,小孩/森林/走/迷茫/。,train
train-04814,L/train-04814.mp4,建筑1/东西2/那/什么/？,train
train-04815,L/train-04815.mp4,房子/那/卖/有/？,train
train-04816,L/train-04816.mp4,那/男孩/对/辽阔/欣赏/。,train
train-04817,L/train-04817.mp4,那/看/好像/更2/好/。,train
train-04818,L/train-04818.mp4,饭馆/那/怎么/？,train
train-04819,L/train-04819.mp4,银行/隔壁/饭店/是/。,train
train-04820,L/train-04820.mp4,修剪/少/少/可以/？,train
train-04821,L/train-04821.mp4,起床/早/没用1/。,train
train-04822,L/train-04822.mp4,样子/走/不对/。,train
train-04823,L/train-04823.mp4,那/事情2/我/惊讶/。,train
train-04824,L/train-04824.mp4,他们/绵羊/是/？,train
train-04825,L/train-04825.mp4,他们/西瓜/是/。,train
train-04826,L/train-04826.mp4,大家/汽车1/属于3/富/人/。,train
train-04827,L/train-04827.mp4,家具/颜色/银1/让/人/感觉/冷/。,train
train-04828,L/train-04828.mp4,那/事2/我/做/不好/。,train
train-04829,L/train-04829.mp4,那/事1/对不起/。,train
train-04830,L/train-04830.mp4,作家/那/写/对/白/不擅长/。,train
train-04831,L/train-04831.mp4,你/问/不/为什么/？,train
train-04832,L/train-04832.mp4,你/休息/休息/。,train
train-04833,L/train-04833.mp4,汽车1/种类/你/喜欢/什么/？,train
train-04834,L/train-04834.mp4,颜色/你/喜欢/什么/？,train
train-04835,L/train-04835.mp4,你/幸亏/。,train
train-04836,L/train-04836.mp4,你/帮助（我）/看/店/。,train
train-04837,L/train-04837.mp4,你/等候/我/多少/分钟/可以/？,train
train-04838,L/train-04838.mp4,这/有/可能2/。,train
train-04839,L/train-04839.mp4,怎么/？,train
train-04840,L/train-04840.mp4,这/不好/不好/。,train
train-04841,L/train-04841.mp4,这/坏/习惯/。,train
train-04842,L/train-04842.mp4,责怪/我/不/。,train
train-04843,L/train-04843.mp4,幸亏/很1/。,train
train-04844,L/train-04844.mp4,称赞2/称赞2/。,train
train-04845,L/train-04845.mp4,她/活/剩/时间/多少/？,train
train-04846,L/train-04846.mp4,不管/不管/。,train
train-04847,L/train-04847.mp4,体温计/看/看/。,train
train-04848,L/train-04848.mp4,饺子/给（我）/碗/一/。,train
train-04849,L/train-04849.mp4,跟/我/一起/。,train
train-04850,L/train-04850.mp4,那/不/重要/。,train
train-04851,L/train-04851.mp4,教堂/在/学校/附/近/。,train
train-04852,L/train-04852.mp4,你/一定/来/我/等/你/。,train
train-04853,L/train-04853.mp4,我们/去/那/那/。,train
train-04854,L/train-04854.mp4,我们/照相/代表/去/完了/哪里/可以/？,train
train-04855,L/train-04855.mp4,我们/另/一天/约会/。,train
train-04856,L/train-04856.mp4,我/去/办公室/。,train
train-04857,L/train-04857.mp4,我/放心/。,train
train-04858,L/train-04858.mp4,我/带1/你/去/。,train
train-04859,L/train-04859.mp4,我/品尝/品尝/。,train
train-04860,L/train-04860.mp4,那/淘汰/。,train
train-04861,L/train-04861.mp4,明天/我们/早/走/。,train
train-04862,L/train-04862.mp4,工作/那/辛苦/辛苦/。,train
train-04863,L/train-04863.mp4,时间/段/这/幼儿园/是/。,train
train-04864,L/train-04864.mp4,垃圾/食品/那/。,train
train-04865,L/train-04865.mp4,胡说2/。,train
train-04866,L/train-04866.mp4,金1/手枪/鱼/这/是/？,train
train-04867,L/train-04867.mp4,样子/看/奇怪/。,train
train-04868,L/train-04868.mp4,那/不行2/不行2/。,train
train-04869,L/train-04869.mp4,书包/那/钱/便宜/值/。,train
train-04870,L/train-04870.mp4,经历/那/惊奇/好/。,train
train-04871,L/train-04871.mp4,那/称赞2/。,train
train-04872,L/train-04872.mp4,电影/不行2/。,train
train-04873,L/train-04873.mp4,那/称赞1/。,train
train-04874,L/train-04874.mp4,谣言/证据1/没有2/。,train
train-04875,L/train-04875.mp4,电视/摄像机/笔记本电脑/一/联系/。,train
train-04876,L/train-04876.mp4,公/房/里/家具/有/？,train
train-04877,L/train-04877.mp4,房/那/总/广场/多少/平/米2/？,train
train-04878,L/train-04878.mp4,工作/那/完了/。,train
train-04879,L/train-04879.mp4,邮局/车站/附近/？,train
train-04880,L/train-04880.mp4,邻居/那/猪/丢/。,train
train-04881,L/train-04881.mp4,地方/偏/玩1/怎么/？,train
train-04882,L/train-04882.mp4,商品/部分/降价/半/。,train
train-04883,L/train-04883.mp4,全部/什么/来/？,train
train-04884,L/train-04884.mp4,全部/书/我/喜欢/。,train
train-04885,L/train-04885.mp4,旅游/道路/线/有/什么/？,train
train-04886,L/train-04886.mp4,昂首/要/。,train
train-04887,L/train-04887.mp4,金融/危机1/经过/快/。,train
train-04888,L/train-04888.mp4,钱/万/可以/不行2/。,train
train-04889,L/train-04889.mp4,我/爱/好/钓鱼/。,train
train-04890,L/train-04890.mp4,银行/下班/是/。,train
train-04891,L/train-04891.mp4,脸/帅/。,train
train-04892,L/train-04892.mp4,日子/快乐/时间/长/这/生活/秘密/是/？,train
train-04893,L/train-04893.mp4,悠久/中国/榴莲/依靠/进口/。,train
train-04894,L/train-04894.mp4,悠久/酒/酒/酒/肾/伤害/会/。,train
train-04895,L/train-04895.mp4,长江/喂/中国/人/多少/亿/万/。,train
train-04896,L/train-04896.mp4,门/票/多少钱/？,train
train-04897,L/train-04897.mp4,门/锁/我们/房/进/不行2/。,train
train-04898,L/train-04898.mp4,会诊/多少钱/？,train
train-04899,L/train-04899.mp4,红/灯/闯/这/违法1/。,train
train-04900,L/train-04900.mp4,闹钟/声音/有/？,train
train-04901,L/train-04901.mp4,大/自然/空气/干净/香/。,train
train-04902,L/train-04902.mp4,队伍/广场/进/。,train
train-04903,L/train-04903.mp4,附近/酒/家/没有2/。,train
train-04904,L/train-04904.mp4,世界1/经营/环境/放/重要/位置2/。,train
train-04905,L/train-04905.mp4,陕西/广播/地质/灾/气象/危险1/准备/警告/橙色/。,train
train-04906,L/train-04906.mp4,经过/她/自己/事实/这/另/人/不知道/。,train
train-04907,L/train-04907.mp4,随便1/少/可以/。,train
train-04908,L/train-04908.mp4,国家/前途/这/你/担忧/不/？,train
train-04909,L/train-04909.mp4,自己/突然/出事/你/怕/不/？,train
train-04910,L/train-04910.mp4,注意2/山/防洪/需要1/。,train
train-04911,L/train-04911.mp4,给/你/家/人/手机/需要1/？,train
train-04912,L/train-04912.mp4,帮助/解决/问题/需要1/。,train
train-04913,L/train-04913.mp4,帮助/看1/火/需要1/？,train
train-04914,L/train-04914.mp4,出租车/需要1/？,train
train-04915,L/train-04915.mp4,脸/表示/羡慕/。,train
train-04916,L/train-04916.mp4,必须/做/？,train
train-04917,L/train-04917.mp4,称赞2/。,train
train-04918,L/train-04918.mp4,称赞1/谢谢/。,train
train-04919,L/train-04919.mp4,谢谢/。,train
train-04920,L/train-04920.mp4,你/关心/谢谢/。,train
train-04921,L/train-04921.mp4,你/等/我/谢谢/。,train
train-04922,L/train-04922.mp4,卖/卖/剩余/少/。,train
train-04923,L/train-04923.mp4,非洲/人/对/中国/人/态度/友谊/好/。,train
train-04924,L/train-04924.mp4,非洲/国家/发展/慢2/。,train
train-04925,L/train-04925.mp4,非洲/气候/经常/高/。,train
train-04926,L/train-04926.mp4,非洲/经济/发展/和/中国/差距/。,train
train-04927,L/train-04927.mp4,新1/机会/挑战/当面/。,train
train-04928,L/train-04928.mp4,面包/在/什么/？,train
train-04929,L/train-04929.mp4,脸/美容/基本/首先/脸/皮肤/干净/。,train
train-04930,L/train-04930.mp4,鞋子/小/小/。,train
train-04931,L/train-04931.mp4,乘机/问/。,train
train-04932,L/train-04932.mp4,来/中国/顺利/。,train
train-04933,L/train-04933.mp4,绳子/衣服/挂/这/风/吹/。,train
train-04934,L/train-04934.mp4,飞行/人/天气/变化/警惕/必须/。,train
train-04935,L/train-04935.mp4,食品/安全/问题/这/伤害/群众/身体/健康/多/。,train
train-04936,L/train-04936.mp4,食品/看/好/。,train
train-04937,L/train-04937.mp4,吃饭/完了/我们/散步/。,train
train-04938,L/train-04938.mp4,饭/多/多/。,train
train-04939,L/train-04939.mp4,原谅/我/爸爸/。,train
train-04940,L/train-04940.mp4,香烟/这/危险1/伤害/东西2/。,train
train-04941,L/train-04941.mp4,来/快/。,train
train-04942,L/train-04942.mp4,到/你/快/。,train
train-04943,L/train-04943.mp4,变化/新1/书/给（你）/快/。,train
train-04944,L/train-04944.mp4,事情1/这/调查/快/快/。,train
train-04945,L/train-04945.mp4,好/说/说/没用2/。,train
train-04946,L/train-04946.mp4,马桶/不行2/。,train
train-04947,L/train-04947.mp4,土豆/种植/地方/欢迎/土豆/挖/季/节/。,train
train-04948,L/train-04948.mp4,家/钱/升/这/变化/社会2/不幸/是/。,train
train-04949,L/train-04949.mp4,学生/多少/千/万/多/进/广场/高/考试1/。,train
train-04950,L/train-04950.mp4,麻烦/等/等/。,train
train-04951,L/train-04951.mp4,麻烦/等/等/。,train
train-04952,L/train-04952.mp4,黄河/根源/青海/。,train
train-04953,L/train-04953.mp4,黄河/根源/地方/人/少/荒地/。,train
train-04954,L/train-04954.mp4,黄河/根源/环境/保护2/应该/。,train
train-04955,L/train-04955.mp4,领结/黑/颜色/这/现代/制服/标准/。,train
train-04956,L/train-04956.mp4,黑龙江/这/中国/粮食/最2/大/运输/地方/。,train
train-04957,L/train-04957.mp4,黑龙江/通过2/农业/经济/发展/再/证明2/自己/价值/。,train
train-04958,L/train-04958.mp4,鼻子/呼吸/不行2/。,train
train-04959,L/train-04959.mp4,龙虾/这/好吃/？,train
train-04960,L/train-04960.mp4,这/事2/传播/不/。,train
train-04961,L/train-04961.mp4,这/协议/假/。,train
train-04962,L/train-04962.mp4,衣服/气场/你/合适/。,train
train-04963,L/train-04963.mp4,工作/人/那/人脉/有/。,train
train-04964,L/train-04964.mp4,银行/隔壁/派出所/。,train
train-04965,L/train-04965.mp4,长江/中国/第一/大/江2/。,train
train-04966,L/train-04966.mp4,这/沙发/鲜艳/。,train
train-04967,L/train-04967.mp4,这/洗衣机/维修/时间/三年/。,train
train-04968,L/train-04968.mp4,这/去污剂/称赞2/。,train
train-04969,L/train-04969.mp4,这/烟/不好吃/。,train
train-04970,L/train-04970.mp4,汤/这/不好喝/。,train
train-04971,L/train-04971.mp4,这/房子/憋闷/。,train
train-04972,L/train-04972.mp4,这/OK/。,train
train-04973,L/train-04973.mp4,队伍/进/广场/整齐/。,train
dev-00001,A/dev-00001.mp4,10/年/鱼/禁止1/区/时间/长/不/。,validation
dev-00002,A/dev-00002.mp4,2/0/2/3/年/高/考试1/学生/一/千/多/万/。,validation
dev-00003,A/dev-00003.mp4,书/看1/多少/分钟/吸引/。,validation
dev-00004,A/dev-00004.mp4,上班2/时间/固定/是/。,validation
dev-00005,A/dev-00005.mp4,上课/时间/还/长/。,validation
dev-00006,A/dev-00006.mp4,上/汽车/票/买/要/。,validation
dev-00007,A/dev-00007.mp4,上/公交车/投入/钱/要/。,validation
dev-00008,A/dev-00008.mp4,上/汽车/安全带1/要/。,validation
dev-00009,A/dev-00009.mp4,下/次/大/雨/在/重庆/。,validation
dev-00010,A/dev-00010.mp4,下午/公交车/人/少/。,validation
dev-00011,A/dev-00011.mp4,雨/你/去/哪/？,validation
dev-00012,A/dev-00012.mp4,不/容易/事情1/多/。,validation
dev-00013,A/dev-00013.mp4,不/清楚/事情1/答应/不/。,validation
dev-00014,A/dev-00014.mp4,利益/没有/事情1/做/不/。,validation
dev-00015,A/dev-00015.mp4,酒/喝/多/不/。,validation
dev-00016,A/dev-00016.mp4,哭/不/。,validation
dev-00017,A/dev-00017.mp4,中国/粮食/出口/国家/不是/。,validation
dev-00018,A/dev-00018.mp4,中国/军队/千/万/。,validation
dev-00019,A/dev-00019.mp4,中国/教育/失败2/。,validation
dev-00020,A/dev-00020.mp4,中国/文化2/属于3/中国人/。,validation
dev-00021,A/dev-00021.mp4,北/方/夏天/比/南2/方/亮/早上1/为什么/？,validation
dev-00022,A/dev-00022.mp4,洗衣机/买/洗/衣服/。,validation
dev-00023,A/dev-00023.mp4,鱼/买/烹饪/。,validation
dev-00024,A/dev-00024.mp4,老/母/鸡/买/烹饪/。,validation
dev-00025,A/dev-00025.mp4,5点/我/开会/要/。,validation
dev-00026,A/dev-00026.mp4,五/百/万/衣服/买/多少/可以/？,validation
dev-00027,A/dev-00027.mp4,人生/时间/长/。,validation
dev-00028,A/dev-00028.mp4,人/够/吃饭/。,validation
dev-00029,A/dev-00029.mp4,最2/重要/东西/什么/？,validation
dev-00030,A/dev-00030.mp4,爱情/什么/？,validation
dev-00031,A/dev-00031.mp4,今天/体育/检查/雨/。,validation
dev-00032,A/dev-00032.mp4,今天/表现1/好/考试/可以/。,validation
dev-00033,A/dev-00033.mp4,今天/阴/变/雨/。,validation
dev-00034,A/dev-00034.mp4,今天/妈妈/护送/我/上学/。,validation
dev-00035,A/dev-00035.mp4,今天/我/想/吃/方便面/。,validation
dev-00036,A/dev-00036.mp4,今天/我/做/家/劳动/。,validation
dev-00037,A/dev-00037.mp4,今天/我/请客/。,validation
dev-00038,A/dev-00038.mp4,今天/我/生日/是/。,validation
dev-00039,A/dev-00039.mp4,今天/星期五/明天/放假/。,validation
dev-00040,A/dev-00040.mp4,今天/温度/20/4/。,validation
dev-00041,A/dev-00041.mp4,今天/作业/写字/什么/？,validation
dev-00042,A/dev-00042.mp4,今天/黑板/我/擦/。,validation
dev-00043,A/dev-00043.mp4,他/给（你）/花/为什么/？,validation
dev-00044,A/dev-00044.mp4,他/烹饪/经历/没有/。,validation
dev-00045,A/dev-00045.mp4,他/魔术2/会/。,validation
dev-00046,A/dev-00046.mp4,他/我/最/信任/朋友/是/。,validation
dev-00047,A/dev-00047.mp4,他/姐姐/有/。,validation
dev-00048,A/dev-00048.mp4,他/样子/可以/笑/。,validation
dev-00049,A/dev-00049.mp4,他/精神/好/。,validation
dev-00050,A/dev-00050.mp4,休息/完了/去/玩1/。,validation
dev-00051,A/dev-00051.mp4,休息/完了/继续/。,validation
dev-00052,A/dev-00052.mp4,一直/高/效果/工作1/不行2/。,validation
dev-00053,A/dev-00053.mp4,你/按钮/电梯/不/。,validation
dev-00054,A/dev-00054.mp4,你/生气/不/可以/？,validation
dev-00055,A/dev-00055.mp4,你/沉迷/短/视频/为什么/？,validation
dev-00056,B/dev-00056.mp4,这里/样子/生活/你/习惯/？,validation
dev-00057,B/dev-00057.mp4,你/今天/喝酒/没有2/是/。,validation
dev-00058,B/dev-00058.mp4,你俩/缘分/有/。,validation
dev-00059,B/dev-00059.mp4,你们/去/做/什么/？,validation
dev-00060,B/dev-00060.mp4,你们/安静/可以/？,validation
dev-00061,B/dev-00061.mp4,你们/吃饭/面包/要/？,validation
dev-00062,B/dev-00062.mp4,你们/啤酒/喝/？,validation
dev-00063,B/dev-00063.mp4,你们/国家/语言/是/什么/？,validation
dev-00064,B/dev-00064.mp4,你们/学校/纪律/有/？,validation
dev-00065,B/dev-00065.mp4,你们/一直/羡慕/我/。,validation
dev-00066,B/dev-00066.mp4,你们/烤串/吃/什么/？,validation
dev-00067,B/dev-00067.mp4,英语/词/你/会/多少/？,validation
dev-00068,B/dev-00068.mp4,你/驾驶/会/？,validation
dev-00069,B/dev-00069.mp4,你/英语/说/会/？,validation
dev-00070,B/dev-00070.mp4,你/刚才/帮助/没有2/为什么/？,validation
dev-00071,B/dev-00071.mp4,你/手术/经历/有/？,validation
dev-00072,B/dev-00072.mp4,你/去/俱乐部/玩1/有/？,validation
dev-00073,B/dev-00073.mp4,你/再/说/1/可以/我/听/清楚/没有2/。,validation
dev-00074,B/dev-00074.mp4,你/参加/我们/可以/？,validation
dev-00075,B/dev-00075.mp4,你/帮助（我）/完成/1/任务/可以/？,validation
dev-00076,B/dev-00076.mp4,你/向/右/走/车站/到/可以/。,validation
dev-00077,B/dev-00077.mp4,你/现在/玩笑/是/？,validation
dev-00078,B/dev-00078.mp4,你/平时/无聊/时候/做/什么/？,validation
dev-00079,B/dev-00079.mp4,你/平时/存款/有/？,validation
dev-00080,B/dev-00080.mp4,你/应该/向/左/拐弯/。,validation
dev-00081,B/dev-00081.mp4,你/应该/学习/会/处理/着急/情况/和/突发/事情/。,validation
dev-00082,B/dev-00082.mp4,你/应该/注意/你/吃/喝/。,validation
dev-00083,B/dev-00083.mp4,你/应该/用/多/时间/练习/发音/。,validation
dev-00084,B/dev-00084.mp4,你/笑/样子/美丽/。,validation
dev-00085,B/dev-00085.mp4,这里/事情/你/必须/做/。,validation
dev-00086,B/dev-00086.mp4,实验室/看1/你/不/去/为什么/？,validation
dev-00087,B/dev-00087.mp4,我/位置1/你/怎么/决定/可以/？,validation
dev-00088,B/dev-00088.mp4,你/怎么/穿/这里/样子/去/？,validation
dev-00089,B/dev-00089.mp4,数学/你/想/学习/？,validation
dev-00090,B/dev-00090.mp4,圣诞节/礼物/你/想/要/什么/？,validation
dev-00091,B/dev-00091.mp4,新/事情/你/愿意/实验1/？,validation
dev-00092,B/dev-00092.mp4,你/昨天/垃圾/倒/没有2/。,validation
dev-00093,B/dev-00093.mp4,你/晚上/去/玩1/？,validation
dev-00094,B/dev-00094.mp4,你/之前/一样/喝酒/不行/？,validation
dev-00095,B/dev-00095.mp4,你/最近/生活/怎么样/？,validation
dev-00096,B/dev-00096.mp4,你/大学/经历/有/？,validation
dev-00097,B/dev-00097.mp4,你/参考/材料2/有/？,validation
dev-00098,B/dev-00098.mp4,你/信用卡/接受/到/有/？,validation
dev-00099,B/dev-00099.mp4,你/朋友/游戏/擅长/。,validation
dev-00100,B/dev-00100.mp4,你/毕业/去/做/兵/？,validation
dev-00101,B/dev-00101.mp4,你/刘海/眼/挡/会/？,validation
dev-00102,B/dev-00102.mp4,你/圣诞节/礼物/什么/？,validation
dev-00103,B/dev-00103.mp4,你/声音/我/熟悉/。,validation
dev-00104,B/dev-00104.mp4,你/家/成员/有/哪些2/？,validation
dev-00105,B/dev-00105.mp4,你/小/目标/是/什么/？,validation
dev-00106,B/dev-00106.mp4,你/想/法1/是/什么/？,validation
dev-00107,B/dev-00107.mp4,你/房/美丽/。,validation
dev-00108,B/dev-00108.mp4,你/房/乱/。,validation
dev-00109,C/dev-00109.mp4,你/手/开始/疼/时间/多少/？,validation
dev-00110,C/dev-00110.mp4,你/电话/号码/多少/？,validation
dev-00111,C/dev-00111.mp4,你/笑/声音/大/很1/。,validation
dev-00112,C/dev-00112.mp4,你/英语/发音/好/真2/。,validation
dev-00113,C/dev-00113.mp4,你/想/要/幸福/真2/？,validation
dev-00114,C/dev-00114.mp4,你/自己/来/真2/？,validation
dev-00115,C/dev-00115.mp4,你/穿/鞋/什么/？,validation
dev-00116,C/dev-00116.mp4,你/再/等我/时间/短/可以/？,validation
dev-00117,C/dev-00117.mp4,你/闭嘴/可以/？,validation
dev-00118,C/dev-00118.mp4,你/告诉（我）/上海/站/在/哪/？,validation
dev-00119,C/dev-00119.mp4,你/帮助/妈妈/时间/短/可以/？,validation
dev-00120,C/dev-00120.mp4,你/帮助（我）/登记/可以/？,validation
dev-00121,C/dev-00121.mp4,你/成功1/我/高兴/很1/。,validation
dev-00122,C/dev-00122.mp4,你/发夹/给我/可以/？,validation
dev-00123,C/dev-00123.mp4,你/水龙头/打开/可以/？,validation
dev-00124,C/dev-00124.mp4,你/给(我)/分享/小/秘密/可以/？,validation
dev-00125,C/dev-00125.mp4,你/送(我)/纪念品/可以/？,validation
dev-00126,C/dev-00126.mp4,你/药/喝/完/可以/？,validation
dev-00127,C/dev-00127.mp4,你/表演/好/很/。,validation
dev-00128,C/dev-00128.mp4,你/如果/乱/看/我/收拾/你/。,validation
dev-00129,C/dev-00129.mp4,你/如果/迟到2/你/工资/降/。,validation
dev-00130,C/dev-00130.mp4,你/见/过/事情/最2/好/笑/什么/？,validation
dev-00131,C/dev-00131.mp4,你/讲话/声音/像/巴黎/。,validation
dev-00132,C/dev-00132.mp4,你/说话/算/？,validation
dev-00133,C/dev-00133.mp4,你/走/教室/错/。,validation
dev-00134,C/dev-00134.mp4,你/还是/坐/公交/。,validation
dev-00135,C/dev-00135.mp4,你/还是/给我/。,validation
dev-00136,C/dev-00136.mp4,你/又/要/上课/时间/多少/？,validation
dev-00137,C/dev-00137.mp4,你/妈妈/说/什么/记得/？,validation
dev-00138,C/dev-00138.mp4,你/做/这样/过分/有/。,validation
dev-00139,C/dev-00139.mp4,你/这样/做/以后/出事/会/。,validation
dev-00140,C/dev-00140.mp4,你/样子/帅/真2/。,validation
dev-00141,C/dev-00141.mp4,你/要/花钱/多/收获/可以/。,validation
dev-00142,C/dev-00142.mp4,你/帮助/要/？,validation
dev-00143,C/dev-00143.mp4,停车/我/下车/要/。,validation
dev-00144,C/dev-00144.mp4,健康/最2/重要/是/。,validation
dev-00145,C/dev-00145.mp4,健康/最2/大/富/是/。,validation
dev-00146,C/dev-00146.mp4,公交/今天/迟到/是/。,validation
dev-00147,C/dev-00147.mp4,公务员/职业/好/是/。,validation
dev-00148,C/dev-00148.mp4,我/赚/不行/真2/。,validation
dev-00149,C/dev-00149.mp4,你/可怜/真2/。,validation
dev-00150,C/dev-00150.mp4,准备/出去/玩/。,validation
dev-00151,C/dev-00151.mp4,创新/创/业/比赛/你/参加/有/？,validation
dev-00152,C/dev-00152.mp4,其他/人/看法/重要/不/。,validation
dev-00153,C/dev-00153.mp4,前/上海/是/到/。,validation
dev-00154,C/dev-00154.mp4,原来/东西/你/是/。,validation
dev-00155,C/dev-00155.mp4,原来/人/你/是/。,validation
dev-00156,C/dev-00156.mp4,找/资料/去/哪/？,validation
dev-00157,C/dev-00157.mp4,叙利亚/讲/英语/？,validation
dev-00158,C/dev-00158.mp4,空/房间/借/给（我）/可以/？,validation
dev-00159,C/dev-00159.mp4,台湾/中国/是/。,validation
dev-00160,C/dev-00160.mp4,吃完/应该/奶茶/喝/。,validation
dev-00161,C/dev-00161.mp4,全部/国/学生/参加/高/考/时间/一样/。,validation
dev-00162,C/dev-00162.mp4,合作/开心/。,validation
dev-00163,D/dev-00163.mp4,这/事/听/完/你/感想/什么/？,validation
dev-00164,D/dev-00164.mp4,和/你/过/一/美好/晚/。,validation
dev-00165,D/dev-00165.mp4,那/男/熟悉/。,validation
dev-00166,D/dev-00166.mp4,因为/人/口/多/所以/消费2/市场/规模/大/。,validation
dev-00167,D/dev-00167.mp4,国家/公园/在哪/？,validation
dev-00168,D/dev-00168.mp4,在/大学/我/感觉/迷茫/很1/。,validation
dev-00169,D/dev-00169.mp4,在/所有/职业/中/建筑1/工人/危险/性/有/。,validation
dev-00170,D/dev-00170.mp4,在/这/明天/高考/。,validation
dev-00171,D/dev-00171.mp4,地图1/找/到/这/可以/？,validation
dev-00172,D/dev-00172.mp4,地图1/没有/这/地方/。,validation
dev-00173,D/dev-00173.mp4,地铁/门/关/快/上车/。,validation
dev-00174,D/dev-00174.mp4,坐/那/学习/很1/好/。,validation
dev-00175,D/dev-00175.mp4,垃圾/食品/以后/吃/不要/。,validation
dev-00176,D/dev-00176.mp4,久/还/没/发现/。,validation
dev-00177,D/dev-00177.mp4,大家/请/坐/不/用/客气/。,validation
dev-00178,D/dev-00178.mp4,大家/都/很1/棒/。,validation
dev-00179,D/dev-00179.mp4,天文/学/难/学/很1/。,validation
dev-00180,D/dev-00180.mp4,太1/自信/不是/好/事/。,validation
dev-00181,D/dev-00181.mp4,女/在/工作/中/男/平衡/。,validation
dev-00182,D/dev-00182.mp4,如何/可以/让/事情/变/更/好/？,validation
dev-00183,D/dev-00183.mp4,妈妈/喜欢/睡觉/之前/给（我）/讲/故事/。,validation
dev-00184,D/dev-00184.mp4,妈妈/安排/我/去/打扫/。,validation
dev-00185,D/dev-00185.mp4,妈妈/我/行李/？,validation
dev-00186,D/dev-00186.mp4,学习/英语/重要/？,validation
dev-00187,D/dev-00187.mp4,宽/地方/。,validation
dev-00188,D/dev-00188.mp4,帮助（我）/给/爸爸/妈妈/问/好/。,validation
dev-00189,D/dev-00189.mp4,肯定/那个/男/我/认识/。,validation
dev-00190,D/dev-00190.mp4,恢复/精神/状态/慢/。,validation
dev-00191,D/dev-00191.mp4,想/去/哪里/玩/。,validation
dev-00192,D/dev-00192.mp4,想/学/开车/。,validation
dev-00193,D/dev-00193.mp4,感冒/好/慢/。,validation
dev-00194,D/dev-00194.mp4,我/一定/可以/成功/。,validation
dev-00195,D/dev-00195.mp4,我/不会/让/你/失望/。,validation
dev-00196,D/dev-00196.mp4,我/不会/足球/。,validation
dev-00197,D/dev-00197.mp4,我/不/同意/你/这样/干/。,validation
dev-00198,D/dev-00198.mp4,我/不/喜欢/吃/甜/食物/。,validation
dev-00199,D/dev-00199.mp4,我/不/喜欢/吃/苹果/。,validation
dev-00200,D/dev-00200.mp4,我/不/喜欢/吃/凤梨/。,validation
dev-00201,D/dev-00201.mp4,我/不/喜欢/吃/咸/食物/。,validation
dev-00202,D/dev-00202.mp4,我/不/喜欢/抽烟/闻/。,validation
dev-00203,D/dev-00203.mp4,我/不信/你/可以/完成/。,validation
dev-00204,D/dev-00204.mp4,我/不知道1/怎么/去/管理/自己/时间/。,validation
dev-00205,D/dev-00205.mp4,我/不能2/喝酒/。,validation
dev-00206,D/dev-00206.mp4,我/不能2/回答/你/问题/。,validation
dev-00207,D/dev-00207.mp4,我/今天/发挥/怎么样/？,validation
dev-00208,D/dev-00208.mp4,我/今天/早上1/和/爸爸/一起/出门/。,validation
dev-00209,E/dev-00209.mp4,我们/一起/拍照/。,validation
dev-00210,E/dev-00210.mp4,我们/上/去/好/。,validation
dev-00211,E/dev-00211.mp4,我们/去/篮球/时间/什么/？,validation
dev-00212,E/dev-00212.mp4,我们/再/新/开始/。,validation
dev-00213,E/dev-00213.mp4,我们/那个/方面/发展/好/一点/。,validation
dev-00214,E/dev-00214.mp4,我们/去/吃饭/。,validation
dev-00215,E/dev-00215.mp4,我们/去/高尔夫球/可以/？,validation
dev-00216,E/dev-00216.mp4,我们/外卖/。,validation
dev-00217,E/dev-00217.mp4,我们/周末/加/课/？,validation
dev-00218,E/dev-00218.mp4,我们/茶/咖啡/喝/哪个/？,validation
dev-00219,E/dev-00219.mp4,我们/国家/要/发展/农业/经济/。,validation
dev-00220,E/dev-00220.mp4,我们/应该/在/学习/中/自己/提升/。,validation
dev-00221,E/dev-00221.mp4,我们/应该/有/自己/兴趣/。,validation
dev-00222,E/dev-00222.mp4,我们/应该/每天/水果/吃/一点/。,validation
dev-00223,E/dev-00223.mp4,我们/应该/重视/粮食/安全/。,validation
dev-00224,E/dev-00224.mp4,我们/打车/。,validation
dev-00225,E/dev-00225.mp4,我们/明天/去/网球/。,validation
dev-00226,E/dev-00226.mp4,我们/晚上/去/吃/点/新鲜/。,validation
dev-00227,E/dev-00227.mp4,我们/有/机会/胜利1/？,validation
dev-00228,E/dev-00228.mp4,我们/以后/再/见/。,validation
dev-00229,E/dev-00229.mp4,我们/来/聊天/家/常常/事/。,validation
dev-00230,E/dev-00230.mp4,我们/拼搏/时间/正好/。,validation
dev-00231,E/dev-00231.mp4,我们/读书/继续/。,validation
dev-00232,E/dev-00232.mp4,我们/英语/老师/漂亮/。,validation
dev-00233,E/dev-00233.mp4,我们/要/关心/别人/心情/。,validation
dev-00234,E/dev-00234.mp4,我们/要/坚定/文化/自信/。,validation
dev-00235,E/dev-00235.mp4,我们/要/坚强/点/。,validation
dev-00236,E/dev-00236.mp4,我们/要/实事求是/。,validation
dev-00237,E/dev-00237.mp4,我们/要/实现/自己/价值/。,validation
dev-00238,E/dev-00238.mp4,我们/要/尽力/学习/专业/技能/。,validation
dev-00239,E/dev-00239.mp4,我们/要/建设/新/时代/强/国/。,validation
dev-00240,E/dev-00240.mp4,我们/要/勇敢/实践/。,validation
dev-00241,E/dev-00241.mp4,我们/要/有/好/习惯/。,validation
dev-00242,E/dev-00242.mp4,我们/还是/旧/规矩/。,validation
dev-00243,E/dev-00243.mp4,我/做饭/会/奇怪/？,validation
dev-00244,E/dev-00244.mp4,我/会/给（你）/满意/答案/。,validation
dev-00245,E/dev-00245.mp4,我/城市/中心/住/。,validation
dev-00246,E/dev-00246.mp4,我/先/做/自己/作业/。,validation
dev-00247,E/dev-00247.mp4,我/准备/下车/。,validation
dev-00248,E/dev-00248.mp4,我/刚/买/自行车/。,validation
dev-00249,E/dev-00249.mp4,我/刚刚/飞机/去/迟/。,validation
dev-00250,E/dev-00250.mp4,我/刚才/说话/影响/你/？,validation
dev-00251,E/dev-00251.mp4,我/本来/这个/意思/没有/。,validation
dev-00252,E/dev-00252.mp4,我/去/找/警察/问/。,validation
dev-00253,E/dev-00253.mp4,我/去/美容院/花钱/。,validation
dev-00254,E/dev-00254.mp4,我/书/看/可以/？,validation
dev-00255,E/dev-00255.mp4,我/同意/你/想法/。,validation
dev-00256,E/dev-00256.mp4,我/周末/常常/去/画画/。,validation
dev-00257,E/dev-00257.mp4,我/卷/心/菜/喜欢/吃/。,validation
dev-00258,E/dev-00258.mp4,我/美丽/吃/喜欢/。,validation
dev-00259,E/dev-00259.mp4,我/菠萝/喜欢/吃/。,validation
dev-00260,F/dev-00260.mp4,夏天/我/喜欢/。,validation
dev-00261,F/dev-00261.mp4,牛奶/我/喜欢/。,validation
dev-00262,F/dev-00262.mp4,苹果/我/喜欢/。,validation
dev-00263,F/dev-00263.mp4,我/想/小孩/时候/。,validation
dev-00264,F/dev-00264.mp4,土地/保护/我/国/重视/。,validation
dev-00265,F/dev-00265.mp4,我/国/粮食/生产/基本/地/黑龙江/是/。,validation
dev-00266,F/dev-00266.mp4,我/国/土地/黑/在/东1/北1/。,validation
dev-00267,F/dev-00267.mp4,我/国/经济/升/继续/。,validation
dev-00268,F/dev-00268.mp4,我/国/重要/农业/生产1/基础/地/东1/北1/是/。,validation
dev-00269,F/dev-00269.mp4,煤/进口/我/国/要/一定/。,validation
dev-00270,F/dev-00270.mp4,我/台北/新/公园/附近/。,validation
dev-00271,F/dev-00271.mp4,我/房间/整理/。,validation
dev-00272,F/dev-00272.mp4,我/看/你/时间/长/。,validation
dev-00273,F/dev-00273.mp4,我/工作/事情/我/处理2/。,validation
dev-00274,F/dev-00274.mp4,我/生活/钱/我/妈妈/给（我）/没有/。,validation
dev-00275,F/dev-00275.mp4,我/学/东西/多/有/。,validation
dev-00276,F/dev-00276.mp4,农村/我/住/。,validation
dev-00277,F/dev-00277.mp4,中国/外/文化/我/兴趣/有/。,validation
dev-00278,F/dev-00278.mp4,我/自信/是/。,validation
dev-00279,F/dev-00279.mp4,我/以前/来/一些/完了/。,validation
dev-00280,F/dev-00280.mp4,我/帮助/签字/好不好/。,validation
dev-00281,F/dev-00281.mp4,公交车/我/几/？,validation
dev-00282,F/dev-00282.mp4,我/开会/时间/叫2/我/不行1/。,validation
dev-00283,F/dev-00283.mp4,我/找/你/开车/好不好/。,validation
dev-00284,F/dev-00284.mp4,我/去/肯定/。,validation
dev-00285,F/dev-00285.mp4,我/健康/担心/不/。,validation
dev-00286,F/dev-00286.mp4,我/用/电子邮件/少/。,validation
dev-00287,F/dev-00287.mp4,我/紧张/怎么办/？,validation
dev-00288,F/dev-00288.mp4,我/出门/着急/事情/有/。,validation
dev-00289,F/dev-00289.mp4,我/去/办公室/找/老师/。,validation
dev-00290,F/dev-00290.mp4,文件1/我/打印/。,validation
dev-00291,F/dev-00291.mp4,今天/晚上/约会/我/忘/。,validation
dev-00292,F/dev-00292.mp4,我/买/书/一/。,validation
dev-00293,F/dev-00293.mp4,我/想/开车/出去/。,validation
dev-00294,F/dev-00294.mp4,新/东西/我/创造/想/。,validation
dev-00295,F/dev-00295.mp4,我/想/等/吃饭/完了/去/书/看/。,validation
dev-00296,F/dev-00296.mp4,我/回/家/创造1/业/想/。,validation
dev-00297,F/dev-00297.mp4,开/宠物/医院/我/想/。,validation
dev-00298,F/dev-00298.mp4,希望/我/投资/人/工作/以后/是/。,validation
dev-00299,F/dev-00299.mp4,希望/我/运动/员/工作/以后/是/。,validation
dev-00300,F/dev-00300.mp4,趣味/故事/我/告诉/你/想/。,validation
dev-00301,F/dev-00301.mp4,我/感觉/就业/压/力/大/现在/。,validation
dev-00302,F/dev-00302.mp4,你/身份/我/知道/。,validation
dev-00303,F/dev-00303.mp4,我/手机/电/没有/关/了/。,validation
dev-00304,F/dev-00304.mp4,我/拍照/照片/怎么/？,validation
dev-00305,F/dev-00305.mp4,我/门/出/早上/七点/必须/。,validation
dev-00306,F/dev-00306.mp4,早上1/我/起床/烹饪/。,validation
dev-00307,F/dev-00307.mp4,我/开朗/男孩/是/。,validation
dev-00308,F/dev-00308.mp4,我/党/员/是/。,validation
dev-00309,F/dev-00309.mp4,我/游泳/不行2/。,validation
dev-00310,G/dev-00310.mp4,我/最2/想/做/职业/是/医生/。,validation
dev-00311,G/dev-00311.mp4,我/最2/擅长/什么/画画/。,validation
dev-00312,G/dev-00312.mp4,我/有/哥哥/一/。,validation
dev-00313,G/dev-00313.mp4,我/有/狗1/一/。,validation
dev-00314,G/dev-00314.mp4,我/有/问题/想/问/你/。,validation
dev-00315,G/dev-00315.mp4,你/电话/号码/我/有/。,validation
dev-00316,G/dev-00316.mp4,我/优点/多/。,validation
dev-00317,G/dev-00317.mp4,我/缺点/多/。,validation
dev-00318,G/dev-00318.mp4,我/有/事情2/你/等/一会儿/。,validation
dev-00319,G/dev-00319.mp4,我/期待/和/你们/再/见面/。,validation
dev-00320,G/dev-00320.mp4,我/妈妈/好像/病/。,validation
dev-00321,G/dev-00321.mp4,房子/内/活动/我/喜欢/。,validation
dev-00322,G/dev-00322.mp4,志愿/服务/我/参加/没有2/。,validation
dev-00323,G/dev-00323.mp4,我/炒/经历1/没有2/。,validation
dev-00324,G/dev-00324.mp4,我/吸烟/上瘾2/没有2/。,validation
dev-00325,G/dev-00325.mp4,咱俩/玩/游戏/要/？,validation
dev-00326,G/dev-00326.mp4,我/现在/在/上海/旅游/。,validation
dev-00327,G/dev-00327.mp4,我/现在/瞌睡/。,validation
dev-00328,G/dev-00328.mp4,我/现在/想/吃/面包/。,validation
dev-00329,G/dev-00329.mp4,我/现在/生活/幸福/。,validation
dev-00330,G/dev-00330.mp4,我/现在/人生/目标/没有2/。,validation
dev-00331,G/dev-00331.mp4,我/同学/医生/技术/都/好/。,validation
dev-00332,G/dev-00332.mp4,我/老家/北京/。,validation
dev-00333,G/dev-00333.mp4,我/自己/故事/你们/听/要/？,validation
dev-00334,G/dev-00334.mp4,我/文化2/成绩/一般/。,validation
dev-00335,G/dev-00335.mp4,我/说/条件/你/同意2/？,validation
dev-00336,G/dev-00336.mp4,妈妈/是/我/榜样/。,validation
dev-00337,G/dev-00337.mp4,我/羽毛球/喜欢/。,validation
dev-00338,G/dev-00338.mp4,我/爸爸/工作/在/工地/。,validation
dev-00339,G/dev-00339.mp4,我们/友谊/悠久/。,validation
dev-00340,G/dev-00340.mp4,我/睡觉/坏/。,validation
dev-00341,G/dev-00341.mp4,这个/项目/我/负责/做/好/。,validation
dev-00342,G/dev-00342.mp4,我/鞋/大/很1/。,validation
dev-00343,G/dev-00343.mp4,我/看/你/智慧/没有2/。,validation
dev-00344,G/dev-00344.mp4,注射/我/害怕/真1/。,validation
dev-00345,G/dev-00345.mp4,姥姥/喜欢/西瓜2/我/买/给/她/。,validation
dev-00346,G/dev-00346.mp4,我/饿/找/吃饭/地方/。,validation
dev-00347,G/dev-00347.mp4,你/全部/心愿/我/满足/可以/。,validation
dev-00348,G/dev-00348.mp4,你/洗衣液/我/借/可以/。,validation
dev-00349,G/dev-00349.mp4,我/带鱼/要/一/。,validation
dev-00350,G/dev-00350.mp4,我/邮局/去/要/。,validation
dev-00351,G/dev-00351.mp4,我/感觉/算了/。,validation
dev-00352,G/dev-00352.mp4,我/在/哪里/等/你/？,validation
dev-00353,G/dev-00353.mp4,他/我/没关系1/。,validation
dev-00354,G/dev-00354.mp4,咱俩/恋爱/永远/不/。,validation
dev-00355,G/dev-00355.mp4,我/准备/去/健身房/。,validation
dev-00356,G/dev-00356.mp4,你/说/什么/我/不懂/。,validation
dev-00357,G/dev-00357.mp4,我/吃饭/没有2/。,validation
dev-00358,G/dev-00358.mp4,我/生活/钱/给（我）/没有2/。,validation
dev-00359,G/dev-00359.mp4,我/他/朋友/帅/是/。,validation
dev-00360,G/dev-00360.mp4,我/现在/一周/时间/有/想/旅游/。,validation
dev-00361,G/dev-00361.mp4,我/穿/这样/可以/？,validation
dev-00362,G/dev-00362.mp4,我/送/你/去/医院/做/身体/检查/。,validation
dev-00363,G/dev-00363.mp4,我/给（你）/书/你/喜欢/？,validation
dev-00364,H/dev-00364.mp4,你/能力/欣赏/。,validation
dev-00365,H/dev-00365.mp4,机会/我/需要1/。,validation
dev-00366,H/dev-00366.mp4,新1/电脑/1/我/需要1/。,validation
dev-00367,H/dev-00367.mp4,房/建设/好/没/。,validation
dev-00368,H/dev-00368.mp4,手机/优点/缺点/有/。,validation
dev-00369,H/dev-00369.mp4,扔/。,validation
dev-00370,H/dev-00370.mp4,早/饭/没有2/。,validation
dev-00371,H/dev-00371.mp4,明天/天气/什么/？,validation
dev-00372,H/dev-00372.mp4,明天/休息/你/舒服/。,validation
dev-00373,I/dev-00373.mp4,明天/温度/20/7/。,validation
dev-00374,I/dev-00374.mp4,明年/毕业/。,validation
dev-00375,I/dev-00375.mp4,晚上/来/我/家/和/吃饭/。,validation
dev-00376,I/dev-00376.mp4,突然/相遇/美/好/。,validation
dev-00377,I/dev-00377.mp4,最近/不/顺利/心/。,validation
dev-00378,I/dev-00378.mp4,最近/米1/价格/稳定/。,validation
dev-00379,I/dev-00379.mp4,高/级别/法国/餐厅/在/哪/？,validation
dev-00380,I/dev-00380.mp4,你们/支持/我/高兴/。,validation
dev-00381,I/dev-00381.mp4,拖拉/不/好/。,validation
dev-00382,J/dev-00382.mp4,旅游/去/想/有/？,validation
dev-00383,J/dev-00383.mp4,楼/下/热闹2/很2/。,validation
dev-00384,J/dev-00384.mp4,电视机/文艺/表演/我/喜欢/更1/。,validation
dev-00385,J/dev-00385.mp4,书/看1/时间/没有/？,validation
dev-00386,J/dev-00386.mp4,法国/人/法1/说/。,validation
dev-00387,J/dev-00387.mp4,海/边/天空/美/很2/。,validation
dev-00388,J/dev-00388.mp4,渔业/枯竭/严重/很2/。,validation
dev-00389,J/dev-00389.mp4,漂亮/姑娘/相信/不/。,validation
dev-00390,J/dev-00390.mp4,漫画/故事/我/爱/最1/。,validation
dev-00391,J/dev-00391.mp4,季节/现在/你/喜欢/是/？,validation
dev-00392,J/dev-00392.mp4,生活/全/心/顺利/好/。,validation
dev-00393,J/dev-00393.mp4,生活/挫折/相遇/怎么/？,validation
dev-00394,J/dev-00394.mp4,出现1/电子/产品/我们/生活/丰富/。,validation
dev-00395,J/dev-00395.mp4,衣服/白/好看/。,validation
dev-00396,J/dev-00396.mp4,看/我/感冒/真2/。,validation
dev-00397,J/dev-00397.mp4,看/我们/和/照片/。,validation
dev-00398,J/dev-00398.mp4,丢脸/是/。,validation
dev-00399,J/dev-00399.mp4,票/价格/多少/？,validation
dev-00400,J/dev-00400.mp4,粮食/东西1/宝贵/最1/。,validation
dev-00401,J/dev-00401.mp4,30/秒钟/你/考虑/。,validation
dev-00402,J/dev-00402.mp4,银行/账户/开门/我/要/。,validation
dev-00403,J/dev-00403.mp4,美国/人/英语/。,validation
dev-00404,J/dev-00404.mp4,一天/美/太阳/应该/。,validation
dev-00405,J/dev-00405.mp4,心情/美/现在/开始/。,validation
dev-00406,J/dev-00406.mp4,老师/难受/很2/。,validation
dev-00407,J/dev-00407.mp4,项目/老师/支持/。,validation
dev-00408,J/dev-00408.mp4,帮助/我/可以/？,validation
dev-00409,J/dev-00409.mp4,帮助/你/可以/。,validation
dev-00410,J/dev-00410.mp4,艺术/家/方向/哪里/？,validation
dev-00411,K/dev-00411.mp4,茶/发源地/是/中国/。,validation
dev-00412,K/dev-00412.mp4,这里/西瓜1/看1/大/圆/好/想/吃/。,validation
dev-00413,K/dev-00413.mp4,西红柿/营养/很2/丰富/。,validation
dev-00414,K/dev-00414.mp4,等/一会儿/雨/我们/防洪/需要/。,validation
dev-00415,K/dev-00415.mp4,见面/你/高兴/。,validation
dev-00416,K/dev-00416.mp4,规则/领导1/人/制定/。,validation
dev-00417,K/dev-00417.mp4,问题/解决/最2/重要/。,validation
dev-00418,K/dev-00418.mp4,警察/在/这里/街道/做/什么/？,validation
dev-00419,K/dev-00419.mp4,每/秒钟/你/珍惜/。,validation
dev-00420,K/dev-00420.mp4,大家/坐/好/等/汽车1/发动2/。,validation
dev-00421,K/dev-00421.mp4,大家/排队/下车/。,validation
dev-00422,K/dev-00422.mp4,卧室/在/哪/？,validation
dev-00423,K/dev-00423.mp4,你/胆量/大/是不是/。,validation
dev-00424,K/dev-00424.mp4,和/你/比较/档次/不一样/。,validation
dev-00425,K/dev-00425.mp4,躺/好/身体/检查/。,validation
dev-00426,K/dev-00426.mp4,汽车1/准备/关/上车/快/。,validation
dev-00427,K/dev-00427.mp4,汽车1/准备/关/下车/快/。,validation
dev-00428,K/dev-00428.mp4,运动/以前/首先/身体/热1/。,validation
dev-00429,K/dev-00429.mp4,担心/你/出事/。,validation
dev-00430,K/dev-00430.mp4,发呆/做/什么/起来/行动/快/。,validation
dev-00431,K/dev-00431.mp4,这里/单/词/看1/第一次/。,validation
dev-00432,K/dev-00432.mp4,等/四分钟/出租车/到/。,validation
dev-00433,K/dev-00433.mp4,等/四分钟/雨/。,validation
dev-00434,K/dev-00434.mp4,关心/这里/你/不行1/。,validation
dev-00435,K/dev-00435.mp4,这里/东西/危险1/很1/。,validation
dev-00436,K/dev-00436.mp4,这里/东西/烫/。,validation
dev-00437,K/dev-00437.mp4,这里/东西2/作用/是/什么/？,validation
dev-00438,K/dev-00438.mp4,这里/事情2/必须/告诉（你）/。,validation
dev-00439,K/dev-00439.mp4,这里/人/自信/。,validation
dev-00440,K/dev-00440.mp4,这里/人/问题/肯定/有/。,validation
dev-00441,K/dev-00441.mp4,这里/任务/解决/我/时间/抓紧/。,validation
dev-00442,K/dev-00442.mp4,这里/任务/我/做/。,validation
dev-00443,K/dev-00443.mp4,这里/任务/感觉/困难1/有/。,validation
dev-00444,K/dev-00444.mp4,这里/房/租/可以/？,validation
dev-00445,K/dev-00445.mp4,这里/吸尘器/钱/多少/？,validation
dev-00446,K/dev-00446.mp4,这里/房/舒服/。,validation
dev-00447,K/dev-00447.mp4,这里/方法/试一试/可以/。,validation
dev-00448,K/dev-00448.mp4,这里/我/单位/同事/。,validation
dev-00449,K/dev-00449.mp4,这里/我/领导2/。,validation
dev-00450,K/dev-00450.mp4,这里/卫生间/是不是/？,validation
dev-00451,K/dev-00451.mp4,这里/池塘/鱼/有/？,validation
dev-00452,K/dev-00452.mp4,乒乓球拍/这里/便宜/。,validation
dev-00453,K/dev-00453.mp4,乒乓球拍/这里/好/。,validation
dev-00454,K/dev-00454.mp4,这里/电视机/好/看1/。,validation
dev-00455,K/dev-00455.mp4,这里/电话/号码/是/谁/？,validation
dev-00456,K/dev-00456.mp4,这里/男/真2/帅/。,validation
dev-00457,K/dev-00457.mp4,这里/纪念品/我/喜欢/。,validation
dev-00458,K/dev-00458.mp4,这里/船/驾驶/速度/多少/？,validation
dev-00459,K/dev-00459.mp4,这里/项目/团/队伍/合作/需要/。,validation
dev-00460,K/dev-00460.mp4,这里/餐厅/菜/好不好/？,validation
dev-00461,K/dev-00461.mp4,按照/这里/做/困难1/很1/。,validation
dev-00462,K/dev-00462.mp4,这里/惊动/。,validation
dev-00463,K/dev-00463.mp4,这里/一些2/事情2/让（他）/决定/。,validation
dev-00464,L/dev-00464.mp4,这/水果/新鲜2/不/。,validation
dev-00465,L/dev-00465.mp4,大家/衣服/穿/不行2/。,validation
dev-00466,L/dev-00466.mp4,这/事2/算了/不行1/。,validation
dev-00467,L/dev-00467.mp4,这/事1/我们/思考/思考/值/。,validation
dev-00468,L/dev-00468.mp4,这/男/谦虚/很1/。,validation
dev-00469,L/dev-00469.mp4,他俩/合适2/。,validation
dev-00470,L/dev-00470.mp4,这/狗2/姓名/什么/？,validation
dev-00471,L/dev-00471.mp4,这/工作/人/眼/熟悉/？,validation
dev-00472,L/dev-00472.mp4,星期六/星期日/我/和/有/。,validation
dev-00473,L/dev-00473.mp4,这/自助餐/钱/便宜/。,validation
dev-00474,L/dev-00474.mp4,这/男/眼/熟悉/。,validation
dev-00475,L/dev-00475.mp4,游戏/你/赢2/。,validation
dev-00476,L/dev-00476.mp4,这/东西2/大家/熟悉/。,validation
dev-00477,L/dev-00477.mp4,这/经验/价值/好/。,validation
dev-00478,L/dev-00478.mp4,这/礼物/钱/5/一百/万/。,validation
dev-00479,L/dev-00479.mp4,这/你/妈妈/？,validation
dev-00480,L/dev-00480.mp4,我/朋友/帅/。,validation
dev-00481,L/dev-00481.mp4,我/女婿/。,validation
dev-00482,L/dev-00482.mp4,这/问题/我/责怪/他/不/。,validation
dev-00483,L/dev-00483.mp4,这/汽车1/人/卖/票/没有2/。,validation
dev-00484,L/dev-00484.mp4,这/违法1/我们/干/不/。,validation
dev-00485,L/dev-00485.mp4,狗2/可爱/可爱/。,validation
dev-00486,L/dev-00486.mp4,这/楼/提前1/钱/首先/支付/需要1/。,validation
dev-00487,L/dev-00487.mp4,这/饭/我/请/。,validation
dev-00488,L/dev-00488.mp4,茶/茶/漂亮/漂亮/。,validation
dev-00489,L/dev-00489.mp4,这/东西2/高兴/值/什么/？,validation
dev-00490,L/dev-00490.mp4,这/事1/答应/他/可以/。,validation
dev-00491,L/dev-00491.mp4,电影/种类/这/你/喜欢/看/？,validation
dev-00492,L/dev-00492.mp4,空调/好像/不行2/？,validation
dev-00493,L/dev-00493.mp4,这/船/人/多/坐/可以/。,validation
dev-00494,L/dev-00494.mp4,药/好吃/？,validation
dev-00495,L/dev-00495.mp4,菜/看/好/。,validation
dev-00496,L/dev-00496.mp4,这/外/人/进/不行1/。,validation
dev-00497,L/dev-00497.mp4,这/里面/什么/？,validation
dev-00498,L/dev-00498.mp4,香蕉/吃/软1/软1/。,validation
dev-00499,L/dev-00499.mp4,鱼/新鲜2/不/。,validation
dev-00500,L/dev-00500.mp4,路/模糊/怎么/？,validation
dev-00501,L/dev-00501.mp4,这/挑选/我/优雅/。,validation
dev-00502,L/dev-00502.mp4,这/人/奇怪2/。,validation
dev-00503,L/dev-00503.mp4,那/坐/有/我们/去/快/快/。,validation
dev-00504,L/dev-00504.mp4,那/方案/好/好/。,validation
dev-00505,L/dev-00505.mp4,那/男/做饭/会/。,validation
dev-00506,L/dev-00506.mp4,那/男/眼/熟悉/。,validation
dev-00507,L/dev-00507.mp4,那/饭店/你/以前/吃/有/？,validation
dev-00508,L/dev-00508.mp4,那/惊讶/奇怪2/。,validation
dev-00509,L/dev-00509.mp4,公交车/久/力/？,validation
dev-00510,L/dev-00510.mp4,现在/下午1/你/中午1/吃/没有2/？,validation
dev-00511,L/dev-00511.mp4,现在/晚上/他/消息/没有2/？,validation
dev-00512,L/dev-00512.mp4,今天/银行/工作/有/？,validation
dev-00513,L/dev-00513.mp4,飞机/上海/是/？,validation
dev-00514,L/dev-00514.mp4,酒/身体/不好/。,validation
dev-00515,L/dev-00515.mp4,高兴/事2/多/多/。,validation
